"xn",".chain",".iteration",".draw","xt3","xt2_5","xt2","xt1_5","xt1"
1.09696919097964,1,1,1,1.3401568766414,1.40023935081415,1.49885408522783,1.68886732731253,2.19035385378723
0.29620139514686,1,2,2,0.324198802312634,0.329981840811688,0.338720379995379,0.353409622261299,0.383125983054855
0.277401533275912,1,3,3,0.303309195838418,0.308646061031867,0.316699975318921,0.330208533576266,0.357412755599305
-0.375925903885838,1,4,4,-0.413575340198655,-0.421453161018861,-0.433430108076139,-0.453773206443073,-0.495806685952291
-0.200083038352745,1,5,5,-0.218000101074978,-0.221655528906455,-0.227146596963951,-0.236284142444673,-0.254387435615498
0.417985405765914,1,6,6,0.461323178005993,0.470460432371643,0.484401950100432,0.508225343649484,0.558052228235107
0.00149480339785461,1,7,7,0.00162246276589211,0.0016482201578161,0.0016867055845613,0.00175015949155303,0.00187345972520171
-1.09223044736718,1,8,8,-1.33296482592374,-1.39236715679234,-1.48980981250326,-1.67738998615751,-2.17157324673943
0.630221073202698,1,9,9,0.710681466816769,0.728410795111438,0.756022811326753,0.804848684927493,0.91410226617226
-0.0710322923259085,1,10,10,-0.0771356052262258,-0.0783688235598805,-0.0802127213696511,-0.083256567819799,-0.0891863146394546
-0.865367446261674,1,11,11,-1.01012397730663,-1.04384185113751,-1.09771006636745,-1.19703625497782,-1.43798961305312
-0.181259035956615,1,12,12,-0.197355349377788,-0.200632948705754,-0.20555187267891,-0.213724231601986,-0.229861302821571
0.651969647062084,1,13,13,0.737204424546401,0.756078256107186,0.785539381360212,0.837830283144802,0.955691957139552
-1.14477555520819,1,14,14,-1.41388620377152,-1.48122047918666,-1.59238282973584,-1.8086110546428,-2.38973421475729
0.258591101401134,1,15,15,0.282469828120208,0.287376067877778,0.294771015182117,0.307148257241348,0.331966402597803
0.998078589787022,1,16,16,1.1941214563568,1.24133033567435,1.31790963541215,1.46266612685976,1.83095686844315
-0.933877611594587,1,17,17,-1.10353252080862,-1.14372816286223,-1.20844747168221,-1.32930927818752,-1.62974188646675
-1.42194253436961,1,18,18,-1.89072869210947,-2.01744077291506,-2.2342435801445,-2.68119853038788,-4.02458386485666
0.514388721311022,1,19,19,0.572657228573792,0.585178570900873,0.604454290822564,0.63788784190501,0.709921938078517
2.44382422891134,1,20,20,5.10578008749914,6.12831644200004,8.20456712555618,13.8744237845521,43.7990004840814
-0.22656793834314,1,21,21,-0.247122862820456,-0.251329099329315,-0.257656692715723,-0.268212377186242,-0.289233202910587
-1.2840505770301,1,22,22,-1.64202875132129,-1.73506370856077,-1.89136860529764,-2.20418838781682,-3.09215037233742
-0.45665064669352,1,23,23,-0.505638810205403,-0.516044000642373,-0.531975229925766,-0.559357666984074,-0.617299305670745
-0.935732933783453,1,24,24,-1.10610744715676,-1.14649238064655,-1.21153032830498,-1.33302942797596,-1.63524743752013
-0.199234311210632,1,25,25,-0.217068357644269,-0.220706517314606,-0.226171406906013,-0.235264706629703,-0.253277521778777
1.48841187979808,1,26,26,2.02010525496611,2.16666132105382,2.41971967397002,2.94923164059712,4.58725748817821
2.18705102892805,1,27,27,3.96080426512394,4.57818839166575,5.77091454666389,8.77004465653483,22.136877162499
1.15050623861158,1,28,28,1.42287165869662,1.49112465986111,1.60388308017785,1.82346720902299,2.41490635519098
-0.264354464397425,1,29,29,-0.288848513927207,-0.293885083812985,-0.301479281203079,-0.314198060427789,-0.339734344045714
0.115411670818373,1,30,30,0.125426938484126,0.127455327124391,0.130491580607007,0.135513517984328,0.145337142793452
1.03907501116006,1,31,31,1.25365593144943,1.30587638651475,1.39099528073949,1.55316503674159,1.97202147832871
2.59136713948592,1,32,32,5.93536482120896,7.29882793608707,10.1543042580444,18.3653749135151,66.5901933230071
-0.223176383321266,1,33,33,-0.243388195354876,-0.247522552907816,-0.253740815920458,-0.264110682297357,-0.28474728230047
0.4486608728038,1,34,34,0.496446273623772,0.506580211819939,0.52208483106272,0.548701452948366,0.604885411541533
-1.02913118627637,1,35,35,-1.23908901562475,-1.29005336800963,-1.37302709443024,-1.53080704876264,-1.93683219867981
-0.0657803806403901,1,36,36,-0.0714275492284244,-0.0725683671884104,-0.0742739401898906,-0.0770889629991272,-0.0825709545794998
0.0463305757107074,1,37,37,0.0502975646208723,0.0510984615408054,0.0522954776536894,0.0542701064478881,0.0581112787917084
0.828783714337706,1,38,38,0.961507906176377,0.992147802657662,1.04089855767405,1.13018874793643,1.34402895686078
0.0876074878048905,1,39,39,0.0951588019350375,0.096685737515235,0.0989696219960573,0.102742136480741,0.110101094052924
1.06517362260963,1,40,40,1.29228695172739,1.34793298593838,1.4389178103784,1.61314267935335,2.06751598956467
0.0369497035012071,1,41,41,0.0401104872391124,0.0407484766300274,0.041701909036704,0.0432744215200333,0.0463321609662003
1.37305000589295,1,42,42,1.79966534559576,1.91336142285361,2.10661904082379,2.50079697645375,3.66133097250792
0.920519289293249,1,43,43,1.08506562278607,1.12392072656944,1.18638591723281,1.30274711508102,1.59061109750251
-0.23074797675549,1,44,44,-0.251728034812317,-0.256023431270562,-0.262486709709304,-0.273273203104695,-0.29477209881255
-1.0590542584524,1,45,45,-1.28317653242374,-1.33800230862655,-1.42758046712963,-1.59890775838526,-2.04470734607665
-0.792457864013995,1,46,46,-0.914041572346678,-0.941864273347852,-0.985954957532665,-1.06617979320948,-1.25589232669896
-0.0801947514011455,1,47,47,-0.0870968147232404,-0.0884919749992292,-0.0905784037849708,-0.0940237462103192,-0.100740318318013
0.237373402158492,1,48,48,0.259032508622365,0.263470543310876,0.270151051575252,0.281307524122945,0.303574628741367
1.13637800072134,1,49,49,1.40077725337771,1.46678484589049,1.57564489499701,1.78704059600424,2.3533560485733
0.777278360269615,1,50,50,0.894433873198767,0.921145890441793,0.963405962236314,1.04009004710809,1.22047819023549
0.0679113735548068,1,51,51,0.0737434845263164,0.0749217592840704,0.0766834008902828,0.0795911613886167,0.0852545628606726
1.34980606727823,1,52,52,1.75751684961051,1.86545602178152,2.04836336332054,2.4195648921008,3.5019338412682
-1.0071813181812,1,53,53,-1.20722255050888,-1.25550660751885,-1.33391362166246,-1.48238296481948,-1.86137969289864
0.889023403824414,1,54,54,1.04201748652833,1.0778627437228,1.13528289606425,1.24162162967182,1.50175543593693
-0.120747722427547,1,55,55,-0.131241790305611,-0.133367900325383,-0.136550972946767,-0.141817297057222,-0.152125358013026
0.669602322437795,1,56,56,0.758863516988994,0.778708577131155,0.809743161232822,0.864995402051569,0.990272919978456
0.965645615081792,1,57,57,1.14796928122403,1.1915137315141,1.26188244066409,1.39408241192895,1.72648347974602
0.886454622853404,1,58,58,1.038536287,1.07414512313136,1.13116995819369,1.23672639536967,1.49471123946557
-0.078654545026377,1,59,59,-0.0854220595825361,-0.0867899277000593,-0.0888354731044305,-0.0922131083062719,-0.0987968806585141
-0.490641403910177,1,60,60,-0.544963643938148,-0.556580246038531,-0.57442263975995,-0.605252988832991,-0.67118175209309
0.491524641085665,1,61,61,0.545990333441217,0.557639700061933,0.575533913989241,0.606458127291254,0.672605945484876
0.433262297962921,1,62,62,0.478781962502517,0.488406894696375,0.503112352510952,0.52829834116278,0.581215539701602
-0.853872365283722,1,63,63,-0.99475737868478,-1.02748100697001,-1.07969332650993,-1.17576318641052,-1.40787478010879
-0.530320304822377,1,64,64,-0.59134330849492,-0.604500252910754,-0.624785793979648,-0.660061750204988,-0.736453312660039
-0.0306721204041032,1,65,65,-0.0332945569767291,-0.0338238192377105,-0.034614719747441,-0.035919032761796,-0.0384547137959525
-0.0541437621935241,1,66,66,-0.0587841345089883,-0.0597211909875602,-0.0611218622478292,-0.0634328796750009,-0.0679302017047753
0.733226173667787,1,67,67,0.838249494739836,0.861946429725527,0.899257239482595,0.966430020239575,1.12206605945197
0.460241498422432,1,68,68,0.509776397290403,0.520305126065271,0.536430814467832,0.56416280483506,0.622908761759573
-0.168839021519345,1,69,69,-0.183756243998165,-0.186790154242299,-0.191340763011987,-0.198893784859535,-0.213777357690918
0.787435056512799,1,70,70,0.907539018696108,0.93498997904781,0.978467536671069,1.05750515128706,1.24408479094463
1.58146549941215,1,71,71,2.2131054933255,2.39217828448246,2.70549349406256,3.37532874422527,5.53589483733871
-0.133116538821155,1,72,72,-0.144728834144947,-0.147083560456143,-0.15061039249403,-0.156449718672424,-0.167896899878703
-2.01061831726615,1,73,73,-3.34065698382814,-3.77499441077158,-4.58816233462324,-6.52993288734784,-14.3261025877348
0.513750435524263,1,74,74,0.571910407291135,0.584406772873458,0.603642858189564,0.637004234801722,0.708868233524976
1.75907835481547,1,75,75,2.6264529287935,2.88656244001087,3.3539361579275,4.39741241573004,8.062000929343
1.87574541634549,1,76,76,2.93631730093903,3.26691038693642,3.87204850297255,5.26465372526928,10.4578588260035
0.757542179550307,1,77,77,0.869132627921092,0.894456442958478,0.934434030034059,1.00672028197496,1.17560867094786
-1.59509208625597,1,78,78,-2.24262656858653,-2.42697687490127,-2.75016358460888,-3.44332809645922,-5.6932150381659
-1.26714882546351,1,79,79,-1.61319551707524,-1.70270839673677,-1.85276973923746,-2.15203554636535,-2.99577496678881
-0.884429579289226,1,80,80,-1.03579506418615,-1.07121846354436,-1.12793333235694,-1.23287669109928,-1.4891790185634
-0.408449264796159,1,81,81,-0.450457228368264,-0.459298482891988,-0.472777176431274,-0.495777511897327,-0.543748077553034
0.798169365394517,1,82,82,0.92145331960381,0.949703877599379,0.994500770343209,1.07609468732276,1.26942792520185
0.924372360100119,1,83,83,1.0903792064726,1.12961697455557,1.19272517667048,1.31036882977812,1.60180707153118
0.643866751517988,1,84,84,0.727298351749723,0.745739004499285,0.774499609413777,0.82547585253254,0.940062589855493
1.58064464962128,1,85,85,2.21133788079626,2.39009721196846,2.70282687331111,3.37128118927212,5.5265810666402
1.08734530293707,1,86,86,1.32557193491743,1.38428015369875,1.4805275257832,1.66562931104769,2.15238913954393
-0.867637818608915,1,87,87,-1.01316905010583,-1.04708630862902,-1.10128691548864,-1.20126775554208,-1.44400369283979
-1.10945505503687,1,88,88,-1.35920555801044,-1.42111277793555,-1.52287617110345,-1.7194391168009,-2.24066145051094
-0.693150709185281,1,89,89,-0.788015001703838,-0.809220440794721,-0.842465260374629,-0.901896277847556,-1.03772643698766
-1.98587414675957,1,90,90,-3.26236842915905,-3.67561694103962,-4.44603756316026,-6.27301165712833,-13.5068407853759
-1.45767249073833,1,91,91,-1.95944387805885,-2.09649880681578,-2.33214627899763,-2.82182482844153,-4.31642724893544
0.301134687071003,1,92,92,0.329691270416832,0.335594149417323,0.344516895265712,0.359524723786255,0.389922690036926
0.228465967455618,1,93,93,0.249213621473087,0.253460264139063,0.259849338701883,0.270509579349659,0.291746858509505
-0.395870440025123,1,94,94,-0.436160899836757,-0.444621262848436,-0.457505374597513,-0.479451147377732,-0.525055046296597
0.0849605839433666,1,95,95,0.0922797369244319,0.0937595363344605,0.0959727794966014,0.0996282136481994,0.106757158653091
0.284365822263106,1,96,96,0.311040163236148,0.316540408131666,0.324844799684999,0.338784701330542,0.366904128652895
1.37101592009037,1,97,97,1.79594817045793,1.90912971612208,2.10146063496135,2.49357568281468,3.6470551785875
-0.269437967255586,1,98,98,-0.294479346070919,-0.299632040006896,-0.307403907047626,-0.320427624941171,-0.346606708495533
1.1189114740837,1,99,99,1.37372894053534,1.43705022238759,1.54125768399255,1.74291807754857,2.27957556409429
-0.658418249093479,1,100,100,-0.745109121265171,-0.764333557668647,-0.794362241846805,-0.847719989412941,-0.96824714616518
-0.195452350369487,1,101,101,-0.212917559272262,-0.216479045406106,-0.221827732408433,-0.230724728670077,-0.248336522472388
-0.593057588894509,1,102,102,-0.665827152540882,-0.681729942106851,-0.706402973963446,-0.749757211902104,-0.84557917715075
2.20691065535651,1,103,103,4.03815435939745,4.68027263962307,5.92534735867253,9.07515132293551,23.2877701727052
0.978387716574042,1,104,104,1.16600456755353,1.2109582486398,1.28371189981377,1.420722613202,1.76681516641996
-1.10389665290057,1,105,105,-1.3507077738324,-1.41179676887136,-1.51214755257415,-1.70576962465767,-2.21811683025498
-1.58252691438239,1,106,106,-2.21539293005476,-2.39487179050681,-2.70894567365635,-3.38057063417375,-5.54796532654184
-0.702089365685828,1,107,107,-0.799150217246521,-0.820891682699601,-0.855009347902918,-0.91609648751781,-1.05613627651614
-1.49525986587238,1,108,108,-2.03382024177577,-2.18257239070719,-2.43966821667496,-2.97846499890781,-4.650247695976
0.949383713296995,1,109,109,1.12512951852906,1.16693091476159,1.23435589156017,1.36063763262893,1.67629845443651
2.02782351532323,1,110,110,3.3962594577423,3.8458589853238,4.69010002769528,6.71590748872819,14.9294546309812
0.92979241934872,1,111,111,1.09787155574316,1.13765308730079,1.20167560990322,1.32114474879874,1.6176806084432
-0.593472384034703,1,112,112,-0.666324653191565,-0.682246968572272,-0.706951336244212,-0.750363670791374,-0.846327159005899
-2.07431982588303,1,113,113,-3.55151255260102,-4.0449552820971,-4.97907319278374,-7.25063783128367,-16.7113778622727
-0.839670707388773,1,114,114,-0.975888197419239,-1.00741802389282,-1.0576456702759,-1.14982380472092,-1.37142405410531
0.535138781210901,1,115,115,0.597012362013552,0.610366238549758,0.630965121956712,0.666814120238738,0.744566897464619
0.960748650314711,1,116,116,1.14107076135527,1.18408385420115,1.25355445827665,1.38394650533394,1.71122149247234
-0.903364899816851,1,117,117,-1.06153479817471,-1.09872482231655,-1.15839625193761,-1.26919857062133,-1.54163721642248
0.372521482633496,1,118,118,0.409729853311878,0.417510766198875,0.429337068176302,0.449414781784519,0.490860205312483
2.11545356075647,1,119,119,3.69523847587293,4.23084789766078,5.25222447565151,7.76602144879477,18.4930547425431
0.989143028663623,1,120,120,1.18132474417688,1.22749840097749,1.30232022146408,1.4435139830856,1.80157129518355
0.207780074142587,1,121,121,0.226454170792466,0.230267253701012,0.235997457824256,0.245539555805222,0.26447165462603
-0.239523771414556,1,122,122,-0.261404670357908,-0.265889354530304,-0.272640950207267,-0.283918618841685,-0.306437871640315
0.400453597927006,1,123,123,0.44136509159347,0.449962997025023,0.463061687366728,0.485387672036671,0.531843297770801
-0.643349385977198,1,124,124,-0.726666845696212,-0.745080115883524,-0.773796465412647,-0.824689734407102,-0.939070139153749
-0.386070896478891,1,125,125,-0.425051376949535,-0.4332223080315,-0.445655363436565,-0.466803293921222,-0.510625717978485
0.167703199026054,1,126,126,0.182513421915082,0.185525255275422,0.190042523323531,0.197539557118474,0.212310124167435
-0.947412783483785,1,127,127,-1.12237466978195,-1.16396895115477,-1.23104460610852,-1.35662552181507,-1.67031167583332
-1.42802261820944,1,128,128,-1.90228930151853,-2.03071016578064,-2.25061833515624,-2.70458482259722,-4.07259584555701
0.12697651096838,1,129,129,0.13803219477352,0.140273054645642,0.143628621018061,0.149182326758952,0.160061111817408
0.589753793356001,1,130,130,0.661867077207475,0.677615018767581,0.702039609244156,0.744933428366902,0.839634673839901
-0.923956257587055,1,131,131,-1.08980487442431,-1.12900116245305,-1.19203964632977,-1.3095441957561,-1.60059447065055
0.0169174503378399,1,132,132,0.018362732391839,0.0186543657146471,0.0190901270309117,0.0198086495436308,0.021205045795139
1.52263837187273,1,133,133,2.08940748462376,2.24724079578086,2.52108304307054,3.09857656532179,4.91233586584283
0.107854892542173,1,134,134,0.11719556807292,0.119086436052203,0.121916190639721,0.12659473172199,0.13573901238278
0.0830562578584689,1,135,135,0.0902086107126635,0.0916545551259503,0.093817068768148,0.0973884464161801,0.104352347617896
0.0517844535936161,1,136,136,0.0562212852808104,0.0571171757805312,0.0584562677379504,0.0606655513069938,0.0649643525864351
0.192174300256918,1,137,137,0.209321231755673,0.212816617527909,0.218065170769223,0.226793136058655,0.244060143478805
1.3655516076763,1,138,138,1.7859899500013,1.89779957402749,2.08766113882937,2.47428471007346,3.60901982735504
-0.628129087033531,1,139,139,-0.708141123092991,-0.725763380780483,-0.753202698727837,-0.801705816075002,-0.910161505347628
1.06378061340699,1,140,140,1.29021019501655,1.34566857304201,1.43633147150158,1.60989283873557,2.06230086473273
-0.618584273503558,1,141,141,-0.696574392666494,-0.713714693589731,-0.740377275041028,-0.787430617070784,-0.892310768231101
-1.91762944104427,1,142,142,-3.05619568666575,-3.41619187856231,-4.0796951215656,-5.62388422598404,-11.5128505320104
0.557030390819228,1,143,143,0.622873783870006,0.637150792816779,0.65922131185877,0.697769903502114,0.781971666874061
0.798224576670457,1,144,144,0.921525058597529,0.949779779468185,0.994583546086002,1.07619079747457,1.26955934119467
1.56601112768485,1,145,145,2.1800275608041,2.35328212316166,2.65574311204377,3.30003352374161,5.36356861548957
0.257829763678362,1,146,146,0.281627613892177,0.286516740667211,0.293885537653736,0.306217989803464,0.330942099533349
0.755307073265801,1,147,147,0.866280712285908,0.891451198379398,0.931177068191557,1.00297949834416,1.17060843307612
-0.703040771354485,1,148,148,-0.800337722222297,-0.822136892515958,-0.856348586376342,-0.917614327977099,-1.05810900508661
-1.00442824986152,1,149,149,-1.2032532287156,-1.25120989112267,-1.32906010395509,-1.47639752219786,-1.85212591857757
-0.102249485793427,1,150,150,-0.111092254990906,-0.112881736815655,-0.115559334730102,-0.11998508493232,-0.128630240941641
-0.677440886489197,1,151,151,-0.768538066259887,-0.78882777082919,-0.820583981068987,-0.87719817090766,-1.00590390829156
0.629929883554678,1,152,152,0.710327756079283,0.728042149677212,0.755630074123895,0.804410913560827,0.913553124093098
-0.202204358817669,1,153,153,-0.220329308919513,-0.224027996792596,-0.229584659373955,-0.238833105487154,-0.257163324619727
-0.390251165406209,1,154,154,-0.429787499778986,-0.438081127850946,-0.450705315959373,-0.47219109680285,-0.516766927308178
-0.860723209199824,1,155,155,-1.0039053834148,-1.0372185090693,-1.09041230176319,-1.18841122705704,-1.42575567007382
1.01410791351844,1,156,156,1.21723613234062,1.26635247487365,1.3461759652687,1.49752811531525,1.88486608768293
0.44950367157079,1,157,157,0.497415058517366,0.507577375926721,0.523126604840064,0.549823238480863,0.606190549188498
-0.940903833365885,1,158,158,-1.11329703859793,-1.15421358939943,-1.22014687229142,-1.34343811828083,-1.65068433349815
-0.00416117409944522,1,159,159,-0.00451655363811855,-0.004588257656144,-0.00469539449343581,-0.00487203994434312,-0.00521529055925251
0.529196635845131,1,160,160,0.590022465014625,0.60313380218043,0.623346807622857,0.658490200509324,0.734567263961848
1.77042548213092,1,161,161,2.65513886558502,2.92143142488819,3.40076052320854,4.474016437179,8.26468444663325
0.939650570763145,1,162,162,1.11155273205656,1.15233988625723,1.21805518191778,1.34090990022038,1.64693034686758
0.867290750334995,1,163,163,1.0127033385335,1.04659005250702,1.10073973205747,1.20062024830406,1.44308290110436
0.197035713176894,1,164,164,0.21465512549887,0.218248657734121,0.223645905428688,0.232624916978801,0.250404177728619
0.0696493838340437,1,165,165,0.0756324727745988,0.0768413321381608,0.0786487602855028,0.081632265700545,0.0874438931920536
-0.360765461417102,1,166,166,-0.396471887316876,-0.403923632315935,-0.415238815664806,-0.434417767390193,-0.473878547398613
-1.52998518715023,1,167,167,-2.10453317370421,-2.26488746944299,-2.54339285303063,-3.13171387813726,-4.98556301388266
-0.528984713672637,1,168,168,-0.589773405852367,-0.602876154949003,-0.623075502884144,-0.658193939645637,-0.734211812776346
-0.000982455193019843,1,169,169,-0.0010663588132419,-0.00108328775215883,-0.00110858213467028,-0.00115028693155562,-0.00123132540690394
-0.13172577779677,1,170,170,-0.143211728177388,-0.145540595609293,-0.149028524604044,-0.15480294666132,-0.166120861973967
0.882079733259226,1,171,171,1.03261758935593,1.06782684409697,1.12418387078342,1.22841980512709,1.48278245570725
0.548891160816719,1,172,172,0.613238145700336,0.62716641623989,0.648680446379048,0.686206629787047,0.767959055698371
-0.895981448581436,1,173,173,-1.05146926395081,-1.08796166765341,-1.14646463812869,-1.25494846703919,-1.52098652886705
-0.977564064080662,1,174,174,-1.16483501590573,-1.20969642889127,-1.28229379403391,-1.41898882842897,-1.76418068417499
0.479955476815885,1,175,175,0.532561956283047,0.543787420177453,0.561011709458925,0.590723958272542,0.65404981767231
0.755358498409547,1,176,176,0.86634629859718,0.891520303721485,0.931251949785571,1.00306547971035,1.17072329585611
-0.461692336692424,1,177,177,-0.511449234985279,-0.522028167755337,-0.538232910426278,-0.566107090453292,-0.625180584222681
0.0574146984923158,1,178,178,0.062337569591675,0.0633317760737009,0.064817947472087,0.0672702483538068,0.0720433925607993
1.27924605335971,1,179,179,1.6337982763987,1.72581974632973,1.88032629878574,2.18923610601682,3.06440442775105
0.270080092164966,1,180,180,0.295190917860271,0.300358359146577,0.30815279889553,0.321215285286344,0.347476200140979
-0.316792358986337,1,181,181,-0.347154851442079,-0.35344606339793,-0.362966628063375,-0.37901098947428,-0.411637344224254
-0.786158951148516,1,182,182,-0.905889258954247,-0.93324644328352,-0.976569400203178,-1.05530786373134,-1.24109910294377
-0.315885884486295,1,183,183,-0.346142505737808,-0.352410897282817,-0.361896292858374,-0.377879567098902,-0.410374143306182
-0.57529082247746,1,184,184,-0.644581959036611,-0.659665905383367,-0.683026495236189,-0.723952384973834,-0.813880866457068
1.50497534449713,1,185,185,2.05340664931548,2.20532560673487,2.46825207110094,3.02048830528855,4.74134637322168
0.228652365257812,1,186,186,0.249418974257519,0.253669592084811,0.260064716027819,0.270735246816115,0.291993838751203
-0.218835140365563,1,187,187,-0.238610109838596,-0.242653054936609,-0.248732348792479,-0.258866228767533,-0.279015711517899
-1.19175845432616,1,188,188,-1.48852673699499,-1.56372445341134,-1.68859217464535,-1.93378640306547,-2.60481221681137
-0.867793503810241,1,189,189,-1.01337798076596,-1.04730894835177,-1.10153241331171,-1.20155828500938,-1.44441690234212
-1.46812525422566,1,190,190,-1.97990781730017,-2.12012918671809,-2.36156878304224,-2.86446124886848,-4.40638653919699
-0.551832649892833,1,191,191,-0.616717606186007,-0.630771145490075,-0.652484995300868,-0.690378079699904,-0.773008515598951
0.292609443838917,1,192,192,0.320202589363955,0.325899106911144,0.334504738330857,0.348964353662292,0.378190414211806
0.517282869888675,1,193,193,0.576045248099409,0.588680308106172,0.60813652803726,0.641898902656175,0.714708536451368
0.0942786487951564,1,194,194,0.102416809741904,0.104062974926912,0.106525602884999,0.110594531638471,0.118536499463072
-1.13815826040951,1,195,195,-1.40355058758307,-1.46983750344762,-1.57918203835398,-1.79159385309487,-2.36101818319663
-0.726287370652055,1,196,196,-0.829493599202431,-0.852742603833886,-0.889320766232222,-0.955093572890922,-1.10712445846683
0.154649572536229,1,197,197,0.168239543156687,0.171000032443159,0.175138022755994,0.181999013997462,0.195489350966508
0.346945115289606,1,198,198,0.3809265930865,0.388001898275651,0.398733678576182,0.416889951513894,0.454105714018125
-0.53558635928785,1,199,199,-0.597539366891535,-0.610911648630374,-0.631539827912327,-0.66744243480044,-0.745322695746102
0.0458012952935558,1,200,200,0.0497227346368505,0.0505144245111415,0.0516976718507349,0.0536495645368044,0.0574464154238603
0.366972277807034,1,201,201,0.403467636588268,0.411092124512741,0.422675423938494,0.442325516048492,0.482825330189521
2.80194447808282,1,202,202,7.41251783780462,9.46681643225231,13.9774339865893,28.0198705378022,125.327011897033
-1.60116995654316,1,203,203,-2.25590296326651,-2.44265273031623,-2.77033563893025,-3.47415616547913,-5.7650622630042
-1.47885544258415,1,204,204,-2.00108951753266,-2.14462995611384,-2.39215207360254,-2.90896147599344,-4.50100227495095
-1.38200582197647,1,205,205,-1.81609813893563,-1.93208463184879,-2.12947123105705,-2.53285398853702,-3.72495254041357
-0.16597774037452,1,206,206,-0.180625675287016,-0.1836040359476,-0.188070761528332,-0.195482944615234,-0.210082346979096
1.12122346765603,1,207,207,1.37729255186634,1.44096382419412,1.54577675047597,1.74870171223618,2.28919840532707
0.139564288113974,1,208,208,0.151764455214871,0.154239598492792,0.157947660443992,0.164089542854917,0.176140130334636
-0.267835986652853,1,209,209,-0.29270441380396,-0.297820393576056,-0.305536073965272,-0.318463317441339,-0.344438872135091
-0.755007128340856,1,210,210,-0.865898198636755,-0.891048167647962,-0.930740360872419,-1.00247807985903,-1.16993864926345
-0.413865610874897,1,211,211,-0.456625897238804,-0.46563449453931,-0.47937476398392,-0.502840038593516,-0.551858249451254
1.40797225358298,1,212,212,1.86436697007621,1.98722995278541,2.19704975616365,2.62828043445159,3.91671920661046
-0.283475973016294,1,213,213,-0.310051871781488,-0.315531118389639,-0.323803303278587,-0.337687701820551,-0.365689198493889
-0.484128124283898,1,214,214,-0.537400244533588,-0.548777289837299,-0.566241004736002,-0.596386024350743,-0.660717938798464
0.764184984922338,1,215,215,0.877624618822728,0.9034087547603,0.944142508166331,1.01788359926998,1.19056597578222
0.766669090943324,1,216,216,0.880806429882842,0.906764495732419,0.947784143350036,1.02207583760494,1.19619675613869
0.545503757095043,1,217,217,0.609235146738962,0.623020220093617,0.644305935349054,0.681413197073035,0.762164450386277
-0.222722750782916,1,218,218,-0.242888792968496,-0.247013567494216,-0.253217258177152,-0.263562368168936,-0.284147822299935
-1.51995780094618,1,219,219,-2.08391099882649,-2.24083349830107,-2.51299249496404,-3.08658313384833,-4.88593024161846
0.591989826135377,1,220,220,0.664546807289964,0.680399420487044,0.704991935679513,0.74819692047821,0.843655416982715
1.23816871601453,1,221,221,1.56452700708976,1.64827509665427,1.78815473059586,2.06544539270317,2.83825995017674
0.220782254526975,1,222,222,0.240752831621236,0.244836694913585,0.25097818436849,0.261217651505784,0.281584967835791
-0.33541461959379,1,223,223,-0.367989407401163,-0.374759014035345,-0.385017924155713,-0.402347840451648,-0.437760189737996
-0.465538842931042,1,224,224,-0.515887393046718,-0.526600242039806,-0.543015939308822,-0.571269786042405,-0.631218861754759
-0.237986901876632,1,225,225,-0.259709215068367,-0.264160540944034,-0.270861300998145,-0.28205229444759,-0.304391194540111
-0.633316572694564,1,226,226,-0.714443862938147,-0.732332581627454,-0.760201777853333,-0.809508572805035,-0.91995230899243
-0.0636341005004737,1,227,227,-0.06909518722743,-0.0701983264776378,-0.0718475050968792,-0.0745692696520372,-0.0798689081380666
-0.349166795136618,1,228,228,-0.383422664470824,-0.390557735156615,-0.401382058620166,-0.419700324618064,-0.457270740084396
1.03052720485299,1,229,229,1.24112910067661,1.29226819946417,1.37554016818851,1.53392982291915,1.94173379185116
0.374008341022773,1,230,230,0.411409001905294,0.419232149974626,0.431124097843401,0.45131742991209,0.493018935267856
-0.426468330948237,1,231,231,-0.47100970229595,-0.48041566841468,-0.494777905259099,-0.519351096095916,-0.570875893378311
-0.170147377366322,1,232,232,-0.185188021369017,-0.188247404403916,-0.192836487868732,-0.20045413459542,-0.215468209285475
0.267916058978352,1,233,233,0.292793120512424,0.297910932754598,0.305629417213561,0.318561474499507,0.344547181130806
-0.0555036975191396,1,234,234,-0.060261477600095,-0.0612222837456468,-0.0626584845197496,-0.0650282077773441,-0.0696401208356756
0.509602480251197,1,235,235,0.567060491765025,0.579395444660167,0.59837547877244,0.631270843548922,0.702037681082251
1.43905121112837,1,236,236,1.92339644807144,2.05496986174707,2.28061556851273,2.74756688077622,4.16138283901111
0.410014464530487,1,237,237,0.45223903189788,0.46112843566806,0.4746823703682,0.497816381501972,0.546087896703401
1.26766968711866,1,238,238,1.61407906538719,1.70369869299964,1.8539490149836,2.15362420975826,2.99869408751783
1.45086133952989,1,239,239,1.94619851160126,2.0812250214754,2.31316762302962,2.79441404703758,4.25895330512
-2.19617919765097,1,240,240,-3.99615047377675,-4.62478683604535,-5.84129881272639,-8.9087568892714,-22.6576509815768
0.160952165792644,1,241,241,0.175129165144673,0.178010471889204,0.18233070616951,0.18949712000302,0.203601403037958
-0.217186559176569,1,242,242,-0.236796318633936,-0.240804722044761,-0.246831525192091,-0.256876329515516,-0.276842190228972
-0.734455170676619,1,243,243,-0.839802933073243,-0.863579948433862,-0.901021813835481,-0.968445245879059,-1.12472781757631
0.0981515193626781,1,244,244,0.106631551299212,0.108347230028807,0.110914109548787,0.115156035397799,0.123438737314862
-1.06510676373975,1,245,245,-1.29218723701406,-1.34782425186561,-1.43879360197775,-1.6129865727713,-2.06726537344528
0.230052106962994,1,246,246,0.250961216749514,0.255241726199433,0.261682343977901,0.272430274862107,0.293849234073336
0.123127436057094,1,247,247,0.133835717641758,0.136005579679653,0.139254409301266,0.144630253870123,0.155155679388766
-0.221679411202167,1,248,248,-0.241740293288895,-0.245843054753782,-0.252013274877435,-0.262301532580982,-0.282769571114855
0.153247531394802,1,249,249,0.166707440932526,0.169441186031299,0.173538851866671,0.180332312044349,0.193687101007295
-0.152536767296965,1,250,250,-0.16593081425047,-0.168651019438223,-0.172728272344522,-0.179487553833438,-0.19277376687343
1.46557609830174,1,251,251,1.97490181181729,2.11434493928927,2.3543599843705,2.853999023215,4.38424909773623
2.26469676553743,1,252,252,4.27299884853908,4.99266215819461,6.4033236018396,10.03663483804,27.0418539219812
0.855766027118244,1,253,253,0.997283014808922,1.03016869253635,1.08265071916264,1.17925038884056,1.41279768969285
1.59034063036973,1,254,254,2.23229463540823,2.41478880043167,2.73450084102846,3.41944324986616,5.63777419355472
-1.10790104950167,1,255,255,-1.35682687883909,-1.41850438246487,-1.51987106605542,-1.71560771669041,-2.23433418999044
1.26824644571602,1,256,256,1.61505780154382,1.70479576456278,1.85525559821911,2.15538472317759,3.00193020143454
2.21088182807254,1,257,257,4.05382240075337,4.70100012638443,5.95681148277115,9.13765147114373,23.5259678403566
-0.668611003299449,1,258,258,-0.757642045885796,-0.777431444949494,-0.808375750609467,-0.863457772273978,-0.988307593866642
-0.356287316041892,1,259,259,-0.391430070685616,-0.398758614599381,-0.409882729311544,-0.42872636746774,-0.467449479561448
-0.387144023978674,1,260,260,-0.426266783116978,-0.43446910393875,-0.446951045711204,-0.468185356243169,-0.512200271465491
1.71787893085482,1,261,261,2.52474401823536,2.763506282717,3.18981010245303,4.13179598546209,7.37320493285158
0.230160310579353,1,262,262,0.251080447802438,0.255363270929347,0.261807410392166,0.272561333858971,0.293992713485683
1.07513991126251,1,263,263,1.30719476607535,1.36419959404294,1.45751742753656,1.63655721222113,2.10522805434483
-0.220060080311667,1,264,264,-0.239958046591691,-0.244026718118361,-0.25014511421882,-0.260345371241465,-0.280631772322225
1.87518819546285,1,265,265,2.9347548630291,3.26497244525433,3.86936842805485,5.26005957360222,10.4445973665937
2.44814509520205,1,266,266,5.12806518692695,6.15927019556259,8.25496803710983,13.9863345259704,44.3272433106074
0.583717456582596,1,267,267,0.654642874215286,0.670110959379133,0.694086837343707,0.736149958547314,0.828833061112416
-1.16093327353244,1,268,268,-1.43930416704374,-1.50925704341204,-1.62497228239974,-1.85078572690638,-2.46144422292257
-0.914837606562046,1,269,269,-1.07724933621133,-1.11554601335671,-1.17707348681777,-1.29156646779599,-1.57423402251432
-0.464000163953523,1,270,270,-0.514111503166899,-0.524770640704855,-0.541101713498975,-0.569203215641886,-0.628800780204901
0.0763855420593585,1,271,271,0.0829550521764805,0.0842827665714577,0.0862681692510563,0.0895462221233959,0.095934759328057
0.936957155319009,1,272,272,1.10780785216222,1.14831810750605,1.21356705896815,1.33548832412938,1.63888981253474
-0.827793338275604,1,273,273,-0.960203351552383,-0.990763360526577,-1.03938164799373,-1.12841315113196,-1.34155995386096
-2.27648654676729,1,274,274,-4.32277792423261,-5.05934181044973,-6.50637562943302,-10.2472404286966,-27.8892847347656
-1.76099432967542,1,275,275,-2.63127577058111,-2.89241984666582,-3.36179213599616,-4.41023937602224,-8.09581471265858
-0.0602026869906542,1,276,276,-0.0653666462828699,-0.0664096395815834,-0.067968809534618,-0.0705417652000413,-0.0755505798809604
-0.196753825204062,1,277,277,-0.214345761967534,-0.217933583311589,-0.223322176360312,-0.232286568848785,-0.250035970632371
-1.00499692361919,1,278,278,-1.20407263474946,-1.2520967658168,-1.33006170451785,-1.47763229054356,-1.85403362129261
-0.25736849624793,1,279,279,-0.281117392085287,-0.285996162358753,-0.293349134970184,-0.305654487261575,-0.330321717411035
-0.927974289812367,1,280,280,-1.09535595863605,-1.13495437086127,-1.1986689052794,-1.31752288025545,-1.61233961750699
-0.355638028167807,1,281,281,-0.390699436711064,-0.398010216035626,-0.409106790803559,-0.427902128319221,-0.466519108013439
0.451426911668773,1,282,282,0.499626574937475,0.509853858287461,0.525505228842042,0.552385123341903,0.609172643429612
1.4337968674489,1,283,283,1.91331815860222,2.04338101972199,2.26627621362778,2.72699788889324,4.11880610150952
0.782378760933686,1,284,284,0.901007619815325,0.928088593210774,0.970956344008888,1.04881447808203,1.2322880278391
-0.39457156436364,1,285,285,-0.434686999424022,-0.443108637158294,-0.455932360521731,-0.477771207148067,-0.523135895876278
-0.377761835752432,1,286,286,-0.415650288511499,-0.423580670220921,-0.435639356131665,-0.456126541843439,-0.498479681813163
0.283900560378271,1,287,287,0.310523412647991,0.316012673966465,0.324300218653768,0.338211085899063,0.366268816038081
1.00938085264535,1,288,288,1.21039816575245,1.25894518029449,1.33779956942162,1.48717890673683,1.86880596228015
1.30962360033733,1,289,289,1.68630446662994,1.78490263255524,1.95110354258963,2.28552421546973,3.24468858122454
-0.216620470024823,1,290,290,-0.236173585232253,-0.240170149350318,-0.24617896376466,-0.256193249131534,-0.276096228539608
0.596351299628486,1,291,291,0.669779499402106,0.685837857048757,0.71076060147319,0.754577956018762,0.851528740293083
1.6684602691596,1,292,292,2.40757163026282,2.62286854758015,3.00441460977767,3.83729722241804,6.63553559086533
2.17977806822411,1,293,293,3.9328901303019,4.54144826223456,5.71555160956489,8.66134332441054,21.73166705503
0.515421320871136,1,294,294,0.573865707465549,0.586427535083372,0.605767507237751,0.639318083893394,0.711628078337133
0.158572857434466,1,295,295,0.172527786114421,0.175363367160104,0.179614612731125,0.186665365786028,0.20053697813241
-2.8432773992534,1,296,296,-7.75176981177913,-9.97830185379661,-14.9149022195162,-30.5376220791218,-142.570690475696
-2.64722000422755,1,297,297,-6.29012818170123,-7.81021708352301,-11.0327105843959,-20.4901005073663,-78.4391894910602
-1.43956050854522,1,298,298,-1.92437548695586,-2.05609615337408,-2.28201012032562,-2.74956949079062,-4.16553673332988
-0.749879978142735,1,299,299,-0.859367130340921,-0.884168543828485,-0.923288835346635,-0.993928272807405,-1.15853447278785
1.49786957876309,1,300,300,2.03906655488869,2.18866342402129,2.44731354789321,2.98968938102579,4.67451674715974
1.61187444931673,1,301,301,2.2794516150424,2.4704969658106,2.80624148983836,3.52921467732156,5.89418936372375
1.29577004403904,1,302,302,1.66222075540016,1.75776956611905,1.91854107543481,2.2410928818318,3.16102553260719
1.15668961608667,1,303,303,1.43260330528085,1.50185992436685,1.61636349554827,1.8396223244883,2.44238802675093
0.590215774873337,1,304,304,0.662420566344091,0.678190089126817,0.702649298032216,0.745607252581852,0.840464520547915
-2.16627754436974,1,305,305,-3.88164978255573,-4.47414594650604,-5.61443691036606,-8.46374506735491,-21.0016384926439
2.34422175738271,1,306,306,4.62185040034318,5.46325812411326,7.13806085649985,11.5627869199065,33.3788770260564
0.606873724044858,1,307,307,0.682435567296625,0.698999002408169,0.724733269619343,0.770058007110502,0.870693434827061
-0.556756344627148,1,308,308,-0.622548954264555,-0.636814113126247,-0.658865712207538,-0.697379512302721,-0.781497790825412
-1.26154585107496,1,309,309,-1.60371099871405,-1.69208268366003,-1.84012472471485,-2.13501950784135,-2.96457429378696
-0.176633471696964,1,310,310,-0.192288682130622,-0.195475027318565,-0.200255964967352,-0.208196113401235,-0.223862463838452
-0.873176353778187,1,311,311,-1.02061149583002,-1.05501937273779,-1.11003833358143,-1.21163234617867,-1.45876796518954
-0.991245630273376,1,312,312,-1.18433026155487,-1.2307457304052,-1.30597786591133,-1.44800275140551,-1.80844383910726
-0.147909311652175,1,313,313,-0.160875721764137,-0.16350806720571,-0.167452899679857,-0.173990569194938,-0.186832584679354
-1.25216417588704,1,314,314,-1.58791106622739,-1.6744007617321,-1.81911669383702,-2.10682538871877,-2.9131428952731
-0.770851669530674,1,315,315,-0.886171434562489,-0.912424575066195,-0.953929470933785,-1.02915639087695,-1.20572405411833
0.445332104966241,1,316,316,0.492621929373729,0.502644312786021,0.517973631351828,0.544275989551099,0.599740451862966
0.374119396057187,1,317,317,0.411534440566799,0.41936074873827,0.431257608922079,0.451459594457541,0.493180273275761
-0.317958530027801,1,318,318,-0.348457468132566,-0.354778100743273,-0.364344013281434,-0.38046716187578,-0.413263560344608
-0.682600347561302,1,319,319,-0.774921758768883,-0.795508559370907,-0.827747369916684,-0.885273692056001,-1.01628144943359
1.0183159313571,1,320,320,1.22333850559607,1.27296652081666,1.35366154330935,1.50678972743681,1.89927889555958
-1.05581778824272,1,321,321,-1.27837124931197,-1.33276746898158,-1.42160949194875,-1.59142210112417,-2.03274905077906
0.341737514764364,1,322,322,0.375080093642669,0.382016410461486,0.392533095370277,0.410313193441828,0.446706807701642
0.591115388233483,1,323,323,0.663498616284207,0.679310230852351,0.703836965644358,0.746920040329193,0.842081773952191
0.903122755617257,1,324,324,1.06120410330657,1.09837106884403,1.15800385760851,1.26872944252947,1.54095593757768
-0.250903554492455,1,325,325,-0.273969925925736,-0.278704458416669,-0.285837148701226,-0.297765566181644,-0.321642914042766
1.46476826530607,1,326,326,1.97331747552424,2.11251479163211,2.35208001695946,2.85069222029756,4.37726061313798
1.36901881887749,1,327,327,1.79230399390621,1.90498239191803,2.09640742102567,2.48650698175682,3.63310098514459
0.475968642220369,1,328,328,0.52794424772681,0.539026240241002,0.556024048524134,0.585327314115938,0.647704090816927
-0.849100923851133,1,329,329,-0.988403627311285,-1.02072195103673,-1.07226001686099,-1.16700636187583,-1.39553633463711
-0.141521894955562,1,330,330,-0.153901253457183,-0.156413134060998,-0.160176509770589,-0.16641080292075,-0.178645964060274
-0.517726362945919,1,331,331,-0.576564674067497,-0.589217227736293,-0.608701221394698,-0.642514211832934,-0.715443308558318
0.0299761948613891,1,332,332,0.0325389998156148,0.0330562209278367,0.0338291232863874,0.0351037417521232,0.0375816412671938
-0.872637636314895,1,333,333,-1.01988671260183,-1.05424660422615,-1.10918549723534,-1.21062158881892,-1.45732605825018
-1.32659446053466,1,334,334,-1.71613091475593,-1.81858244326995,-1.99166166223343,-2.34117881529382,-3.35061845946555
-0.410357650505635,1,335,335,-0.452629797137824,-0.461529780750242,-0.475100250550744,-0.498263645166638,-0.546601340967767
0.37105613493339,1,336,336,0.408075514244193,0.4158149369118,0.427576765138623,0.447540965455126,0.488735139892037
-0.540371645616223,1,337,337,-0.603178323826833,-0.616748590907012,-0.637692024924969,-0.674171862338844,-0.753426316717111
-2.14338535727361,1,338,338,-3.79643901690965,-4.36262818065558,-5.4477623601259,-8.14069752753341,-19.8266139979876
-1.13366907872501,1,339,339,-1.39656310812824,-1.46214764835635,-1.57027416630955,-1.78013226733287,-2.341748077344
0.00696520946748863,1,340,340,0.00756008635530462,0.00768011421247941,0.00785945507823511,0.00815515155892416,0.00872974666076625
0.671758355636512,1,341,341,0.761521686356536,0.781488245948396,0.81271993689633,0.868343949956572,0.994556188056799
0.682333879131683,1,342,342,0.774591754261757,0.795163124074234,0.827376860483145,0.884855766080359,1.01574373612779
1.65879381282833,1,343,343,2.38524028779543,2.59620372080979,2.9695305812273,3.78255632501032,6.50151079559324
-1.11991644265835,1,344,344,-1.37527733656486,-1.43875054358121,-1.54322080135372,-1.74542998203321,-2.28375308744276
-1.32962354131293,1,345,345,-1.72149260265701,-1.82464584307856,-1.99897968111535,-2.35125760388678,-3.36993597593858
-0.180714613778679,1,346,346,-0.196758885444374,-0.200025712923447,-0.204928344681684,-0.213073274860436,-0.229154697840064
-0.525618929441576,1,347,347,-0.585819917417592,-0.598786836638057,-0.618770231208735,-0.653494221443146,-0.72857726051795
0.157356717054643,1,348,348,0.171198355018388,0.174010618661384,0.178226691104982,0.185218495836502,0.198971606115379
1.34157195685929,1,349,349,1.74275621377043,1.84871939318913,2.02808347518646,2.39145212934698,3.44738173510885
-0.18153865461764,1,350,350,-0.197661710051026,-0.200944845152249,-0.20587214229331,-0.214058599043368,-0.230224277216794
0.367680727604948,1,351,351,0.4042667086883,0.411911061852701,0.423525210259375,0.443229556538955,0.483849210574924
0.873865202007486,1,352,352,1.02153853946474,1.05600785757669,1.11112934756111,1.21292561028743,1.4606135446585
0.535919676255764,1,353,353,0.597931880386916,0.611317881199413,0.631967898584268,0.667910470640157,0.745885786183846
1.53340745807331,1,354,354,2.11160973697482,2.2731507917403,2.55385346010519,3.1472841722929,5.02010671604693
1.20971868051442,1,355,355,1.51766218402026,1.59607275781599,1.72656836725266,1.98375164834831,2.69254062628833
0.829235737534348,1,356,356,0.962103523958269,0.992779941157727,1.04159126005709,1.13099974044777,1.34515711761942
-1.09559169988107,1,357,357,-1.33806412971922,-1.3979481977888,-1.49622093601936,-1.68552395809816,-2.18487705130263
-1.44668763084206,1,358,358,-1.93811650801139,-2.07191346986558,-2.30161245881536,-2.77776019119377,-4.2241724814287
-1.12218871903093,1,359,359,-1.37878184761069,-1.4425997401729,-1.54766637485337,-1.75112143921358,-2.2932286973697
-2.83281506877079,1,360,360,-7.66417417478439,-9.8457809406667,-14.6708046704543,-29.8767762504016,-137.97304903926
-1.19745809583004,1,361,361,-1.49773581465943,-1.57394032058567,-1.70056990156305,-1.94951164337987,-2.63230757752558
-1.18111462821478,1,362,362,-1.47142006363021,-1.54476895756397,-1.666405404113,-1.90474050546571,-2.55430416451678
0.685300868751616,1,363,363,0.778268091834682,0.799011811996624,0.831505660243904,0.889514430252474,1.0217417188512
-1.16149566087387,1,364,364,-1.44019354576445,-1.51023915271415,-1.62611582677717,-1.85226983233246,-2.46398168364545
-1.06900522267726,1,365,365,-1.2980080159795,-1.35417307057862,-1.44604862714591,-1.62211046560542,-2.08193111468716
-1.837897369806,1,366,366,-2.83205647399228,-3.13803389576203,-3.69470180928317,-4.96302692519875,-9.59981362904834
-0.142656778382487,1,367,367,-0.155140173851093,-0.157673390918158,-0.161468897073315,-0.167756883905971,-0.180099347852792
-0.868084066771895,1,368,368,-1.01376796038901,-1.04772452651156,-1.10199067508326,-1.20210063990561,-1.4451883738675
0.0741061193815613,1,369,369,0.0804769614571803,0.081764399153793,0.0836894832759721,0.0868676865503924,0.0930605627030488
0.502009400377924,1,370,370,0.558197413994801,0.570240895529595,0.588758955506363,0.620814665738614,0.689609576194912
-1.27175814698508,1,371,371,-1.62102539761053,-1.71148686215213,-1.86322807083264,-2.16613488598316,-3.02171867291025
-0.494961988845306,1,372,372,-0.549988370565882,-0.561765889585275,-0.579862852326078,-0.611154497975009,-0.678160604768704
-0.977151360872288,1,373,373,-1.16424919068669,-1.20906443290944,-1.28158359986166,-1.41812070577148,-1.76286207759724
-1.68013910226539,1,374,374,-2.43480415189708,-2.65544599850852,-3.04714996163764,-3.90465117525005,-6.80178401653773
0.328257074270968,1,375,375,0.359973023001785,0.366556564075376,0.376528060755692,0.393356859271092,0.42768033656485
0.993213031420571,1,376,376,1.18714565585167,1.23378837866447,1.30940624078788,1.45221281174653,1.8148978327881
0.317050708288763,1,377,377,0.347443404777535,0.353741128414716,0.363271729259156,0.379333525549443,0.411997501426368
0.298259822022588,1,378,378,0.326489987020149,0.332322886123951,0.341138049698613,0.355959767844858,0.385959365531882
-0.875353315333899,1,379,379,-1.02354228519474,-1.05814465392162,-1.11348820432827,-1.21572261268138,-1.46460759748753
1.18294112545538,1,380,380,1.47434724045374,1.54801052247563,1.6701960603366,1.90969545955905,2.56289477040873
1.25426724461807,1,381,381,1.59144412991547,1.67835259161651,1.82380819091158,2.11311346150841,2.92458478952849
-0.28072640075041,1,382,382,-0.306999014577102,-0.312413606143647,-0.320586650989028,-0.334300272152147,-0.361939216377984
0.225535076219794,1,383,383,0.245985337389586,0.250169640383142,0.256463866821307,0.266962825645278,0.287866294747379
-1.25912410188025,1,384,384,-1.59962278561501,-1.68750522071037,-1.83468211147084,-2.12770608457824,-2.95120139044516
0.458619966473331,1,385,385,0.507907496249846,0.518380312224881,0.534417976762911,0.56199170169981,0.620373335309911
0.0478721873081723,1,386,386,0.0519718925992921,0.052799618005506,0.0540367566491627,0.0560776435373954,0.0600479971605591
0.214070009552877,1,387,387,0.233368457542833,0.237311816872574,0.243239808140335,0.25311701977749,0.272737767281471
0.0661118857512731,1,388,388,0.0717878123369613,0.0729344541353736,0.0746487443454326,0.077478184248822,0.0829883730496242
-0.404096431313685,1,389,389,-0.445505408380992,-0.45421364423497,-0.467484565575787,-0.490116029150046,-0.53725724162271
1.15489278806902,1,390,390,1.42977147369822,1.49873512519413,1.6127290949393,1.83491430160858,2.43436748049837
-0.280934662938942,1,391,391,-0.307230201506187,-0.312649678254107,-0.320830212497848,-0.334556730852628,-0.36222303895204
-0.615479823063487,1,392,392,-0.692820629004361,-0.709806467391833,-0.736220332919965,-0.782810102183548,-0.886549920256612
-0.665435887914593,1,393,393,-0.753732832108023,-0.773344809894946,-0.804001433634347,-0.858541282840354,-0.98202998059966
-0.490483629894584,1,394,394,-0.544780271344204,-0.556391027727101,-0.574224176588951,-0.605037782064929,-0.670927478817441
1.39741458144812,1,395,395,1.84462823376118,1.96465238989341,2.16933276790499,2.58902871102258,3.83741048734731
-1.4874391016394,1,396,396,-2.01816302284812,-2.16440952040483,-2.41689912646762,-2.94510459088202,-4.57839013788865
-1.86095411018461,1,397,397,-2.89512380969459,-3.21588385680877,-3.8016159500367,-5.14428342438872,-10.112351258012
-0.323144199537697,1,398,398,-0.354253219697052,-0.360705536208833,-0.370474517348715,-0.386950750296793,-0.420510332085021
0.964981794807448,1,399,399,1.14703307887686,1.19050516974978,1.26075153907102,1.39270511584559,1.7244069453399
0.299763129451869,1,400,400,0.328163787393449,0.334033229892149,0.342904567075129,0.357823445722934,0.388030948244429
-0.0057307598971368,1,401,401,-0.00622019701053194,-0.0063189499210319,-0.00646650228404154,-0.00670978509561124,-0.00718252659156068
-0.917452847965154,1,402,402,-1.0808443121402,-1.11939716807688,-1.18135472599701,-1.29670426754519,-1.58175280350067
-1.2948182672226,1,403,403,-1.66057472500733,-1.75591714925688,-1.91632163147414,-2.23807264243571,-3.15536781712131
-1.68523136728725,1,404,404,-2.44676566928965,-2.66977610229991,-3.06598859224911,-3.93444391456985,-6.87579033674411
0.0878328330067741,1,405,405,0.0954039297041456,0.0969348826018633,0.0992247882865728,0.103007283952827,0.110385857197289
1.58852630820748,1,406,406,2.22836026629369,2.41015019009617,2.72854469086758,3.41037236229448,5.61677064027416
-0.0154283863669076,1,407,407,-0.016746378815122,-0.0170123235917746,-0.0174096981808203,-0.0180649176155416,-0.0193382577352801
-2.34942996681294,1,408,408,-4.64580699871219,-5.49585324434344,-7.18958031331977,-11.6718970739507,-33.8489808937525
-0.0384459025738473,1,409,409,-0.0417351233955358,-0.0423990586258708,-0.043391280840126,-0.045027814275875,-0.0482102241066651
0.206185422117147,1,410,410,0.224702054882454,0.228482317790107,0.234162719931037,0.243620510861877,0.262379661226019
0.623328530518123,1,411,411,0.702318798196847,0.719697317953711,0.746743690728336,0.794512993114915,0.901157152633701
-0.887100743730657,1,412,412,-1.03941149147868,-1.07507966833566,-1.13220371292156,-1.23795643417723,-1.49648025365931
-0.2268665000119,1,413,413,-0.247451706953217,-0.251664290763495,-0.258001541023534,-0.268573645189352,-0.289628450906996
0.19091313599954,1,414,414,0.207937961830327,0.211408003852035,0.216618175410522,0.225281381521959,0.242416421785968
-0.363982889752832,1,415,415,-0.400097153977216,-0.407638153804691,-0.419091839377146,-0.438514081807464,-0.478511034878722
-0.933884039913632,1,416,416,-1.10354143813833,-1.14373773472982,-1.20845814520329,-1.32932215460618,-1.62976093198689
1.00519920468505,1,417,417,1.20436416530252,1.25241231523068,1.33041809867326,1.47807170459063,1.85471267478806
1.46091171296282,1,418,418,1.9657676729818,2.10379688172487,2.34122540733562,2.83496313578222,4.34407535807785
0.639098459692327,1,419,419,0.721482555332878,0.739672078320586,0.76802693012981,0.818242786768819,0.930940295762689
1.82052002233061,1,420,420,2.7854229914104,3.08068309579479,3.61636446069652,4.83135227593958,9.23339349009512
-0.260567117484109,1,421,421,-0.28465619670422,-0.289606964590056,-0.297069968518681,-0.309563814813835,-0.334626923989528
-0.437478426659012,1,422,422,-0.483611706796742,-0.493374232571023,-0.508295538636899,-0.533867414909394,-0.587663569532598
0.156734836112703,1,423,423,0.170518598301143,0.173318952552552,0.177517062104153,0.184478767167507,0.198171390302922
-0.107369144368587,1,424,424,-0.116666591037674,-0.118548652720624,-0.121365188388369,-0.12602175990772,-0.135122630409659
-0.610268914539835,1,425,425,-0.686528900351814,-0.703257966728333,-0.729258617846998,-0.775078923695908,-0.876929171445511
0.741433775910888,1,426,426,0.848638770166162,0.872874790586503,0.91106826948599,0.979930506044189,1.13993053850971
0.0946423222558252,1,427,427,0.102812547935019,0.104465231149924,0.106937633114258,0.11102277739391,0.118996668224771
-0.139643951516724,1,428,428,-0.151851404151265,-0.154328040789167,-0.158038351011163,-0.164183988915968,-0.176242074798943
0.622584665045588,1,429,429,0.701417485568305,0.718758480197022,0.745744379838994,0.793400819891929,0.899766678279592
0.802701411615527,1,430,430,0.927347946514716,0.955941943378163,1.00130611052021,1.08400101050481,1.28025201547796
0.344006200793435,1,431,431,0.37762638288675,0.384623061084162,0.395233139362548,0.413176511955571,0.449926726546285
-0.952020118367721,1,432,432,-1.12881899806562,-1.17089882834617,-1.23879357018361,-1.36601827070674,-1.68433859250243
-0.322849732272244,1,433,433,-0.353923961906065,-0.360368763007902,-0.370126150486866,-0.386582213015132,-0.420098147240247
0.962433687357526,1,434,434,1.14344249820911,1.18663779580134,1.25641629241037,1.38742791192624,1.71645839807755
1.12826381122456,1,435,435,1.38817549992327,1.45292299137116,1.55959904867701,1.76641973458388,2.31876869155115
0.66160192806111,1,436,436,0.749018631876616,0.768418103270717,0.798730323601316,0.852621603488759,0.974484382965631
-1.13560401234247,1,437,437,-1.39957247168145,-1.46545894718232,-1.57410896019471,-1.78506428836373,-2.35003316365581
-0.657869279019076,1,438,438,-0.744435460686836,-0.763629845610878,-0.793609862561572,-0.846876070400181,-0.967174244335352
-0.811266492313008,1,439,439,-0.938520981906599,-0.967773674316292,-1.01422683465497,-1.09903835243795,-1.30091374173608
0.98664902434339,1,440,440,1.1777642202963,1.22365246392857,1.2979901474074,1.43820377309273,1.79345268470984
-0.530112958523467,1,441,441,-0.591099544885748,-0.604248064578525,-0.62452020574591,-0.659771670258926,-0.736105116303494
0.67636067372775,1,442,442,0.767203132026044,0.787431081773598,0.819087021489438,0.87551182688042,1.00374020543565
-1.63382139013202,1,443,443,-2.32840612174372,-2.52854289329602,-2.88140097943271,-3.64522686155223,-6.16963396353409
-1.64078719659803,1,444,444,-2.34413675796722,-2.54724099621863,-2.90569986461592,-3.68295202987424,-6.26017807458345
-0.947075403219662,1,445,445,-1.12190338547361,-1.16346230198933,-1.23047832014413,-1.35593962129343,-1.66928890985065
0.276688459233642,1,446,446,0.302518104912633,0.307838364884266,0.315866835957022,0.329331619327813,0.356443128468866
0.967796760182919,1,447,447,1.15100537925859,1.19478502829755,1.26555147461004,1.39855275386308,1.73322919896795
0.540492023350517,1,448,448,0.60332028233943,0.616895558460962,0.637846971233435,0.674341425876734,0.753630714772978
0.268122936019847,1,449,449,0.293022310598292,0.298144858537091,0.305870589770716,0.318815088184154,0.344827033902761
1.36796252848943,1,450,450,1.79037870878056,1.90279179617518,2.09373927034001,2.48277676326666,3.62574518803824
-0.506804168693367,1,451,451,-0.563791898967302,-0.576018835444476,-0.594827607452756,-0.627411525666815,-0.697446187787638
-0.898653221316007,1,452,452,-1.05510728654621,-1.09185082598033,-1.15077428791466,-1.26009202375767,-1.52842995941681
0.692699653493255,1,453,453,0.787454135490137,0.808632817229393,0.841834094561808,0.9011825813881,1.03680335951465
-0.123828860425705,1,454,454,-0.134600364207489,-0.136783142865785,-0.140051388237236,-0.145459578202795,-0.15604923154183
1.42199272179725,1,455,455,1.89082389917183,2.01755000083216,2.23437827490449,2.68139067922988,4.02497749156005
-0.0241757728844109,1,456,456,-0.0262418884692218,-0.0266588310509992,-0.0272818564305614,-0.0283092304116033,-0.0303061599034644
2.24398722761788,1,457,457,4.18711585331573,4.87799896253677,6.22695121369703,9.67887950286972,25.6228053189052
2.24016397421671,1,458,458,4.17147400945212,4.85716736065861,6.19502329209384,9.61448422074029,25.3701472151883
0.486860280822305,1,459,459,0.540571245024471,0.552048338476431,0.569670160629949,0.600101194946283,0.665098992424476
1.34035750812745,1,460,460,1.74058659739705,1.8462610871219,2.02510791074807,2.38733451317092,3.43941817612917
0.45366867549309,1,461,461,0.502205733474579,0.512509104566947,0.528280139489528,0.555374839536289,0.612655349912298
-0.383761821113747,1,462,462,-0.422437125535749,-0.430540766131887,-0.442869049842912,-0.463831929174532,-0.507242298421817
0.314679128597705,1,463,463,0.34479506323565,0.351033140407587,0.36047182509982,0.376373985478783,0.40869366751343
-0.17307803168561,1,464,464,-0.188395795678346,-0.191512403023866,-0.196187940775705,-0.203950863212184,-0.219258553589405
0.866859622770156,1,465,465,1.01212494115854,1.04597374541224,1.10006022107586,1.19981624020454,1.44193981431801
-0.79883498478773,1,466,466,-0.922318312630252,-0.950619092159924,-0.995498915848656,-1.0772537187761,-1.27101299133634
-0.513803115009521,1,467,467,-0.571972039261869,-0.584470464839134,-0.603709818941613,-0.6370771476005,-0.708955172088007
-0.552547171087281,1,468,468,-0.61756328797808,-0.631647386579494,-0.653409995043585,-0.691392645262662,-0.774237579598674
-0.368800179899309,1,469,469,-0.405529598430434,-0.413205403963929,-0.424868401836285,-0.444658678891031,-0.485468221739717
-0.309256786645838,1,470,470,-0.338744146542172,-0.344846927957874,-0.354077240205424,-0.369617851709449,-0.401159182631187
0.210755368771279,1,471,471,0.229724147558035,0.233598689840004,0.239422181937147,0.249122281192355,0.268378830458433
1.00595158748714,1,472,472,1.20544879818285,1.25358637738337,1.33174424841319,1.47970701759047,1.85724058024851
1.00278470406895,1,473,473,1.20088648358505,1.24864861330141,1.32616808998933,1.47283349548441,1.846623349699
-1.16110865153917,1,474,474,-1.43958148183678,-1.50956326425303,-1.62532882439985,-1.85124842064768,-2.46223521501878
0.484114684919703,1,475,475,0.53738465239544,0.548761207128979,0.566224146928874,0.596367764845146,0.66069641787033
0.797288442183572,1,476,476,0.920308927351912,0.948493134561209,0.993180473874581,1.07456189361426,1.26733260464709
0.821434240541212,1,477,477,0.951841120064087,0.981892373424837,1.02966748664552,1.11705374896172,1.32579712804807
-1.08232050835552,1,478,478,-1.31799016385967,-1.37599182048907,-1.47102337627896,-1.65360717590456,-2.13284150373932
0.266837570483842,1,479,479,0.291598426981526,0.296691580937406,0.304372335670695,0.317239629189496,0.343088785934639
1.3078134898291,1,480,480,1.68314431783182,1.78133919990674,1.94682135668056,2.27966837575269,3.23361607193326
0.474156114620372,1,481,481,0.525846550279694,0.536863752337721,0.553759327015558,0.582878102642734,0.64482729093258
1.7615260632647,1,482,482,2.63261572924489,2.89404760123762,3.36397598616164,4.41380690528236,8.10522817808193
1.5798116456251,1,483,483,2.20954533016191,2.38798707222256,2.70012356110869,3.36717929454098,5.51714806080199
-0.236682129276249,1,484,484,-0.258270083577179,-0.262693159207196,-0.269350876400063,-0.280468505470607,-0.302654848660199
1.00081494935926,1,485,485,1.19805282551405,1.24558271208796,1.32270744315532,1.46857111271802,1.84005000937615
1.18108371204746,1,486,486,1.47137054647471,1.54471412910036,1.66634130058191,1.90465673951313,2.55415902665469
-1.12414004917918,1,487,487,-1.38179527419671,-1.44591047357447,-1.55149167577369,-1.75602226498421,-2.30139933889426
-1.12030480961903,1,488,488,-1.3758759650807,-1.43940796847954,-1.5439799414805,-1.74640156584794,-2.28536965863338
0.145740961064285,1,489,489,0.158507670191591,0.161099017418887,0.16498208051926,0.171416439562771,0.184051640868376
0.484152853464614,1,490,490,0.537428935088737,0.548806883108844,0.566272024299607,0.596419623250387,0.660757539255543
-2.18890610932514,1,491,491,-3.96795932248517,-4.58761434234668,-5.78513695732618,-8.79802738425207,-22.2416016701282
-2.1116225098913,1,492,492,-3.68158938000932,-4.21313026518509,-5.22605381240732,-7.71623423302314,-18.3182530717959
-0.274785994228599,1,493,493,-0.30040792681076,-0.305683995067737,-0.313644766584544,-0.326993109835034,-0.35385815530518
0.791666878869978,1,494,494,0.913016600875921,0.940780480930431,0.984774120918543,1.06481095852847,1.25402696757179
-0.0513758553703954,1,495,495,-0.0557774551389649,-0.0566662208766126,-0.0579946556867403,-0.0601863346115966,-0.0644507900670792
1.20809622552602,1,496,496,1.51501609996674,1.59313154789604,1.72310953264849,1.97918789520963,2.68448350494952
0.263052317103422,1,497,497,0.287406863788165,0.292413865507822,0.299962844389203,0.31260407304627,0.337977125503347
0.417751280116348,1,498,498,0.461056111543869,0.470186022340795,0.484116049782591,0.507918986994014,0.557699638714203
1.24175500051651,1,499,499,1.5704980497677,1.6549412360395,1.79604602244747,2.07597233520591,2.85724183994624
0.954532886583248,1,500,500,1.1323402332329,1.17468692518241,1.24303207429421,1.37116140884552,1.69203591666355
1.33896464252259,1,501,501,1.73810057832932,1.84344483077122,2.0217000811622,2.38262099867991,3.43031048642744
-0.597275372552459,1,502,502,-0.67088914299501,-0.686991361476779,-0.711984530678468,-0.755932556517866,-0.853202120481981
-0.600441518161189,1,503,503,-0.674693732047372,-0.690946949533959,-0.716182638767426,-0.760580860110732,-0.858949625476242
-2.11957115237025,1,504,504,-3.70996996204725,-4.24998552058914,-5.28052450438692,-7.8199556834952,-18.6830569106377
0.520183841552937,1,505,505,0.579444135867817,0.592193953360062,0.611832399695696,0.645926964018832,0.719521037347184
0.340239634081726,1,506,506,0.373399543331643,0.380296165631062,0.390751451007261,0.408424257005301,0.444583744459297
0.456138879673803,1,507,507,0.505049436379632,0.515437102975618,0.531340756662074,0.558673648726271,0.616501387284652
0.352414517964299,1,508,508,0.387073484793565,0.394296434181232,0.405256888101943,0.423813604121984,0.461906722155477
1.23164210457326,1,509,509,1.55369725690326,1.63619332295571,1.77386795957432,2.04642108007526,2.80407404370397
0.0684258795490819,1,510,510,0.0743026713678451,0.0754899967856902,0.0772651871823464,0.0801953602087864,0.0859026156171592
0.124634398985313,1,511,511,0.135478555952261,0.137676180197404,0.140966742420048,0.146412115267793,0.157075620367476
-0.368714153653199,1,512,512,-0.405432538988342,-0.413105924792489,-0.424765164231659,-0.444548829020276,-0.485343756695895
0.696608484687843,1,513,513,0.792317858529387,0.813729344156955,0.847309554300777,0.907376550189716,1.04482147260002
0.657543982910785,1,514,514,0.744036342926278,0.763212938659176,0.793164148443114,0.846376177204945,0.966538848513975
0.396845769134601,1,515,515,0.437267938330571,0.445757453883297,0.458687033962159,0.480713336942663,0.526497487033476
-1.10587941395789,1,516,516,-1.35373576735547,-1.41511554383812,-1.51596820553081,-1.71063467418962,-2.22613119452518
-0.880344749417623,1,517,517,-1.03027388510238,-1.06532573904026,-1.12141982012087,-1.22513617070776,-1.47807538806443
0.511655123096842,1,518,518,0.56945977628216,0.58187441058521,0.600980825296281,0.634106146447708,0.705414143142422
0.0672471280039209,1,519,519,0.0730215708899236,0.0741881650416034,0.0759323214051198,0.0788111592689792,0.0844179752781935
-0.414747487243669,1,520,520,-0.457631005419088,-0.466667042492555,-0.480450223502148,-0.503991829029463,-0.55318227864557
-0.379305191937016,1,521,521,-0.417395203695038,-0.425369934171542,-0.437497605481986,-0.458106446940695,-0.500729690970519
0.0114145976659935,1,522,522,0.0123895793571592,0.0125863052819528,0.0128802486946294,0.0133649109111127,0.0143067419640496
-0.142612522689262,1,523,523,-0.155091859014615,-0.157624243512517,-0.161418495836718,-0.167704387172789,-0.180042662604382
1.23112569265771,1,524,524,1.55284238311558,1.63524009400455,1.77274160991212,2.04492310258086,2.80138871271071
0.586933342806823,1,525,525,0.658489804417685,0.67410649356363,0.698320590725475,0.740824585189671,0.834578143539753
-0.597785119863847,1,526,526,-0.671501404669607,-0.68762785864068,-0.712659945271205,-0.756680192939897,-0.85412599791988
-0.16206899039768,1,527,527,-0.176350423031615,-0.179253242106929,-0.183605939495933,-0.190826796393152,-0.205040674832267
-0.0488111252887621,1,528,528,-0.0529916975788026,-0.0538357718078386,-0.0550973616223432,-0.0571786304004643,-0.0612277292014169
-0.353863421788851,1,529,529,-0.388702987218757,-0.39596533929957,-0.406986852288908,-0.425650582387047,-0.463978539031062
1.70867591470784,1,530,530,2.50253375060005,2.73675478790963,3.15436427322336,4.07503093774066,7.22886169781329
-1.46186201668275,1,531,531,-1.96762593537026,-2.10594215607647,-2.34389555069146,-2.83883018947072,-4.3522254816307
0.109733496025266,1,532,532,0.11924150620234,0.121166469462589,0.124047408675938,0.128811031833432,0.138123486900641
-0.259520427842682,1,533,533,-0.283498004442382,-0.288425165693274,-0.295852086942195,-0.308284104492158,-0.333217295045189
-1.64933288358451,1,534,534,-2.36356427499444,-2.57036419522324,-2.93580832964542,-3.7298439350904,-6.37338398592397
-1.1820793088689,1,535,535,-1.47296564857966,-1.54648044195217,-1.66840661899293,-1.90735600192822,-2.55883744428327
-0.00868015288002794,1,536,536,-0.00942152180191488,-0.00957110839565679,-0.00979461558577256,-0.0101631356973541,-0.0108792508928693
-0.498006965299569,1,537,537,-0.553533251295863,-0.565425151056329,-0.583703159622461,-0.615323153005364,-0.683097316079256
0.0822400879122523,1,538,538,0.089321009830292,0.0907524587961496,0.0928932539005065,0.0964286504900924,0.103321926255335
0.000393931343189362,1,539,539,0.000427573827524834,0.000434361751914666,0.00044450393138113,0.000461226120667635,0.000493719748897834
-0.555939154322723,1,540,540,-0.6215804968395,-0.635810364401108,-0.657805621417987,-0.696215827983911,-0.780085582814498
1.2458553607346,1,541,541,1.57734271912137,1.66258688895658,1.80510432623295,2.08807260243929,2.87911816211095
1.02339167499208,1,542,542,1.23071845810789,1.28096980002054,1.36272725933709,1.51802285215699,1.91681098197855
-1.09853620793489,1,543,543,-1.34253967030581,-1.40284854646336,-1.50185362083936,-1.69267776359784,-2.19660175367047
-0.680591668624475,1,544,544,-0.772434965587073,-0.792905680085593,-0.824955880230221,-0.882125598353541,-1.01223279294186
0.245146464071434,1,545,545,0.26761060278836,0.272218102417407,0.27915695318344,0.290754158821512,0.313939390789961
-0.0240214944837867,1,546,546,-0.0260744066463406,-0.0264886838924945,-0.027107725899234,-0.0281285294427994,-0.0301126803302426
-0.179829933188899,1,547,547,-0.195789708837498,-0.199039050129527,-0.203915236644972,-0.21201565144971,-0.228006786953215
0.205097439455799,1,548,548,0.223506827972802,0.227264746410166,0.232911248336063,0.242311668256296,0.260953195993876
-1.39051665925777,1,549,549,-1.83181587760617,-1.95001720192947,-2.15140240152279,-2.56372007328951,-3.78659170119138
-1.05766328756782,1,550,550,-1.28111020804927,-1.33575100908939,-1.42501213024013,-1.59568693949007,-2.03955906435319
-0.948311639076835,1,551,551,-1.1236306829255,-1.1653193105636,-1.23255407853339,-1.35845417494549,-1.67303945884892
-0.0489953819237057,1,552,552,-0.0531918266208304,-0.0540391099111976,-0.0553054992796896,-0.057394694980451,-0.0614592526351182
-0.539229022060883,1,553,553,-0.601831115588876,-0.615353906926431,-0.636221725048507,-0.672563052627179,-0.751487509739994
0.19071325318043,1,554,554,0.207718743860242,0.211184773535504,0.216388869175054,0.225041825318877,0.242155984520623
0.408654949237282,1,555,555,0.450691339975246,0.459538912192548,0.473027477173297,0.496045347665841,0.544055378579321
-0.0239212489220136,1,556,556,-0.0259655820796102,-0.0263781275165993,-0.0269945813224371,-0.028011115735731,-0.0299869638244244
-0.611761630379945,1,557,557,-0.688330070964633,-0.705132373888475,-0.731250851299567,-0.777290475153934,-0.879678890406842
1.01285135999557,1,558,558,1.21541669313814,1.26438113462096,1.34394599577432,1.49477143881342,1.88058355684615
1.92750455943453,1,559,559,3.08517744538082,3.4524561531212,4.1304907901492,5.7127351816997,11.7792072835712
-0.716471365145158,1,560,560,-0.817149176617406,-0.839776540732597,-0.875339108464697,-0.939174841578754,-1.08623433430869
-1.14560619489315,1,561,561,-1.4151866097653,-1.48265337496478,-1.59404580839909,-1.81075751725905,-2.39336524339379
-0.582545102175352,1,562,562,-0.653241486605033,-0.668655674895832,-0.692545180378941,-0.734448530455334,-0.826744054723152
-0.234900506779439,1,563,563,-0.256305407195196,-0.260690011631092,-0.267289125521211,-0.278306903738013,-0.300285758703157
-1.44789282119782,1,564,564,-1.94044757327917,-2.07459853581594,-2.30494332008698,-2.78255804973123,-4.23418184403101
-1.60725344942508,1,565,565,-2.26925983548418,-2.45843986193352,-2.79068174911021,-3.50532612044333,-5.8380372144105
-0.504053913123591,1,566,566,-0.560581993613305,-0.572703451284797,-0.591345051595634,-0.623625156397618,-0.692946431294772
-1.32716387982539,1,567,567,-1.71713794049578,-1.81972105405888,-1.99303549146951,-2.34307007280823,-3.354240213803
-1.06635729670134,1,568,568,-1.29405295481582,-1.34985887930753,-1.44111804980472,-1.61590852886336,-2.07195811782774
-0.117992960060126,1,569,569,-0.128239584071088,-0.130315179575462,-0.133422349168461,-0.138562304608073,-0.148619769031333
1.52192527189886,1,570,570,2.0879441201634,2.24553466490191,2.51892818271946,3.09538096736167,4.90529512449822
0.0566831903467417,1,571,571,0.0615428514713649,0.0625242689292613,0.0639913060040831,0.0664119854877024,0.0711233834606396
0.0470649700906575,1,572,572,0.05109517390278,0.0519088492413035,0.053124975433856,0.055131161643113,0.0590338569712307
-0.135182637920092,1,573,573,-0.146982926221873,-0.149376142523035,-0.152960890117242,-0.158896868019392,-0.170536659809979
0.296190082851042,1,574,574,0.324186213073821,0.329968978121607,0.338707097137064,0.35339561315675,0.383110421969281
-0.222522946248573,1,575,575,-0.242668838018892,-0.246789393964786,-0.252986669990793,-0.26332088316521,-0.283883828126907
-1.13526138689889,1,576,576,-1.39903932972115,-1.46487225193334,-1.57342940299888,-1.78419005825226,-2.34856381040512
0.649578845810126,1,577,577,0.734278538989794,0.753023710930138,0.782276690314858,0.834176721233509,0.951063573004466
0.465920971229833,1,578,578,0.516328543932601,0.527054761597083,0.543491524686085,0.571783303560987,0.63181993829856
-1.3488618386895,1,579,579,-1.75581973186272,-1.8635306534121,-2.04602845924448,-2.41632378721095,-3.49562844265686
1.2280960129383,1,580,580,1.54783295746034,1.62965572354608,1.76614552994228,2.03615621320433,2.78569182932514
0.624545341774093,1,581,581,0.703793668548172,0.721233711932535,0.748379245901968,0.796333655345815,0.903434443340954
-0.782463627972902,1,582,582,-0.901117126171948,-0.928204274785901,-0.97108219996271,-1.04896000237765,-1.23248529502731
0.385548710217654,1,583,583,0.42446006105033,0.432615744700067,0.445025056592692,0.466131041448969,0.509860026897511
2.78476486898114,1,584,584,7.27674441381491,9.26346053234448,13.6082697295111,27.0436976974791,118.843705828391
1.60034590955867,1,585,585,2.25409895117421,2.44052173042264,2.76759162356403,3.46995819854365,5.75525939811477
0.765348911097796,1,586,586,0.879115032574761,0.904980541230455,0.945848037335378,1.0198466657611,1.19320172060141
-0.322606094369931,1,587,587,-0.353651552293003,-0.36009013871058,-0.369837939479714,-0.386277324336926,-0.419757173626885
-0.322796666392478,1,588,588,-0.353864628327379,-0.360308075565115,-0.370063374557211,-0.38651580373184,-0.420023876238114
-0.464155728903645,1,589,589,-0.514291018146336,-0.52495557742858,-0.54129519152473,-0.569412067583623,-0.629045094345434
-0.100250701825509,1,590,590,-0.108916415262762,-0.110669866928436,-0.113293408490293,-0.117629397057157,-0.126097514764829
-1.36098752965165,1,591,591,-1.77770287240574,-1.88837801860479,-2.07619932378057,-2.4582916804144,-3.5775986173807
0.942487176834386,1,592,592,1.11550238678338,1.15658291903552,1.22279250852616,1.3466372475664,1.65543859892305
0.0532056857190387,1,593,593,0.0577651070315515,0.0586857901725525,0.0600619681563506,0.0623325186119157,0.0667508656273615
-1.31207280394453,1,594,594,-1.69058680739338,-1.78973299033845,-1.9569109453859,-2.29347196240096,-3.25973891019505
-2.02626720055511,1,595,595,-3.39118976365893,-3.83938802557266,-4.68077143596587,-6.69883007227546,-14.873693369505
-1.49492035559922,1,596,596,-2.0331385224893,-2.18178109578507,-2.43867535326733,-2.9770081782948,-4.64710118897707
-0.967067002186703,1,597,597,-1.1499750166807,-1.19367475400888,-1.26430605029233,-1.39703500291313,-1.73093792192207
-1.63016193584696,1,598,598,-2.32017964084848,-2.51877346130398,-2.86872225579438,-3.62558481078163,-6.1226795984139
2.28756535704632,1,599,599,4.37015365127899,5.12294999076093,6.60501046525491,10.4498915982124,28.7130355450245
1.10513124443621,1,600,600,1.35259276538383,1.41386267745008,1.51452569952409,1.70879747409413,2.22310349096932
0.0499731943797296,1,601,601,0.0542538880599579,0.0551182055189131,0.0564100722208924,0.0585413478790953,0.0626879756466808
0.254786670452192,1,602,602,0.278262191861766,0.283083155670469,0.290347821083112,0.302501998132302,0.326852151288874
0.397026947740242,1,603,603,0.437473610248667,0.445968548193546,0.458906586141853,0.480947871176786,0.526765564453823
0.0817464455741718,1,604,604,0.0887841805922952,0.0902068664389088,0.092334532317565,0.0958481793470961,0.102698770561598
0.292307929547165,1,605,605,0.31986724983596,0.32555653256126,0.334151053508493,0.348591482155044,0.377776612576257
-1.29005969994305,1,606,606,-1.65236152773521,-1.74667801792172,-1.90525887822054,-2.22303395221633,-3.12725205704006
1.879773785946,1,607,607,2.94763765727877,3.28095736015738,3.89148676683086,5.29800722530457,10.5543133871599
0.294117462382516,1,608,608,0.321880037336975,0.327612804381977,0.336274111339141,0.350829893884719,0.380261190709478
0.852948946481326,1,609,609,0.993526611444203,1.02617146531455,1.07825270254853,1.17406514660021,1.40547958564692
-1.29646451344511,1,610,610,-1.66342248324882,-1.75912213550703,-1.9201619296375,-2.24329921547665,-3.16516094892339
-0.441556054212413,1,611,611,-0.488287600626926,-0.498184463030174,-0.513316637187762,-0.539265869487491,-0.593923125087993
-0.0768064548993744,1,612,612,-0.0834126773055508,-0.08474783577962,-0.0867443876547487,-0.0900408991827953,-0.0964656178727824
-0.83625884907384,1,613,613,-0.971373733601792,-1.0026223369991,-1.05238303428511,-1.14364733289711,-1.36278832037456
1.45681159574609,1,614,614,1.95776586542472,2.09456290371619,2.32973910143237,2.81834417873605,4.30911347225368
-1.87305604402764,1,615,615,-2.92878404463772,-3.25756849272222,-3.85913284360987,-5.24252392142739,-10.3940332312878
-1.29487017419908,1,616,616,-1.66066446617024,-1.75601813587911,-1.91644261497783,-2.23823725093264,-3.15567607644485
0.635920335824766,1,617,617,0.717611800231838,0.735635480323452,0.763722526435436,0.813436953807718,0.924890647160059
1.05391075963369,1,618,618,1.27554405630494,1.32968854127328,1.41809932898795,1.58702516131633,2.02573653581551
-0.319167177482377,1,619,619,-0.34980782111286,-0.356159020384719,-0.365772055526606,-0.381977098431048,-0.414950344703744
-0.749063487721546,1,620,620,-0.858328368485439,-0.883074649494131,-0.922104518255079,-0.992570421359359,-1.15672616006475
-2.14943807179172,1,621,621,-3.81876681607452,-4.39180016640817,-5.49125728818596,-8.22467597782568,-20.1298445562014
0.680228490804634,1,622,622,0.771985546747996,0.792435329767578,0.824451527180111,0.881556973452385,1.01150193490751
-0.375640948936452,1,623,623,-0.413253360541099,-0.421123042323373,-0.433087334153503,-0.453408129929747,-0.495392154737558
0.627436403285407,1,624,624,0.707300396972208,0.72488731685053,0.752269648186861,0.800666296049889,0.908858929753672
-0.485491844175305,1,625,625,-0.538982709840529,-0.550409613741723,-0.567952112910367,-0.598239629863621,-0.662903200523735
-2.45229230102128,1,626,626,-5.14956102864102,-6.18915428183212,-8.30368964448154,-14.0947377900776,-44.8409581571985
-0.828634028439481,1,627,627,-0.961310696874847,-0.991938507776072,-1.04066922159642,-1.12992027108277,-1.34365554579929
-0.922777724585634,1,628,628,-1.08817885031687,-1.12725785805387,-1.19009924370324,-1.30721060849465,-1.59716463885235
-1.360223281076,1,629,629,-1.77631791689664,-1.88680410583605,-2.07428573932915,-2.45562425059542,-3.57236783884473
-0.971321836250863,1,630,630,-1.15598819751735,-1.20015563566317,-1.27157812910592,-1.40590198596348,-1.74433852885556
-0.0920375468860812,1,631,631,-0.0999782818031403,-0.101584322736474,-0.103986788756416,-0.107955922447681,-0.115701494017659
0.0663591410786441,1,632,632,0.0720565199438799,0.0732075062244035,0.0749282994206413,0.0777684946775802,0.0832997201757093
-0.0819406942070693,1,633,633,-0.0889954218236077,-0.0904215555943441,-0.0925543872287307,-0.0960765915816716,-0.102943976362544
-0.786507432223275,1,634,634,-0.90633968629907,-0.933722452342483,-0.97708758097941,-1.05590763807658,-1.24191387318018
-1.00662668359449,1,635,635,-1.20642240059509,-1.25464034530103,-1.33293490392425,-1.48117557730656,-1.85951173006763
-1.40578259454038,1,636,636,-1.86026027652054,-1.98252958163578,-2.19127382750823,-2.62008786384417,-3.90011665248863
0.273209621255914,1,637,637,0.298659919752898,0.303899492237264,0.311804368090996,0.325056613458907,0.351718417692942
-0.803063603796112,1,638,638,-0.92781954980939,-0.95644114501501,-1.00185091316637,-1.08463436474192,-1.28112027833458
-1.7058277361302,1,639,639,-2.49569681443241,-2.72852868329553,-3.14348161267026,-4.05764605041654,-7.18485923408894
1.16243525709694,1,640,640,1.4416801636281,1.51188093900076,1.62802777783707,1.85475182387346,2.46822741430437
-1.50234295315945,1,641,641,-2.04808476695869,-2.19913970572612,-2.46047437432123,-3.00903795901861,-4.71646010892877
-1.3226073791525,1,642,642,-1.70909117296926,-1.81062554757021,-1.98206589769287,-2.32798004084523,-3.32538308149394
0.664630670199334,1,643,643,0.752742184158815,0.772309374249801,0.802893396522746,0.85729647936926,0.980442102878508
1.33094176052739,1,644,644,1.72382957904796,1.82728953173034,2.00217194963561,2.35565769837359,3.37838227118141
0.678275971671937,1,645,645,0.76957044655814,0.789907997921688,0.821741906722078,0.878502879537087,1.00757873902195
0.342661121534376,1,646,646,0.376116579824122,0.383077435408346,0.393632083783294,0.411478540393817,0.44801703997475
1.35904326466586,1,647,647,1.77418103449142,1.88437603577721,2.07133431205736,2.45151161628475,3.56430857842803
1.28829040810795,1,648,648,1.64931471288292,1.74325225727656,1.90115989029205,2.21746839907467,3.11687046852495
0.392829505908921,1,649,649,0.432710869960745,0.441080744321416,0.45382376594746,0.4755197712416,0.520565122075779
0.165342243393713,1,650,650,0.17993048450302,0.18289653654289,0.187344679102904,0.194725672173197,0.209262186002002
-1.69716572940648,1,651,651,-2.47500981432983,-2.70366352224091,-3.11063511391565,-4.00529805147905,-7.05294355477515
0.286492957430758,1,652,652,0.313403196829497,0.318953784393317,0.327335407329816,0.341408453534074,0.369810980410572
-0.0358465880026831,1,653,653,-0.0389127107796817,-0.0395315790861716,-0.0404564260339632,-0.0419817626582488,-0.0449476481369889
0.554410405790982,1,654,654,0.61976943425984,0.633933461612547,0.655823623179057,0.694040646959705,0.777447177572205
-0.716398545359292,1,655,655,-0.817057782547698,-0.839680587081316,-0.87523571079392,-0.939057261208624,-1.08608042798165
-1.93992922459206,1,656,656,-3.12204240112758,-3.49868135423327,-4.19543607707854,-5.82688479853625,-12.1245046710096
0.394850584697643,1,657,657,0.435003581797464,0.443433528944985,0.456270209060847,0.478131994617094,0.523547989385066
-1.65162896208153,1,658,658,-2.3688085540918,-2.57661191771724,-2.94395458547062,-3.74255905635694,-6.40420636851265
-0.755101472653692,1,659,659,-0.866018508784891,-0.891174929705899,-0.930877712896618,-1.00263578054686,-1.17014929083809
-1.82877639661119,1,660,660,-2.8074846979851,-3.10779231101123,-3.6533486445448,-4.89339724025402,-9.40542482264637
-0.27574070690287,1,661,661,-0.301466797222595,-0.3067650221028,-0.314759734154573,-0.328166446921018,-0.355155013239278
0.280122391561253,1,662,662,0.306328561761773,0.311728996248367,0.319880338369368,0.333556589795394,0.361116261966772
0.888629585623379,1,663,663,1.04148349936263,1.07729242413885,1.13465181607438,1.24087028112046,1.50067356160221
1.18687231065333,1,664,664,1.48065914313084,1.55500311046317,1.67837802670072,1.9204011890623,2.58149168920106
0.301016538634707,1,665,665,0.329559676177755,0.335459671289106,0.344377982744312,0.359378137486137,0.389759667457773
0.92014942682645,1,666,666,1.0845561139996,1.12337465430897,1.18577842392277,1.30201717907594,1.58954021052778
0.453872240857767,1,667,667,0.502440009810216,0.512750309506169,0.52853224310809,0.555646512658438,0.612971960152717
-0.214052000957924,1,668,668,-0.233348653878644,-0.237291638321142,-0.243219060196357,-0.25309530643597,-0.272714067338218
1.24742350088697,1,669,669,1.57996540755366,1.66551767756542,1.80857874008053,2.09271848191861,2.88753384940884
0.192759793178204,1,670,670,0.209963476870972,0.213470644787362,0.218737043481145,0.227495124224433,0.244823525374653
0.80854390674554,1,671,671,0.934964723996944,0.964006661149999,1.01011124759789,1.09424482510492,1.29431661891851
0.608312203107905,1,672,672,0.684169254311257,0.70080270433065,0.726649560679317,0.772183708019283,0.873332269749794
-1.29325432363206,1,673,673,-1.65787237475799,-1.75287652850251,-1.91267957099671,-2.2331187599874,-3.14609597300174
-0.657204399762841,1,674,674,-0.743619747110661,-0.762777786647558,-0.79269894859431,-0.845854469040181,-0.965875831358242
-0.78055661921873,1,675,675,-0.898657438535108,-0.925606111911432,-0.968255912149613,-1.0456928091604,-1.22805861025548
0.310504430334694,1,676,676,0.340135905994101,0.346269686075223,0.355547725342919,0.371171106211918,0.402890450656801
0.646021634739306,1,677,677,0.729929917813771,0.748484976285325,0.777430516869894,0.82875359730578,0.944203288168938
0.936644084806214,1,678,678,1.10737290425067,1.14785107922687,1.21304601360565,1.33485919299919,1.63795762080754
2.04713665534147,1,679,679,3.45984724843003,3.9271866912567,4.80768599720657,6.93216481106183,15.6417699045007
1.08748252539494,1,680,680,1.32577930476038,1.3845069239386,1.4807876921781,1.66595868418082,2.15292558673629
-0.0392970721226313,1,681,681,-0.0426593829180593,-0.0433380843330796,-0.0443523832518728,-0.0460253556941875,-0.0492787341452194
-1.61615946498184,1,682,682,-2.28893806006672,-2.48172814592907,-2.82075154854078,-3.55153158348023,-5.94682251078577
-1.32333122107406,1,683,683,-1.71036772753826,-1.81206806290301,-1.98380488967466,-2.33037055145032,-3.32994839030881
0.160614748698593,1,684,684,0.174760221141532,0.177635034741682,0.18194547136485,0.189095456072816,0.203166676167003
1.34215554438345,1,685,685,1.74379947165574,1.84990162737983,2.02951475661838,2.39343341033383,3.45121599800741
-0.543946587253073,1,686,686,-0.607396394962388,-0.621116020326081,-0.642297421508339,-0.679213391026759,-0.759507952118371
-0.813261387635548,1,687,687,-0.941129511622081,-0.970537448323112,-1.01724745586287,-1.10255877570897,-1.30576512197511
-0.0830466735072295,1,688,688,-0.090198187343448,-0.0916439614858373,-0.0938062200042967,-0.0973771749700805,-0.104340246430623
1.29360756080412,1,689,689,1.65848247766116,1.75356294085291,1.9135016469851,2.23423669069901,3.14818744794107
-0.477154158350274,1,690,690,-0.529316838724589,-0.540441355558752,-0.557506278129834,-0.586930700093377,-0.649588460503521
0.554978780757354,1,691,691,0.620442669654266,0.634631148363289,0.656560337004481,0.694849091178462,0.778427586362879
0.0275962894404847,1,692,692,0.0299552346794374,0.0304312944861621,0.0311426745022458,0.032315795886357,0.0345962230530384
2.08392713685978,1,693,693,3.58453144361663,4.08752854657808,5.04134941925128,7.36730489388421,17.1092588240079
2.24246759545666,1,694,694,4.18089079850408,4.86970658802291,6.21423750530247,9.65322368614479,25.522041566065
1.34046569349865,1,695,695,1.74077979373825,1.84647997197163,2.02537281863719,2.38770102031908,3.44012673320391
-0.473506874111266,1,696,696,-0.52509541161971,-0.536089471861156,-0.552948537364308,-0.582001447801518,-0.643798063170708
0.21913175684845,1,697,697,0.238936490787375,0.242985660693654,0.249074415204486,0.259224353208732,0.2794069525779
0.977226988127901,1,698,698,1.16435653251679,1.20918023239222,1.28171372349535,1.41827975723272,1.76310363846184
-0.845492522250472,1,699,699,-0.983608126315707,-1.01562278106879,-1.0666559683904,-1.16041219543121,-1.38626738449385
-0.373690146124954,1,700,700,-0.411049611424723,-0.418863709416162,-0.430741589573327,-0.450910141446696,-0.49255674678811
-1.65756410186524,1,701,701,-2.38241283970197,-2.5928307843003,-2.9651240880689,-3.77565689003885,-6.48468837813452
0.562524216529706,1,702,702,0.629391599874149,0.643907775236076,0.666360306434882,0.705611832455043,0.791502370301801
0.258977459664093,1,703,703,0.282897265122539,0.287812198432012,0.295220431422456,0.307620432112665,0.332486371506743
-1.33010437838895,1,704,704,-1.72234478845356,-1.82560981198363,-2.00014356938919,-2.35286161292581,-3.37301408152272
-1.88770413198819,1,705,705,-2.97005163924622,-3.30880087161617,-3.93007897879579,-5.36439597716163,-10.7472224301672
-0.870555882592432,1,706,706,-1.01708772976782,-1.0512627291322,-1.10589316942751,-1.20672106548347,-1.45176596283049
-1.58689646286805,1,707,707,-2.22483102222656,-2.40599042893247,-2.72320568754861,-3.40224694825962,-5.59798045719318
-0.975234568489085,1,708,708,-1.16153004754586,-1.20613138786175,-1.27828833597155,-1.41409410314221,-1.75675039821435
-0.345837599628429,1,709,709,-0.379682701132704,-0.386728318440953,-0.397414140356609,-0.415489997701518,-0.452529841377783
0.0718746902170032,1,710,710,0.0780512786670157,0.0792993455494684,0.0811654756550115,0.0842461106609731,0.0902478886557311
0.737731574995679,1,711,711,0.843948118113525,0.867939722687338,0.905732884053439,0.973828522685199,1.13184657588917
1.31844158104366,1,712,712,1.70175723105564,1.80234116267344,1.97208429863901,2.31427111852426,3.2992469764948
2.05955169214079,1,713,713,3.50139357600168,3.98048696394508,4.88509124096428,7.07552413863063,16.1202376848874
0.86420877787051,1,714,714,1.00857122991137,1.04218773483062,1.09588700005838,1.1948805660126,1.43492885252762
0.565354716611963,1,715,715,0.632754111292466,0.647394711564188,0.670046099598382,0.709663882945862,0.796435863873448
0.980570765737256,1,716,716,1.16910692863097,1.21430595485163,1.28747526845196,1.42532586055514,1.77381629882494
0.693646498588816,1,717,717,0.788631605806972,0.809866488010341,0.843159223522094,0.902681071058848,1.03874171112407
-0.714518920948441,1,718,718,-0.814699643492829,-0.83720501915997,-0.872568453210138,-0.936024865743498,-1.08211317918077
-1.36170720359524,1,719,719,-1.77900775862138,-1.8898611053019,-2.07800278536739,-2.4608063006974,-3.5825323254152
-1.10966634341766,1,720,720,-1.35952914566108,-1.4214676563483,-1.52328509446676,-1.7199606327159,-2.24152319118299
-0.508071413005983,1,721,721,-0.565271789147269,-0.577547554894438,-0.596433738081218,-0.629158406528473,-0.699523848405324
1.08198095527432,1,722,722,1.31747863923162,1.37543281822961,1.47038270990031,1.6527974893199,2.13152726702028
2.66930062972884,1,723,723,6.43726489919368,8.02410651340609,11.4045873001228,21.407269330229,83.7514387941202
0.788563210965991,1,724,724,0.908998278390525,0.936532367655028,0.980146995880591,1.0594499113459,1.24672908270854
-0.38744171933528,1,725,725,-0.426603998655872,-0.434815040473245,-0.44731056571173,-0.468568881610082,-0.512637307588306
-0.851429222644504,1,726,726,-0.99150224178769,-1.02401780332499,-1.0758839322428,-1.17127406740401,-1.40154534990651
-0.701880913846701,1,727,727,-0.798890095831835,-0.820618935071623,-0.85471602781629,-0.915764096226733,-1.05570439668967
0.636263016581777,1,728,728,0.71802895160104,0.736070454830572,0.7641862763253,0.813954564678405,0.925541785047694
-0.927690932635868,1,729,729,-1.09496411263195,-1.13453405085797,-1.19820070208611,-1.31695905979473,-1.61150870522867
0.128980924717263,1,730,730,0.140217980061283,0.142495927800986,0.145907266680185,0.151553952867899,0.162617643128409
-0.0888644485797429,1,731,731,-0.096526144032006,-0.0980754968153234,-0.100392981672345,-0.104221197993528,-0.111689638562977
-0.452684882686799,1,732,732,-0.501073693123313,-0.511343625136267,-0.527062065043961,-0.554062339511616,-0.611126078422287
1.48895116408181,1,733,733,2.02118262462523,2.16791056327381,2.42128472652048,2.95152231196467,4.59218191988258
0.681933434486433,1,734,734,0.774095891987744,0.794644090483861,0.826820176591072,0.884227888673466,1.01493602848114
0.633665198678715,1,735,735,0.714867857126785,0.732774598894908,0.760672882749911,0.810034091737458,0.920612583004641
0.214670608811425,1,736,736,0.234028948564547,0.237984816951645,0.243931808213562,0.25384123630222,0.273528288118131
1.31806016365928,1,737,737,1.70108682669796,1.80158413376787,1.9711726414312,2.31302007661736,3.29686565378642
-0.116283905685432,1,738,738,-0.126377296194326,-0.12842162281785,-0.13148181719657,-0.136543591690436,-0.14644612817955
-1.12247211102341,1,739,739,-1.37921926363459,-1.4430802590822,-1.54822148513335,-1.75183242544594,-2.2944134007861
-0.794314474190116,1,740,740,-0.916448810083966,-0.944409989013552,-0.988729179462019,-1.06939681647156,-1.26027947013882
0.449593074866368,1,741,741,0.497517838503143,0.50768316956637,0.523237136008094,0.549942267800467,0.606329056558677
-0.734176102057358,1,742,742,-0.839450124546189,-0.863208936304672,-0.90062100861784,-0.967987453755313,-1.12412300457462
-1.20381542020285,1,743,743,-1.50804799846443,-1.58538946050747,-1.71401057238369,-1.96719468931039,-2.66335222158974
0.859817777182246,1,744,744,1.0026946317187,1.03592933253689,1.08899249879788,1.18673451075285,1.423381190372
0.187835353944522,1,745,745,0.204562984014808,0.207971376681607,0.213088208940921,0.221594000756147,0.238408553788599
1.67230185589764,1,746,746,2.41649873420142,2.63354047945765,3.01840009033677,3.85930397508431,6.68969203397997
-0.388261941482891,1,747,747,-0.427533222724701,-0.435768322691568,-0.448301323050945,-0.469625875784071,-0.513841988925808
-0.838275813561235,1,748,748,-0.974041647758749,-1.00545624127519,-1.05549252530813,-1.1472960731175,-1.36788784027601
-0.11024108113431,1,749,749,-0.119794345049021,-0.121728530906246,-0.124623316675679,-0.129409960323658,-0.138767934173898
-1.32467814750943,1,750,750,-1.71274489837344,-1.81475469734363,-1.98704445227876,-2.33482552231417,-3.33846249762605
-1.14374317375043,1,751,751,-1.41227090340444,-1.47944082857663,-1.59031780795392,-1.80594650499225,-2.38522955582783
1.28686882339886,1,752,752,1.64686938756333,1.7405034382872,1.89787203043867,2.21300676842495,3.10855726017936
0.902696456222649,1,753,753,1.06062200642148,1.09774840660805,1.15731322050669,1.26790382978337,1.53975720099101
-1.20662326183475,1,754,754,-1.51261626631478,-1.59046462972116,-1.71997428598153,-1.97505334294511,-2.6771917671844
-1.62994205171998,1,755,755,-2.31968615906601,-2.51818761736732,-2.86796232211602,-3.62440843401304,-6.11987157425441
-0.493051623425298,1,756,756,-0.547765918650069,-0.559472088652671,-0.577456158249551,-0.608543176670935,-0.675071136707829
-0.243345562090675,1,757,757,-0.265622368813611,-0.270190398478611,-0.277069053926524,-0.288563495187957,-0.311534358733123
0.0493710919674955,1,758,758,0.0535999046291991,0.0544537321821516,0.0557299094266777,0.0578352710553328,0.0619313563235242
-0.511275500359739,1,759,759,-0.569015937155892,-0.581415806213479,-0.600498799332671,-0.633581495417276,-0.704789146383103
0.369570427176744,1,760,760,0.406398710895498,0.414096201994329,0.425792885028645,0.445642431053622,0.486583002593559
0.812215945215899,1,761,761,0.939762194350396,0.969088687267919,1.01566393950911,1.10071300987704,1.30322085887877
0.281943094358115,1,762,762,0.308349746395327,0.313792905602402,0.322009750286753,0.335798806550397,0.363597838572222
0.25170171845315,1,763,763,0.274851993874653,0.279604242392039,0.286763978019652,0.298738643063293,0.322712777582512
3.02873881722958,1,764,764,9.52288786154054,12.7209630776735,20.142121302916,45.5067384896829,259.233109440901
0.90753466604561,1,765,765,1.06723574063963,1.10482476496686,1.16516503589659,1.27729621422717,1.55341223059124
0.977554342181477,1,766,766,1.16482121433123,1.20968153921676,1.28227706141959,1.41896837365465,1.76414961119475
0.242075648919503,1,767,767,0.264220656344437,0.268760929352125,0.275597262419098,0.287019477469466,0.309839781725491
0.359329245271231,1,768,768,0.394854390824793,0.402266493568521,0.413520183031774,0.432591176889775,0.471814290456133
0.259044579650149,1,769,769,0.282971523983936,0.287887968209378,0.295298510290935,0.307702466709965,0.332576714165248
0.869647028578938,1,770,770,1.01586663273516,1.04996117819885,1.10445742686548,1.20502081739994,1.44934440962078
2.15755777505379,1,771,771,3.84894663613912,4.43128652811671,5.55025016475469,8.33894292086277,20.5449583983785
1.65636295847718,1,772,772,2.37965398395252,2.58954036523038,2.96082672526192,3.76893164898175,6.46830576887386
0.351517933030529,1,773,773,0.386065382025354,0.39326401010693,0.404186781946113,0.422677474042487,0.460625783474733
-1.66442071865323,1,774,774,-2.39821667300424,-2.61169278653086,-2.98978356948235,-3.81431160005654,-6.57913916728705
-1.13174050371736,1,775,775,-1.39356722618683,-1.45885203017795,-1.56645901939237,-1.77522871642102,-2.33352132047024
0.426142779646902,1,776,776,0.470637595705049,0.480033153962058,0.494379085501389,0.518923189101729,0.57038199909053
0.849067754915471,1,777,777,0.988359509142164,1.02067503038715,1.07220843565483,1.16694563721271,1.39545089097316
0.645603578442818,1,778,778,0.729419222031937,0.747952040557441,0.776861626153634,0.82811726190981,0.943399086804658
1.35935877542498,1,779,779,1.77475220997959,1.88502500124184,2.07212308085774,2.4526105405115,3.56646141059717
-1.88624000067335,1,780,780,-2.96590059718773,-3.30364119401987,-3.92292122956854,-5.35206577340079,-10.7113015768084
-0.950874156307554,1,781,781,-1.127214668286,-1.16917327649667,-1.23686347443809,-1.36367752424621,-1.68083929257717
1.6088873552994,1,782,782,2.27285892360882,2.46269658239162,2.79617300813993,3.51375167578915,5.85782003564228
1.21842563855066,1,783,783,1.53191093851993,1.61192218059901,1.74522751400341,2.00841617319728,2.73623790423043
0.885627263318537,1,784,784,1.03741599222743,1.07294896561945,1.12984698183662,1.2351525519134,1.49244875196575
0.140249498703048,1,785,785,0.152512349085766,0.155000341765916,0.158727749236257,0.164901947945876,0.17701706668921
0.277228203276192,1,786,786,0.30311689374923,0.308449720552782,0.31649744680793,0.329995357906559,0.357177026975238
-0.400687674022663,1,787,787,-0.441631030873864,-0.450235998810663,-0.463345711251147,-0.485691237313461,-0.532190686036251
-0.607235730264739,1,788,788,-0.682871784830232,-0.699452817725791,-0.725215381334302,-0.770592742305263,-0.871357089127161
-0.65852732788193,1,789,789,-0.745242992012978,-0.764473404112574,-0.794511766145936,-0.847887718419326,-0.968460419577283
-0.78986682675736,1,790,790,-0.91068540035133,-0.938315811423294,-0.9820892907594,-1.0616997458793,-1.24979022358545
-0.304323806887774,1,791,791,-0.333244336013203,-0.339225316800161,-0.3482681847097,-0.363483969768004,-0.394327698303434
-1.79395267306588,1,792,792,-2.71557578289297,-2.99512633569226,-3.50017825215882,-4.6378551087996,-8.70412638868914
0.285158528891389,1,793,793,0.311920685272781,0.317439666713864,0.325772799456218,0.339762242054254,0.367986973289087
0.937321341374884,1,794,794,1.10831390375975,1.14886150478886,1.21417334215283,1.33622044887652,1.63997483345788
1.6848559957996,1,795,795,2.44588211066888,2.66871714838294,3.06459563097716,3.93223886403125,6.87030307656842
0.574507934062399,1,796,796,0.64364863857613,0.658697278155788,0.682001352852227,0.722822894623778,0.812499105576451
0.732857791030614,1,797,797,0.837784016174505,0.86145699143296,0.898728594206042,0.965826402580129,1.12126911986088
-0.374086854096591,1,798,798,-0.411497683529558,-0.419323065630938,-0.43121848624901,-0.451417935841029,-0.49313299567535
0.0282759892005834,1,799,799,0.0306931464228551,0.0311809593191868,0.0319099059074859,0.0331120069041937,0.0354488125421369
0.989412719657803,1,800,800,1.18171005476071,1.22791466665853,1.30278900580948,1.44408912540348,1.8024513668135
0.108937341328587,1,801,801,0.118374405712963,0.120284912049218,0.123144147215608,0.127871689849456,0.137112816202987
1.56223469013928,1,802,802,2.17200875929645,2.34386804595456,2.64373061238466,3.28192265054706,5.32241463880049
0.157326668502129,1,803,803,0.171165509105715,0.173977197082085,0.178192401221458,0.185182750891068,0.198932936801808
-0.521734732986903,1,804,804,-0.58126240823202,-0.594073895184772,-0.61381029938798,-0.648083527277551,-0.722099897878207
0.466162131591008,1,805,805,0.5166069762303,0.527341636892406,0.543791704727828,0.572107442530456,0.632199389328083
-1.02664813063287,1,806,806,-1.23546436714699,-1.28611918358962,-1.36856477133357,-1.52526553442359,-1.92814475745992
-2.524269550547,1,807,807,-5.53990676863566,-6.73627161186525,-9.20625735562293,-16.1412060618313,-54.9038228833258
-0.039219108235078,1,808,808,-0.042574723539081,-0.0432520722459834,-0.0442643487257616,-0.0459339829320187,-0.0491808595386541
0.714936993953555,1,809,809,0.815223995651418,0.837755446528075,0.873161441166961,0.936698911710588,1.08299469444765
-0.901344616507791,1,810,810,-1.05877693926474,-1.09577495316329,-1.15512465885612,-1.26528821974849,-1.53596150446338
-1.17943829420943,1,811,811,-1.46873656974071,-1.54179796202921,-1.66293241254908,-1.90020353717848,-2.54644748177969
-0.492579833877784,1,812,812,-0.547217237936073,-0.55890583600101,-0.576862106918554,-0.607898752099081,-0.674309066526044
-0.0674862983583672,1,813,813,-0.0732815032679273,-0.074452302643334,-0.076202753929117,-0.0790920041221109,-0.0847191903972456
-1.80298417286314,1,814,814,-2.73912681642747,-3.02392812800404,-3.53919976903278,-4.7026003414057,-8.87999331821185
0.204484381465235,1,815,815,0.222833406856337,0.226578751520334,0.232206179077373,0.241574324480467,0.260149707203331
0.110761279552342,1,816,816,0.120360940058725,0.122304582277789,0.125213566185568,0.130023816596158,0.13942847566712
-0.508176923185549,1,817,817,-0.565395028423511,-0.57767486616628,-0.596567505505144,-0.629303914488649,-0.699696956079253
1.240319603904,1,818,818,1.56810643272434,1.65227079925169,1.79288406388957,2.07175268747591,2.84962749920821
-0.0992807425405146,1,819,819,-0.107860625256486,-0.109596614913761,-0.112193961105708,-0.116486460388168,-0.124868838978574
1.11565201280524,1,820,820,1.36871350964964,1.43154423227356,1.53490341244874,1.73479328212509,2.26608219584155
-0.799409192371269,1,821,821,-0.92306471969908,-0.951408884158749,-0.996360355672022,-1.07825417434429,-1.27238166114677
-0.301662661850555,1,822,822,-0.330279363580472,-0.336195138267515,-0.345137714029322,-0.360179861183099,-0.390651344790504
-0.310086718657116,1,823,823,-0.339669910193928,-0.34579330317212,-0.355055348978699,-0.370650990794991,-0.402310664802071
-0.386497180658563,1,824,824,-0.425534144963018,-0.433717536251689,-0.446169996238658,-0.467352211073216,-0.511251023865888
-1.40679819178726,1,825,825,-1.86216418158385,-1.9847085223357,-2.19395099668192,-2.62388431261379,-3.90780706909599
-1.00393425408771,1,826,826,-1.20254163642095,-1.25043975674014,-1.32819043046695,-1.47532557128789,-1.85047031785322
-0.354850743630135,1,827,827,-0.38981364575081,-0.397102918095076,-0.408166154780939,-0.426903032894632,-0.465391600648661
-0.354985766329285,1,828,828,-0.389965552725532,-0.397258511027089,-0.408327461055394,-0.427074356902111,-0.465584926295567
0.0573970370388343,1,829,829,0.0623183817799661,0.0633122794293576,0.0647979887595279,0.0672495260050685,0.0720211789907245
1.53457811491161,1,830,830,2.11403493053787,2.27598376876004,2.5574417573985,3.1526300703511,5.03198698265518
-0.0884079935694619,1,831,831,-0.0960295949352,-0.0975708045901079,-0.0998760836521221,-0.103684064552774,-0.111112728046794
0.299109802017114,1,832,832,0.327436312244323,0.333289859771744,0.342136762065831,0.357013372629373,0.387130411586825
0.864127705475842,1,833,833,1.00846261610199,1.04207203793977,1.09575949893492,1.19472982836148,1.43471490409851
0.830534756981802,1,834,834,0.963815897713286,0.994597473289947,1.04358320221651,1.13333239713295,1.3484036512536
1.07441757146109,1,835,835,1.30611132915182,1.3630167117142,1.45616368270513,1.63485045248751,2.10247091772074
0.232566723204037,1,836,836,0.253732545686029,0.258066935331409,0.264589578507906,0.275477124198865,0.2971856111693
1.31858943291358,1,837,837,1.70201715416091,1.80263468262616,1.9724377929238,2.31475625604811,3.30017059278447
-0.416242596409631,1,838,838,-0.459335515443019,-0.468418197839074,-0.482274337817449,-0.505945759475672,-0.555429291918183
0.80131204649905,1,839,839,0.925539591689977,0.954027929889582,0.999217537472296,1.08157352969738,1.27692580509794
1.65350938024403,1,840,840,2.37311121413095,2.5817396989448,2.95064411850129,3.75300929893066,6.42957854249305
0.0490100940345821,1,841,841,0.0532078061205018,0.0540553456518974,0.0553221182625339,0.0574119469287259,0.0614777389920724
-0.343375540976161,1,842,842,-0.376918440575265,-0.383898310104313,-0.394482378202575,-0.412380269535001,-0.4490311128976
0.101776931203085,1,843,843,0.110577817974191,0.112358775824519,0.115023584382789,0.119428095424604,0.128031352133065
0.337644773572979,1,844,844,0.370489385316826,0.37731753904475,0.387666949538795,0.405154837807548,0.440911191289926
-1.79199462553878,1,845,845,-2.71049579693167,-2.9889199408039,-3.49178185744963,-4.62395580050191,-8.66653413783274
-0.0945936065998444,1,846,846,-0.102759536617229,-0.104411346600783,-0.106882439109965,-0.110965410899842,-0.118935024638758
-0.275335676757915,1,847,847,-0.301017559538029,-0.30630637969594,-0.314286684587952,-0.327668618889948,-0.354604742611347
-1.46054876889097,1,848,848,-1.96505832007751,-2.1029780539196,-2.34020640170367,-2.83348772728996,-4.34096729527696
-1.13645042079914,1,849,849,-1.40089001132096,-1.46690894641132,-1.57578866662006,-1.78722561534042,-2.35366721974417
-1.3273550852556,1,850,850,-1.71747618188211,-1.8201035141906,-1.9934970009833,-2.34370549062852,-3.35545736183882
-0.0477405269251944,1,851,851,-0.0518288949337354,-0.0526543283898014,-0.0538880392831479,-0.0559232653387427,-0.0598825811184788
1.77919522992487,1,852,852,2.6775139740374,2.94867848170571,3.43744626424857,4.53428601908863,8.42539957019859
0.442021356126168,1,853,853,0.488821473998622,0.498733745257326,0.513890114781771,0.539882668882446,0.594638880931182
0.766296243272551,1,854,854,0.880328645243141,0.906260542826959,0.947237170528706,1.02144599356131,1.19535030458656
0.763808296558585,1,855,855,0.877142426326764,0.90290027312209,0.943590822796858,1.01724873414395,1.18971391605162
1.87726124433488,1,856,856,2.94057188377101,3.27218849613818,3.8793498987513,5.27717522938231,10.4940332518772
3.73241081157559,1,857,857,22.6022057929578,35.6177588389515,72.6030870076881,250.995048227745,3356.71019195746
2.09291045219078,1,858,858,3.61570588169666,4.12779668933719,5.10040826785239,7.4784038549214,17.4911268844522
-0.0785778707159155,1,859,859,-0.0853386902307974,-0.0867052004555187,-0.0887487118535632,-0.0921229788204115,-0.0987001459906056
-0.257881536523464,1,860,860,-0.281684883552552,-0.286575173293516,-0.293945747316455,-0.30628124289468,-0.331011741199689
0.744179176393373,1,861,861,0.852121826298091,0.876540432849923,0.915033094777514,0.984468665575722,1.14595294635361
-0.442874004729717,1,862,862,-0.489799938928899,-0.499740488858387,-0.514941266570507,-0.541013345959515,-0.595951263939363
0.457713674704718,1,863,863,0.506863290527118,0.517304946865294,0.533293565695548,0.560779133533109,0.618957943636295
1.06429226457382,1,864,864,1.29097278935747,1.34650002923266,1.43728105307958,1.61108585585045,2.06421479531973
-0.610002210412153,1,865,865,-0.686207181940529,-0.702923189916255,-0.728902834676572,-0.774684047649156,-0.876438403018129
-1.59598667043925,1,866,866,-2.2445764306059,-2.42927812793342,-2.75312297483351,-3.44784610368365,-5.70372419828124
-0.403218869294062,1,867,867,-0.444507686926223,-0.453189261903847,-0.466418555793836,-0.488976161947864,-0.535951512906464
0.753696785240004,1,868,868,0.864227713369057,0.889288215124483,0.928833573838448,1.00028919330325,1.16701603654797
1.26357200688109,1,869,869,1.6071366042903,1.6959194725558,1.84468887723614,2.14115740876331,2.97581489033642
-0.524973887443114,1,870,870,-0.585062696094582,-0.598003705414476,-0.617945918181746,-0.652594722955337,-0.727499724234573
0.144837987335244,1,871,871,0.157521660536816,0.160095966431778,0.163953358588496,0.170344794269142,0.182894116912382
0.669317615985853,1,872,872,0.758512664344669,0.778341725583727,0.809350359291982,0.864553667074771,0.989708217172131
0.643598641294958,1,873,873,0.726971076619994,0.745397535016776,0.774135198781654,0.825068428506562,0.939548198570281
0.504943748588362,1,874,874,0.561620270897455,0.573775782095113,0.592471346040939,0.624849501823995,0.694400919746386
0.595955251955445,1,875,875,0.669304023760145,0.685343612051422,0.710236222417141,0.753997672279664,0.850812111096934
1.79695771604088,1,876,876,2.72339002826871,3.00467755926873,3.51310820702559,4.65928152542806,8.76218912777655
0.73124981337439,1,877,877,0.835753042464235,0.859321670160747,0.896422545052534,0.963193955059383,1.11779536629445
0.800811873570275,1,878,878,0.924888857449214,0.953339239176857,0.998466146806475,1.08070043236438,1.27573008539397
-0.198391567421581,1,879,879,-0.216143271675296,-0.219764307342953,-0.225203239811597,-0.234252675852514,-0.252175826960585
-0.256134119251001,1,880,880,-0.279752179985822,-0.284603278766865,-0.291913975390734,-0.30414694290004,-0.328662305013789
-0.743662257419591,1,881,881,-0.851465713156228,-0.875849854009016,-0.914286032225416,-0.983613334934945,-1.14481720473708
0.650054131734699,1,882,882,0.734859994526964,0.753630686926432,0.782924947865988,0.834902483731697,0.951982555508588
0.690530361949385,1,883,883,0.784758098722211,0.805808482241382,0.838801017730674,0.897753966105734,1.03237179174457
-0.183258714954625,1,884,884,-0.199546468113011,-0.202863705505537,-0.207842590531361,-0.216115923145662,-0.23245796066831
-1.60011878913247,1,885,885,-2.25360195668678,-2.43993470502245,-2.76683583028682,-3.46880218212653,-5.75256099160353
-1.20823625960229,1,886,886,-1.515244372146,-1.59338525370404,-1.72340784158292,-1.97958139610618,-2.68517786599549
-0.295109384934859,1,887,887,-0.322983635477533,-0.328740305154129,-0.337438330863305,-0.352057556162271,-0.381624329197422
0.988900403111933,1,888,888,1.18097815083422,1.22712397442602,1.30189857462893,1.44299671392663,1.80077990595848
0.303665996913587,1,889,889,0.332511296094602,0.338476126132061,0.347494149236544,0.362666909499108,0.393418358301553
1.69221338946717,1,890,890,2.46325341556632,2.68954955685737,3.09202341534993,3.97571913196797,6.97879269210004
-0.414738754083075,1,891,891,-0.457621050880266,-0.466656815952426,-0.480439571566402,-0.503980420322488,-0.553169161969749
0.22579467702146,1,892,892,0.246271230159112,0.250461042346256,0.256763649353804,0.267276854357008,0.28820979148186
-0.279623524702317,1,893,893,-0.305774866088431,-0.311163620292899,-0.319297058043328,-0.33294248417492,-0.36043678378816
0.0459407391621825,1,894,894,0.049874178188809,0.0506682935515968,0.0518551680868117,0.0538130502144316,0.0576215765232255
-0.832807916511961,1,895,895,-0.966814869503648,-0.997781197821678,-1.04707342427013,-1.13742160758287,-1.3541006674299
-0.686055956246622,1,896,896,-0.779204375702138,-0.799992146982773,-0.832557607633449,-0.890701896413321,-1.02327198904156
0.408172389880371,1,897,897,0.450142104844828,0.458974859627301,0.472440272737066,0.495417019026757,0.543334499394419
0.695230852044985,1,898,898,0.790602835993221,0.811932032787064,0.845378278679271,0.90519118917041,1.04199071182364
1.07843554725087,1,899,899,1.31214376320737,1.36960422977981,1.46370515642178,1.6443636439826,2.11785512476956
0.0790980045957254,1,900,900,0.0859042467564339,0.0872799698990265,0.0893372816454846,0.0927344019977253,0.0993563874043502
-0.233192588848851,1,901,901,-0.254422447983131,-0.258770284186791,-0.265313402351162,-0.276235810884372,-0.298016646458112
0.243729171879684,1,902,902,0.266045840427572,0.270622266996558,0.277513727225768,0.289030024973857,0.312046466744912
-1.28043873793265,1,903,903,-1.63583886912359,-1.7281110103948,-1.88306222677149,-2.19293837771989,-3.07126589025269
2.11034088767868,1,904,904,3.67703553629057,4.20722197890471,5.21733302843702,7.69966278570373,18.2601973560527
1.26320336229518,1,905,905,1.6065129863562,1.6952209168282,1.84385774248105,2.14003936112494,2.97376619504633
0.74567064917904,1,906,906,0.854015711066264,0.878533989829144,0.917190021144043,0.986938807930155,1.14923463881699
-1.02702523352642,1,907,907,-1.23601451601749,-1.28671623652167,-1.36924184082746,-1.52610606838324,-1.92946158540701
-0.912820451157797,1,908,908,-1.07447976507436,-1.11257984823105,-1.1737773797406,-1.28761358891255,-1.56845728301008
-1.26901186358512,1,909,909,-1.6163572837662,-1.70625250392311,-1.85699078991258,-2.1577233158644,-3.00623090976223
-0.654960334386475,1,910,910,-0.74086807278961,-0.759903853920013,-0.789627079760624,-0.842410465419669,-0.961501727299536
0.478463212999257,1,911,911,0.530832973764896,0.542004581756864,0.559143839779644,0.588702493063067,0.651671728363668
-0.818090467259237,1,912,912,-0.947453830960802,-0.97724045833569,-1.02457729720053,-1.11110929851201,-1.31757082234615
-0.052380016866287,1,913,913,-0.0568682113905878,-0.0577744891786742,-0.0591291186674957,-0.0613640697771831,-0.065712951085884
-1.75926718209913,1,914,914,-2.62692786622162,-2.88713916874076,-3.35470949409517,-4.39867463730473,-8.06532610510294
-0.593127342449451,1,915,915,-0.66591080934415,-0.681816881125092,-0.706495180284821,-0.749859183427298,-0.845704934959482
1.88285234987781,1,916,916,2.9563184776892,3.2917361424074,3.90641678689313,5.32366408079204,10.6287208032325
-0.0779183567763221,1,917,917,-0.0846216007133771,-0.0859764339777461,-0.0880024546978874,-0.091347758932598,-0.0978681342688525
-1.50534386268979,1,918,918,-2.05415257192333,-2.20619284326602,-2.46934286540555,-3.02209511612387,-4.74484245804026
0.0699932907157661,1,919,919,0.0760062696198277,0.0772211847184486,0.0790376791005312,0.0820361843342103,0.0878771712880251
-0.0144391483818926,1,920,920,-0.0156725896766939,-0.0159214715979565,-0.01629334935069,-0.0169065234372927,-0.0180981355685884
-0.601023884050471,1,921,921,-0.675393973853496,-0.691675086994385,-0.716955591323687,-0.761437038783747,-0.860009166216591
-0.646479292160711,1,922,922,-0.730489079189988,-0.749068509079338,-0.778053452973873,-0.829450453645996,-0.945084160567795
1.15396374713005,1,923,923,1.42830854827697,1.49712114937245,1.61085243030232,1.83248439164449,2.43023166143826
2.25233933500724,1,924,924,4.22151619844558,4.92386939079301,6.29738018677378,9.82132736892927,26.1847179060882
-0.331723761078544,1,925,925,-0.363854328073424,-0.370527640518024,-0.380637767705005,-0.397708165139072,-0.432556156284205
1.18060235347144,1,926,926,1.47059970135839,1.54386063160372,1.66534347408091,1.90335296608152,2.55190041976386
-1.77415392236778,1,927,927,-2.66462961758472,-2.93298344004364,-3.41630396594472,-4.49952520003991,-8.33257234382667
-1.20112295159231,1,928,928,-1.50367532602913,-1.580533449926,-1.70830768746418,-1.9596869669288,-2.65015525484173
-0.183018087625401,1,929,929,-0.199282780137759,-0.202595241685398,-0.207566901453037,-0.215828064623878,-0.232145390412275
0.14167780011258,1,930,930,0.154071443997008,0.156586254014713,0.160354040888448,0.166595704970893,0.178845593773906
-0.152218500244223,1,931,931,-0.165583070727022,-0.168297216905939,-0.172365335687708,-0.179109324769229,-0.192364861153976
1.05076205064842,1,932,932,1.27088289254844,1.32461395370326,1.41231678989217,1.57978768249263,2.01421240874702
0.876923081475286,1,933,933,1.02565755136898,1.06040074603059,1.11597938449856,1.21867780200329,1.46883130100274
-0.107170205778662,1,934,934,-0.116449952577191,-0.118328408772442,-0.1211395324819,-0.125787109877362,-0.134870210473436
0.621584032183149,1,935,935,0.700205428845113,0.717496047796155,0.744400775069375,0.791905750725763,0.897898254389964
0.174826601684273,1,936,936,0.190310149828397,0.193461010931417,0.198188313350024,0.206038260367222,0.221522001524397
-0.603897639697178,1,937,937,-0.678851429825126,-0.695270753537635,-0.720773350691628,-0.765667406179709,-0.865248453460925
-2.24500888025793,1,938,938,-4.19130682884237,-4.88358318134354,-6.23551599652989,-9.69617306119301,-25.6908021517732
-0.17805110703469,1,939,939,-0.193841252288472,-0.197055501017021,-0.201878623773245,-0.209889740345376,-0.225699857549916
-0.228249641985221,1,940,940,-0.248975303892297,-0.253217334734364,-0.259599391239429,-0.270247694550212,-0.291460251533421
0.896560771629048,1,941,941,1.05225768846269,1.08880442106478,1.14739834413412,1.25606250518563,1.52259769728091
-1.66440735458759,1,942,942,-2.3981857784957,-2.61165589184494,-2.98973529278367,-3.81423581915361,-6.57895352088218
-0.325039778211337,1,943,943,-0.356373183315047,-0.362873988626361,-0.372717783313744,-0.389324210196656,-0.423165667855423
0.241851638582225,1,944,944,0.263973422360195,0.268508805613774,0.275337683730562,0.286747178576072,0.309540975970118
1.87297867121354,1,945,945,2.92856760114862,3.25730015274104,3.85876198772673,5.2418888689429,10.3922036675321
1.43237083684028,1,946,946,1.91058990095189,2.04024550076025,2.2623995528747,2.72144414145472,4.10733776395778
0.630288829613367,1,947,947,0.710763776393924,0.72849658126774,0.756114205835256,0.804950563411584,0.914230073712621
0.250214336726114,1,948,948,0.273208337690915,0.277927592879377,0.285036963230291,0.296925510560116,0.320719446963266
0.25999429011147,1,949,949,0.284022324463623,0.288960167367541,0.296403414827951,0.308863405928276,0.33385536853924
-1.79098152042893,1,950,950,-2.70787098958118,-2.98571398435752,-3.48744634136494,-4.6167833004083,-8.64715781312195
-1.46336677089325,1,951,951,-1.97057120701419,-2.10934299758458,-2.3481296867082,-2.8449652096054,-4.36516702514331
-0.158135376205828,1,952,952,-0.172049534124805,-0.174876723002391,-0.179115308864798,-0.186144843354798,-0.199973794271369
-1.87461707678302,1,953,953,-2.93315432168241,-3.26298745019314,-3.86662369778179,-5.25535572329557,-10.431025358376
-1.06888011281524,1,954,954,-1.2978210078316,-1.35396904897369,-1.44581539932127,-1.62181697897979,-2.08145879152623
1.02547680413843,1,955,955,1.2337562876585,1.28426565446648,1.36646313889834,1.52265714758371,1.92406031185827
-0.212837828464392,1,956,956,-0.23201355468617,-0.235931288856789,-0.241820362808875,-0.251631599528624,-0.271116619803365
-1.78894630645327,1,957,957,-2.70260546413853,-2.97928440942601,-3.47875491786272,-4.60241374572754,-8.60838499852377
-2.48120770465045,1,958,958,-5.30238575607559,-6.40236099088207,-8.65305085743563,-14.8783443519549,-48.6130654169707
-1.46670235474636,1,959,959,-1.97711231350832,-2.11689879799096,-2.35754227108274,-2.85861624878968,-4.39401382665503
-0.461750164139752,1,960,960,-0.51151592402422,-0.522096861295966,-0.538304760726296,-0.566184619614068,-0.625271199060936
0.405031027076622,1,961,961,0.4465681937697,0.455304880823932,0.468620230969549,0.491330539463832,0.53864888620321
-0.0934494660313543,1,962,962,-0.101514547650114,-0.103145858828382,-0.105586213677675,-0.109618193105411,-0.117487431379323
-0.768440888955081,1,963,963,-0.883077941393089,-0.90916066348137,-0.950385273066757,-1.02507188821914,-1.20022549474084
0.949822734028253,1,964,964,1.12574354448336,1.16759119585519,1.23509420050598,1.36153252759393,1.67763477556021
1.10272767577168,1,965,965,1.34892426124369,1.40984238474789,1.50989832089048,1.70290705394747,2.21340607222635
1.05406095570709,1,966,966,1.27576661031833,1.32993088488556,1.41837556882906,1.58737108971189,2.02628793363182
1.71563872180426,1,967,967,2.51932078483699,2.75697018177325,3.18114197040568,4.11789445937564,7.33776172759031
2.26249724531488,1,968,968,4.26378380904091,4.98033607056769,6.38431290036903,9.99790913249016,26.8869974349549
-1.38245304431479,1,969,969,-1.81692159407604,-1.93302353810879,-2.13061842773453,-2.53446611054433,-3.72816268700139
-0.957274247969937,1,970,970,-1.13618714403482,-1.17882663633744,-1.24766615881833,-1.37678902849052,-1.70047184963893
-0.648471090154906,1,971,971,-0.732923724295425,-0.751609524439167,-0.78076647537623,-0.832486247174173,-0.948923857220707
-0.000349009984901255,1,972,972,-0.000378816098781645,-0.000384829972294086,-0.00039381560334526,-0.000408630902422393,-0.000437419167158875
0.827679824238262,1,973,973,0.960053865405536,0.990604729194885,1.03920785350589,1.12820974914552,1.34127720745609
0.480072811502724,1,974,974,0.532697933559861,0.543927639955824,0.561158628364417,0.590882980365069,0.654236951181823
1.06701089699285,1,975,975,1.29502863035625,1.35092301425561,1.4423339877164,1.61743750191069,2.07441519668341
0.98929756709367,1,976,976,1.18154552803553,1.22773692054313,1.30258883131927,1.44384352936582,1.80207554246617
0.201102310647197,1,977,977,0.219119190378808,0.222795386364491,0.228317942623488,0.237508718857434,0.255720907336364
-1.40363472015506,1,978,978,-1.85623851933027,-1.97792797967836,-2.18562211599628,-2.61207806364887,-3.88390962366053
-1.49871929661417,1,979,979,-2.04077709527763,-2.1906499399556,-2.44980801751103,-2.99335406838991,-4.68245043980698
0.22334991250291,1,980,980,0.243579240605704,0.247717265904662,0.253941106472348,0.264320449019001,0.284976629225881
0.179598851407975,1,981,981,0.195536570888354,0.198781348375808,0.203650633283159,0.211739431906349,0.227707012521946
-0.202935466132399,1,982,982,-0.221132195721158,-0.224845826281396,-0.230425150372039,-0.239711922093201,-0.258120611878078
-0.0832827125368229,1,983,983,-0.0904548907038028,-0.0919048585449858,-0.0940734006979548,-0.0976547663565557,-0.104638274948566
1.56574279291785,1,984,984,2.1794569594787,2.35261204076392,2.65488770743135,3.29874295913735,5.36063220935328
2.29105485401851,1,985,985,4.38519721872116,5.14317794372748,6.63644417545584,10.5146927606758,28.9781536275202
-0.573852607215619,1,986,986,-0.642867572851029,-0.657886708028418,-0.681143560151863,-0.721877925633414,-0.811343442883187
0.540642470921317,1,987,987,0.603497708813768,0.617079247192038,0.638040635121796,0.674553365005863,0.753886208350641
-0.714668677427748,1,988,988,-0.814887459752119,-0.837402172855762,-0.872780847412712,-0.936266285124619,-1.08242888494208
0.40014855511844,1,989,989,0.441018546622548,0.449607253886889,0.462691589686033,0.484992126433392,0.531390690304306
0.103023918939389,1,990,990,0.111935356702915,0.113738815494104,0.116437385457979,0.120897966689423,0.129611847309324
-0.851680304465035,1,991,991,-0.991836598167994,-1.02437349069941,-1.07627510559949,-1.17173489834885,-1.40219468912652
-0.00808944751671925,1,992,992,-0.00878035621887958,-0.00891976101840734,-0.00912805463236015,-0.0094714896825122,-0.0101388557509256
-0.725554584661171,1,993,993,-0.828570363550716,-0.851772477264546,-0.888273984412114,-0.953900438777655,-1.10555503108177
0.561488132721966,1,994,994,0.628161533824231,0.642632369583651,0.665012458565477,0.704130617809209,0.78970045033279
0.746218766315466,1,995,995,0.854712011347242,0.879267004910155,0.917983222727394,0.987847426507327,1.15044242919081
-0.276938177281747,1,996,996,-0.302795134298234,-0.308121206827552,-0.316158583844431,-0.329638688982287,-0.356782645302544
1.18211905771359,1,997,997,1.47302935370158,1.54655098989443,1.66848911832498,1.90746384353003,2.55902442255395
0.588156059505759,1,998,998,0.659953525468235,0.675627008858645,0.6999321783358,0.742604804587814,0.836768181624726
0.647997420669082,1,999,999,0.732344581113723,0.751005040776713,0.78012101031837,0.831763867642656,0.948009853149894
0.217659309301059,1,1000,1000,0.237316406710349,0.241334705756732,0.247376545465314,0.257446863168141,0.277465303823274
-1.63094961321672,2,1,1001,-2.32194817161936,-2.52087317901224,-2.87144627270876,-3.62980244500098,-6.13275095500959
-0.2654677393039,2,2,1002,-0.290081281282095,-0.295143187560527,-0.302776138526567,-0.315561399927773,-0.341237696053891
-0.720242439449596,2,3,1003,-0.821885811223869,-0.84475034284944,-0.88070021593282,-0.945274174125593,-1.0942259479114
-0.767885715905846,2,4,1004,-0.882366002671593,-0.908409611238858,-0.9495699042656,-1.02413257762553,-1.19896200583486
1.32316942155793,2,5,1005,1.71008232362611,1.81174554101946,1.9834160562092,2.32983598512207,3.32892729456002
0.840124664728966,2,6,1006,0.976489402688927,1.0080568081634,1.05834686843153,1.15064720146939,1.37257656529088
0.248136592513921,2,7,1007,0.270912874305709,0.275586188615001,0.282625446476036,0.294394161141144,0.317937557795137
0.665988888563642,2,8,1008,0.754413353896837,0.774056138975784,0.804762706468115,0.859396653626467,0.983121458330469
0.873684516103254,2,9,1009,1.02129534451639,1.0557485374596,1.11084311783304,1.21258629534288,1.46012924656233
0.0780674082771984,2,10,1010,0.0847836625670903,0.0861411343869642,0.0881711072821169,0.0915229557257084,0.098056162595884
0.794814096176554,2,11,1011,0.91709694710795,0.945095490098427,0.989476346117237,1.07026351025419,1.26146217065557
0.992769110442689,2,12,1012,1.18651012980603,1.23310149155309,1.30863216696206,1.45126202061093,1.81343958550075
0.446839206223998,2,13,1013,0.494353003438085,0.504425788119526,0.519834298169909,0.546278593243735,0.602067884848782
0.678878397910225,2,14,1014,0.770315404595568,0.79068752972911,0.822577588584029,0.879444653172661,1.00878810743544
0.407303564639661,2,15,1015,0.449153387782777,0.457959504864341,0.471383301419767,0.494286137070163,0.542037331128689
2.39189484634373,2,16,1016,4.84654697550936,5.77033942650246,7.62654871809384,12.6079500692862,37.9719712660887
1.72203379718529,2,17,1017,2.5348311353355,2.77567018449524,3.20595513726729,4.15772278654002,7.43947028087099
1.65790553808261,2,18,1018,2.38319759446052,2.59376686675347,2.96634687279117,3.77757111058989,6.48935412009191
0.94325254877467,2,19,1019,1.11656908339092,1.15772908507334,1.22407260206809,1.34818569428654,1.65774140426741
2.42068295695598,2,20,1020,4.98832389340857,5.96563885600252,7.94077607683803,13.2925353361343,41.086981724155
2.38776503342768,2,21,1021,4.82659238097182,5.74294637427099,7.5826929944446,12.5131582071573,37.5472081142668
1.61118817383772,2,22,1022,2.27793549039757,2.46870275692756,2.80392491646078,3.52565528011941,5.88581037273786
1.08310626721956,2,23,1023,1.31917427762944,1.37728593219354,1.47250670643234,1.65548218389907,2.13588601860062
-1.67207891552353,2,24,1024,-2.41597984571558,-2.63291997777455,-3.01758655275612,-3.85802289483536,-6.68653509321449
-1.1318026679498,2,25,1025,-1.39366373735167,-1.45895818406739,-1.56658188449737,-1.77538658331951,-2.33378601278371
-0.533812832533664,2,26,1026,-0.595451530261109,-0.60875099409457,-0.629263278856001,-0.664953842085418,-0.742329993903185
-0.54727761503546,2,27,1027,-0.611330846121301,-0.625190765308942,-0.646595801689548,-0.683921958579143,-0.765196168120005
0.259002667608357,2,28,1028,0.28292515409515,0.287840654830465,0.295249754999552,0.307651241255453,0.332520300694277
-0.526324907325382,2,29,1029,-0.586648838435858,-0.599644159900733,-0.619672702039996,-0.654479130772415,-0.729757438385858
-0.00148022562880087,2,30,1030,-0.00160664001793604,-0.00163214621442903,-0.00167025631710009,-0.00173309139753544,-0.00185518915786646
-0.0100508554800961,2,31,1031,-0.010909322293591,-0.0110825370960547,-0.0113413496722203,-0.0117680841683659,-0.0125973334850266
1.95185224313918,2,32,1032,3.15784549829811,3.54367825700853,4.25886636699748,5.93896024530017,12.4668889780573
-0.507063118001509,2,33,1033,-0.564094256666006,-0.576331159245603,-0.5951557298017,-0.62776836984252,-0.697870517165214
1.54415731723051,2,34,1034,2.13396668420197,2.29928764583081,2.58699769598363,3.19675650001266,5.13043996523894
-1.34179207197273,2,35,1035,-1.74314965378572,-1.84916523261272,-2.02862321216058,-2.39219922115316,-3.44882735552293
-0.669626409025112,2,36,1036,-0.758893201367589,-0.778739615523983,-0.809776395898437,-0.865032778232673,-0.990320704364863
-0.6490499929014,2,37,1037,-0.733631669393858,-0.752348477650088,-0.781555579523825,-0.833369486285566,-0.950041674197191
-0.177952021485794,2,38,1038,-0.193732728234496,-0.196945024823064,-0.201765196064379,-0.209771346632277,-0.225571401026848
-1.37184237560438,2,39,1039,-1.79745779878312,-1.91084814834946,-2.10355509613401,-2.49650707271563,-3.65284776965699
-0.748438145045459,2,40,1040,-0.857533030795467,-0.882237155587618,-0.921197890862554,-0.991531137851274,-1.15534262786631
-1.27120607614372,2,41,1041,-1.62008628288631,-1.71043366498287,-1.86197277699926,-2.1644413335541,-3.01859806891505
-0.197101344274759,2,42,1042,-0.214727155050623,-0.218322017289357,-0.223721280599738,-0.232703696969176,-0.250489912471855
0.435799042436496,2,43,1043,0.481687302131762,0.491394862842372,0.506229927003798,0.53164757593281,0.585092242226698
1.01220105371492,2,44,1044,1.2144755773947,1.26336156523084,1.34279286858426,1.4933463770561,1.8783710327746
0.996448327175816,2,45,1045,1.19178205189093,1.23880057528015,1.31505653965359,1.45915702020134,1.82556052708748
0.136700074175537,2,46,1046,0.148638661438922,0.151060203829022,0.154687580998331,0.160694722319477,0.172476419173941
0.0531203086055051,2,47,1047,0.0576723637767862,0.0585915570938501,0.0599655064632899,0.0622323750188504,0.0666435370521164
-0.74541746402209,2,48,1048,-0.853694131297245,-0.878195466309535,-0.91682372330837,-0.986519253212605,-1.14867705963419
-0.883292210375663,2,49,1049,-1.03425664955996,-1.06957626042857,-1.12611768070194,-1.23071809942052,-1.48607988849278
0.293857179476932,2,50,1050,0.321590480858211,0.327316983555976,0.335968668232196,0.350507827899025,0.379903638483342
0.831078315172473,2,51,1051,0.964532724593326,0.995358392990729,1.04441726131527,1.13430936515715,1.34976407952788
-0.445125243438989,2,52,1052,-0.49238437727621,-0.502399856261489,-0.517718327823781,-0.544001248616545,-0.599421244285484
-1.44161570751853,2,53,1053,-1.92833015820258,-2.06064655208109,-2.28764603548268,-2.75766677692492,-4.18234797931234
-2.13958871637189,2,54,1054,-3.78250680788773,-4.34444305149535,-5.42068674916255,-8.0885370664653,-19.6390654500809
-0.414856145102464,2,55,1055,-0.457754861359553,-0.466794283116671,-0.480582757638136,-0.504133780361437,-0.553345484353722
0.692520020041576,2,56,1056,0.787230797282042,0.808398830612188,0.841582780542423,0.900898427024499,1.03643589954179
1.31557547959871,2,57,1057,1.69672402638275,1.79665865559298,1.96524299689474,2.3048872653029,3.2814005621788
1.21654584813514,2,58,1058,1.52882775880926,1.60849100499998,1.74118515775234,2.00306639667263,2.72673797655392
0.548322727177996,2,59,1059,0.612566117206463,0.626470278970586,0.647945862152721,0.685401478924329,0.766985159769364
-0.204288768399589,2,60,1060,-0.222618543403158,-0.226359878616181,-0.231981224168564,-0.241339079506508,-0.259893376965777
0.494436156324034,2,61,1061,0.54937651702906,0.5611343655156,0.57920020111407,0.610435417446968,0.677309628338262
0.39768844636622,2,62,1062,0.438224607416265,0.446739361561082,0.459708310842896,0.48180435699702,0.527744677830033
-0.0869632473441342,2,63,1063,-0.0944580202080557,-0.0959734744642549,-0.098240151113898,-0.101984142128564,-0.109287049552478
0.141933930040989,2,64,1064,0.154351047427384,0.15687067122275,0.160645706922655,0.166899484028001,0.179173577330433
0.495023324413981,2,65,1065,0.550059745898625,0.561839560944435,0.579940157129375,0.611238390171562,0.678259896043736
0.271356877638083,2,66,1066,0.296605998755809,0.301802816511467,0.309642226931197,0.322781967903913,0.34920602211801
-0.231510061093935,2,67,1067,-0.252567898906195,-0.256879619312166,-0.263367748162637,-0.274196537497683,-0.295783137666389
1.80760545422155,2,68,1068,2.75125408794205,3.03877756369518,3.55935454281574,4.73613745408014,8.97157740053575
1.04170883058529,2,69,1069,1.25752814587712,1.31008577375678,1.39578102457998,1.55913195239348,1.98145035546805
0.608151973445158,2,70,1070,0.683976099655545,0.700601739214479,0.726436034641357,0.771946816001152,0.873038107165081
1.892175224374,2,71,1071,2.98276421326591,3.32461112320098,3.95202931328158,5.40225653557775,10.8577818455949
0.648277367455897,2,72,1072,0.732686852565915,0.751362285521697,0.780502470000708,0.83219077329402,0.948549978317196
0.203665049027074,2,73,1073,0.221933476127932,0.225662035305449,0.231264001696571,0.240589072599768,0.259076203787622
-0.383785699488487,2,74,1074,-0.422464153019911,-0.430568487721476,-0.442897851974069,-0.463862639264228,-0.507277254764157
-0.526587687980729,2,75,1075,-0.586957425733936,-0.599963331087529,-0.620008698306929,-0.654845852684506,-0.730196953695492
-0.198834116475105,2,76,1076,-0.216629049963974,-0.220259075159342,-0.225711633900369,-0.234784095329054,-0.252754309776778
0.102373033129261,2,77,1077,0.111226754640542,0.113018465605988,0.115699408197855,0.120130713097997,0.128786827993159
1.45105584685485,2,78,1078,1.94657579342185,2.08165985156208,2.31370750367141,2.79519280123758,4.26058226141039
0.146111248264329,2,79,1079,0.158912029744788,0.161510370566886,0.165403969470808,0.171855947010717,0.184526406618284
0.957183544943115,2,80,1080,1.13605977249443,1.17868954912736,1.24751266423586,1.37660255026821,1.7001920880439
0.168914867925834,2,81,1081,0.183839240308334,0.186874625987719,0.191427463129845,0.198984227459247,0.213875355904464
-1.86046514861575,2,82,1082,-2.89377196874893,-3.2142116951083,-3.7993125925906,-5.14035979083471,-10.1011575740002
-0.206056443436209,2,83,1083,-0.224560354590708,-0.228337966583342,-0.234014346602739,-0.243465329986819,-0.26221052053124
0.0243624319330572,2,84,1084,0.0264445226109385,0.0268646900600731,0.0274925350551384,0.0285278588744701,0.0305402499107217
1.11086006087584,2,85,1085,1.36135810268799,1.42347365685455,1.52559691450812,1.72290967823274,2.24639836746426
-0.203932328736194,2,86,1086,-0.222227038900337,-0.225961071400376,-0.231571339737671,-0.240910454802587,-0.25942635637708
1.40062158647785,2,87,1087,1.85060754821148,1.97148773693613,2.17771690938614,2.60088546413703,3.86130420098763
0.623916610906078,2,88,1088,0.703031518818561,0.72043975096511,0.747534010813546,0.795392699128311,0.902257330585033
-1.57331444781925,2,89,1089,-2.19560646176269,-2.37158871630715,-2.67913457963693,-3.3353778882152,-5.44421395991499
-0.867091944144517,2,90,1090,-1.01243660674411,-1.04630583488398,-1.10042636120602,-1.20024945080862,-1.4425556896664
-0.32120677549897,2,91,1091,-0.352087220469066,-0.358490173708504,-0.368183013814798,-0.384526804647239,-0.417799899508441
0.336816791759528,2,92,1092,0.369561102310887,0.376367487397805,0.38668324504544,0.404112380895324,0.43974075180161
0.919682309416583,2,93,1093,1.08391276792646,1.12268517263232,1.18501144610586,1.30109572754203,1.58818869058557
-0.298194367811147,2,94,1094,-0.326417119240571,-0.332248429724984,-0.341061151595435,-0.355878647260265,-0.385869212964979
-1.00807459290853,2,95,1095,-1.20851176233803,-1.25690246249594,-1.33549089342349,-1.48432919585743,-1.8643920961409
0.0553549559053356,2,96,1096,0.0600998915534835,0.0610580993347843,0.06249041284923,0.06485371284125,0.0694530867483907
0.204053559735718,2,97,1097,0.222360194207468,0.226096710020549,0.23171074514629,0.241056232646835,0.259585189676177
-1.76382383569801,2,98,1098,-2.63841354583509,-2.90109245712666,-3.37343110328275,-4.42926185663016,-8.14605321456981
-2.24106746358088,2,99,1099,-4.17516446914661,-4.86208081491044,-6.20255078287431,-9.6296561567714,-25.4295984824114
-1.24417226251216,2,100,1100,-1.57453085645772,-1.65944543244392,-1.80138147113925,-2.08309739818475,-2.87011595497411
-0.911445638811269,2,101,1101,-1.07259375864787,-1.11056034766148,-1.17153389121791,-1.28492440799716,-1.56453128793706
0.220086953496092,2,102,1102,0.239987620442448,0.244056856950989,0.250176111853455,0.260377826918767,0.280667236396054
-0.693352765947749,2,103,1103,-0.78826628158384,-0.809483716025678,-0.842748056527959,-0.902216076918288,-1.03814012522413
0.0312659512258536,2,104,1104,0.0339392785197604,0.0344788172659188,0.0352850784990322,0.0366147353748063,0.0391997350361825
-1.47899040676582,2,105,1105,-2.00135707836237,-2.14493971251882,-2.39253923064956,-2.90952599201777,-4.50220726996136
-1.21851436242775,2,106,1106,-1.53205655580891,-1.6120842559856,-1.74541849902681,-2.00866901611158,-2.73668719307923
-0.0581389075440876,2,107,1107,-0.0631243766649123,-0.0641312492482931,-0.0656363717026951,-0.0681199929524093,-0.0729543031374774
0.406243210824567,2,108,1108,0.447946981573474,0.45672065899795,0.470093781778761,0.492906642123976,0.540455494952547
0.764450325902436,2,109,1109,0.877964324036128,0.903766991657646,0.944531201498325,1.01833093424821,1.19116645269848
-0.598937962394593,2,110,1110,-0.672886481596354,-0.689067852848547,-0.714188136137509,-0.75837208703291,-0.856217509298176
-0.145694371162278,2,111,1111,-0.158456794154595,-0.161047261662357,-0.164928999500097,-0.171361142455751,-0.183991909243573
-0.0876538010551842,2,112,1112,-0.0952091806995817,-0.0967369418678522,-0.0990220637423715,-0.102796629398204,-0.11015961797667
1.27516187750973,2,113,1113,1.62682330078354,1.7179909543172,1.87098357435223,2.17660552201003,3.04103864575365
0.00517507550526913,2,114,1114,0.00561705100311791,0.00570622750767002,0.00583947110363968,0.00605916144784348,0.00648605729342027
0.375090012703412,2,115,1115,0.412630895682214,0.42048485571548,0.432424703641788,0.452702425751105,0.494590955464273
-2.53105300513747,2,116,1116,-5.5784487140147,-6.79074037410689,-9.29718382538317,-16.3512927399579,-55.9750573388317
-1.59412267397326,2,117,1117,-2.24051526078143,-2.42448547386886,-2.74696040969891,-3.43843973460338,-5.68185231806102
-1.36358430925945,2,118,1118,-1.78241449353921,-1.89373384361901,-2.08271350236791,-2.46737777669492,-3.59543746416497
-2.10598552858466,2,119,1119,-3.66160587036673,-4.18721416830237,-5.18782454509629,-7.64366075492635,-18.0644699510866
-1.10896358399005,2,120,1120,-1.35845303208447,-1.42028752102901,-1.5219253009965,-1.71822657716802,-2.23865833922961
-0.39528283485908,2,121,1121,-0.435494061087119,-0.443936891115147,-0.456793660393884,-0.478691015318113,-0.524186578639735
0.976209907194587,2,122,1122,1.16291330194095,1.2076233734814,1.27996443312873,1.41614189082939,1.7598576781083
1.91968276713278,2,123,1123,3.06219883107063,3.42369796580566,4.09019774200759,5.64222419804747,11.5676559886792
0.779828901737649,2,124,1124,0.897719357941907,0.924615346103522,0.967178368290524,1.0444475949333,1.22637269337107
1.30658515784154,2,125,1125,1.68100215576233,1.77892420801605,1.9439202343466,2.27570332761314,3.22612670022358
-0.72292888858482,2,126,1126,-0.82526451202067,-0.848299251907246,-0.884527207126372,-0.949631581419782,-1.09994474104045
0.564861759616321,2,127,1127,0.632168281614726,0.646787152986126,0.669403807979458,0.708957602654556,0.79557551230113
2.2891995322335,2,128,1128,4.37719144495168,5.13241138915741,6.61970922197762,10.4801802433047,28.8368513838082
0.690905437272646,2,129,1129,0.78522408705142,0.806296607795709,0.839325156176391,0.898346330768435,1.03313709218673
-0.86651610689113,2,130,1130,-1.0116641690814,-1.04548279333516,-1.09951895500816,-1.19917587572704,-1.44102958991159
0.910661438501724,2,131,1131,1.07151855826247,1.1094091812606,1.17025528208275,1.28339227446146,1.56229593138199
-0.831213877522437,2,132,1132,-0.964711527957597,-0.995548201360298,-1.04462532521172,-1.13455310167883,-1.35010354791103
-1.08125470625614,2,133,1133,-1.31638491729872,-1.3742376630716,-1.46901309801459,-1.65106685017558,-2.12871916231858
0.951484073581056,2,134,1134,1.12806842274026,1.17009151168468,1.23789050690799,1.36492296923218,1.68270086674954
-0.791868342350916,2,135,1135,-0.913277626476841,-0.941056478239763,-0.985074817895597,-1.06515950161737,-1.25450186255037
-2.63465172207677,2,136,1136,-6.20815824993619,-7.69150973662361,-10.8274469024812,-19.9882891347504,-75.5824053738338
-0.378835519060882,2,137,1137,-0.416864131234512,-0.424825349624558,-0.436932000925471,-0.45750376877214,-0.500044680584781
0.605080345012927,2,138,1138,0.680275341478918,0.696751815827725,0.722346275406704,0.767411071822368,0.867409966864907
-0.506262990308864,2,139,1139,-0.56316007383771,-0.575366201513311,-0.594141988725105,-0.626665945975731,-0.696559746990068
0.348846806475025,2,140,1140,0.38306308748971,0.390189532689559,0.401000498224027,0.419295376285662,0.45681456579039
-0.684781287796658,2,141,1141,-0.777623986521911,-0.798337439327138,-0.830782087313282,-0.888697764193686,-1.02068962818029
0.465032866996869,2,142,1142,0.51530333374565,0.525998499376762,0.542386333719803,0.570590014344596,0.630423313659064
-0.404207901847766,2,143,1143,-0.445632156292018,-0.454343782436451,-0.467619997659794,-0.49026085501281,-0.537423167784161
-0.79745482867625,2,144,1144,-0.920525042771522,-0.94872177206687,-0.993429785879096,-1.07485130410805,-1.26772814918094
-0.655822623447963,2,145,1145,-0.741925142528993,-0.761007826627432,-0.790806980969583,-0.843733096102383,-0.963180990618143
0.988254904942726,2,146,1146,1.18005627312713,1.22612811788911,1.30077721780501,1.44162124173757,1.79867610077149
0.753426652513206,2,147,1147,0.863883450746679,0.88892554157722,0.928440687417613,0.999838271791362,1.1664142171906
-0.990769340252039,2,148,1148,-1.18364913629834,-1.23000973318585,-1.30514874904394,-1.44698497832314,-1.80688478639352
1.25434810727511,2,149,1149,1.59158007650223,1.67850467547451,1.8239887830342,2.11335560590468,2.92502573021168
-0.49724315312489,2,150,1150,-0.552643756216691,-0.564506888323871,-0.582739354932001,-0.614276730857972,-0.681857544674979
-1.56030896095447,2,151,1151,-2.16792931414735,-2.33908105400832,-2.63762663358685,-3.27273028212554,-5.30157060650355
0.648728221984947,2,152,1152,0.733238154527116,0.75193772243566,0.781116940153042,0.832878505944296,0.949420256930919
-0.162201132494619,2,153,1153,-0.176494929942922,-0.179400296438354,-0.183756838272981,-0.190984143362698,-0.205211005348614
-0.884530772085632,2,154,1154,-1.03593198008734,-1.07136462621744,-1.12809494933904,-1.23306886836759,-1.48945503119757
-1.12956360796872,2,155,1155,-1.39018989475973,-1.45513781093349,-1.56216106036126,-1.76970844030851,-2.32427241386681
-0.433840169880252,2,156,1156,-0.479443640942606,-0.489087354047296,-0.503822266248649,-0.529060889812626,-0.582097880815962
-0.901375461179501,2,157,1157,-1.05881902388273,-1.09581996290294,-1.15517456910869,-1.2653478574061,-1.53604801499789
-0.499070593496176,2,158,1158,-0.55477221535835,-0.566704259896069,-0.585045829910454,-0.61678115423467,-0.684825331322765
-0.713116045064932,2,159,1159,-0.812940781731461,-0.835358842542258,-0.87057977713554,-0.933764849201705,-1.07915891823494
-0.47010845868337,2,160,1160,-0.521165745502255,-0.532039235242904,-0.548708141527725,-0.577418153346421,-0.638421159589337
-0.421902524548315,2,161,1161,-0.46579363119092,-0.475054327016063,-0.489189049943763,-0.51335658101354,-0.563961965441775
0.781456410284707,2,162,1162,0.899817746664953,0.926831682967036,0.969588990211913,1.04723364683924,1.23014570142681
-0.877196345857063,2,163,1163,-1.02602594174423,-1.06079370126681,-1.11641335246446,-1.21919273625415,-1.46956766633067
-1.14226033194835,2,164,1164,-1.4099526206768,-1.47688709986166,-1.58735533923416,-1.80212558915954,-2.37877533859692
0.389791776245631,2,165,1165,0.429266811468514,0.437546900227356,0.450149991454669,0.47159846422377,0.51609102747621
0.149143275813893,2,166,1166,0.162223524700097,0.164879249854178,0.168859313366716,0.175455925510462,0.18841601050154
-1.22505203007724,2,167,1167,-1.54281007006036,-1.62405874897957,-1.75953884169575,-2.02738464957103,-2.77001903984415
-1.59447765715849,2,168,1168,-2.24128818850332,-2.42539750239321,-2.74813290791277,-3.44022886285362,-5.68601009140076
-0.0387840917673233,2,169,1169,-0.0421023508245668,-0.0427721524774877,-0.0437731454215176,-0.0454241552997043,-0.0486347586088521
-0.141139386863109,2,170,1170,-0.153483705724811,-0.155988401385703,-0.159740958177222,-0.165957174067052,-0.178156219001852
0.914441582485135,2,171,1171,1.07670536816564,1.11496337992807,1.17642595413737,1.29078972512277,1.57309834117417
-0.458080355359863,2,172,1172,-0.507285740808419,-0.517739996351094,-0.53374844572114,-0.5612696556514,-0.619530458030975
0.504442863493895,2,173,1173,0.561035795999619,0.573172129929006,0.591837303360675,0.624160237631588,0.693582030138582
1.69516845858406,2,174,1174,2.47026229196197,2.69796248228839,3.10311445876532,3.99333850534341,7.02292861797463
0.562068605651524,2,175,1175,0.628850636774862,0.643346860838372,0.665767513156758,0.704960346021649,0.790709728185245
0.183365853572576,2,176,1176,0.199663876549059,0.202983240909818,0.207965343841618,0.216244096542586,0.232597141094163
0.233391169328871,2,177,1177,0.254641358590436,0.258993464278617,0.265543083927281,0.276476563609557,0.298280378717735
0.0336004387962353,2,178,1178,0.0364738968501407,0.0370538516998155,0.0379205270238454,0.0393498685607185,0.0421288798563132
-1.01902898001764,2,179,1179,-1.22437398115241,-1.27408915550178,-1.35493268971574,-1.5083636886521,-1.90173207083237
0.465984283203459,2,180,1180,0.516401639213435,0.527130072969188,0.543570328200419,0.57186839552556,0.631919547343356
-1.35728292734173,2,181,1181,-1.77099667464997,-1.88075855999877,-2.06693857960359,-2.44538978446192,-3.55232447293419
0.701155459174434,2,182,1182,0.797984987102663,0.819669931709058,0.85369550957513,0.914607770914513,1.05420232591641
-0.475374780632668,2,183,1183,-0.527256839560583,-0.538317574070553,-0.555281836124265,-0.584524555832665,-0.646760969661701
-0.612193516514817,2,184,1184,-0.688851374911672,-0.705674914854272,-0.731827563954209,-0.777930807510706,-0.880475395785556
-1.61317747815923,2,185,1185,-2.2823327008581,-2.47390707101976,-2.81064550769435,-3.5359841233908,-5.91013684717738
-0.650280232167636,2,186,1186,-0.735136636877924,-0.753919479610388,-0.783233395726246,-0.835247836490282,-0.952419925387892
-0.279974284590006,2,187,1187,-0.306164172246722,-0.311561137840712,-0.31970716245978,-0.333374258552762,-0.360914513017073
-0.439931201760587,2,188,1188,-0.486423781339403,-0.49626696355349,-0.511314860739923,-0.537113232542449,-0.591426048651612
-0.653352434014025,2,189,1189,-0.738897863826263,-0.757846435528638,-0.787428507320706,-0.83994662573598,-0.958375407229121
0.712183275800111,2,190,1190,0.811771864777239,0.834132025464262,0.869258481275771,0.932263697709709,1.07719781063711
1.14485765313192,2,191,1191,1.41401470186818,1.48136206200605,1.59254713428819,1.80882310108577,2.39009283063219
1.05797081181873,2,192,1192,1.28156689947421,1.33624854911825,1.42557967689979,1.59639854558541,2.04069612776787
-0.569018488492313,2,193,1193,-0.637111030447899,-0.651913911174648,-0.674824776487608,-0.714920819388219,-0.802845344851365
-0.524180438011163,2,194,1194,-0.584131456654476,-0.597040648257976,-0.616932294420078,-0.651488795147444,-0.726175288513299
0.317298552342289,2,195,1195,0.347720237315367,0.354024211090767,0.363564445371343,0.37964297792802,0.412343071730058
0.135761838217557,2,196,1196,0.147614891785579,0.150018914294242,0.153619924018649,0.159583046845444,0.171276958728709
0.420414882804878,2,197,1197,0.464095352688001,0.473309039314962,0.487370172249922,0.511406586627254,0.561715201371921
-0.506512764817582,2,198,1198,-0.563451673104273,-0.575667401583611,-0.59445840706215,-0.627010027701212,-0.696968811886741
0.0680861196192257,2,199,1199,0.0739334046737404,0.0751147530708986,0.0768809958562238,0.0797963675430363,0.0854746611011669
1.31955633221835,2,200,1200,1.7037176340575,1.80455512063078,1.97475091805848,2.31793145162418,3.30621796145927
1.38062781105112,2,201,1201,1.81356257038913,1.92919397412135,2.12594003982445,2.52789340887465,3.71508115883632
1.97479753632219,2,202,1202,3.22794861219081,3.63207492643069,4.38407443264392,6.16187693477841,13.157660018487
2.34739215491018,2,203,1203,4.63641662014547,5.48307261018669,7.16936990404439,11.6290626452361,33.6641629105038
0.401748729561712,2,204,1204,0.44283669839813,0.45147372664157,0.464633478832787,0.487067735648792,0.53376622773172
0.80258254307922,2,205,1205,0.927193186835204,0.955778131044497,1.00112734089902,1.08379319720242,1.27996716299952
-0.184123137652377,2,206,1206,-0.200493787962806,-0.203828195755194,-0.208833059204657,-0.217150152044299,-0.233581071158954
0.928753271609028,2,207,1207,1.09643348348491,1.13611026475633,1.19995659818151,1.31907379244497,1.6146259554082
0.721165980601851,2,208,1208,0.823046918669211,0.845969845999931,0.882015112907979,0.946770990718565,1.09618951924504
0.423455867517701,2,209,1209,0.467567559241641,0.476877509419785,0.491089354390276,0.515394345265736,0.566311067560417
0.775109693607715,2,210,1210,0.891643166641035,0.918199590477584,0.960203525924503,1.03639314661125,1.21548375708482
3.42126284804802,2,211,1211,15.1589105866492,22.1025082305815,40.0354438217254,113.542548513135,1021.35207862842
1.82427846514978,2,212,1212,2.79544468156045,3.09299258612545,3.63314781234186,4.85948135282905,9.31124803130091
-0.000903575662919542,2,213,1213,-0.000980742801090523,-0.000996312543008001,-0.00101957608016554,-0.00105793246450684,-0.00113246448249053
-1.34090516863826,2,214,1214,-1.74156475910968,-1.84736934758951,-2.02644926214287,-2.38919045965244,-3.44300677517979
-0.678287545292451,2,215,1215,-0.769584756841585,-0.789922971972351,-0.821757958729736,-0.878520968139731,-1.00760196390281
1.33416586745488,2,216,1216,1.72955468867736,1.83376822926424,2.00999900662969,2.36645524495387,3.39914199248624
-0.207382244579648,2,217,1217,-0.226017026677142,-0.229821913940457,-0.235539680796014,-0.245060721653039,-0.263949612349965
-0.0206009889869056,2,218,1218,-0.0223612550288132,-0.0227164608218603,-0.0232472229057921,-0.0241224203031039,-0.0258234223663949
0.706120547041212,2,219,1219,0.804184833046654,0.826171666214002,0.86068923772631,0.922536234210852,1.06451254170234
1.20916974725055,2,220,1220,1.51676660511822,1.59507721763953,1.72539748902394,1.98220644452014,2.68981164007129
0.778039696140235,2,221,1221,0.895414207409165,0.922181028848423,0.964531337119903,1.04138967726695,1.22223535912108
-0.435003891074164,2,222,1222,-0.480776417804633,-0.490458026987516,-0.505252379838045,-0.530597245714182,-0.583876128293373
-0.525615638937304,2,223,1223,-0.585816054293045,-0.598782841242406,-0.618766025568613,-0.65348963193229,-0.728571761885096
1.60742653376835,2,224,1224,2.26964086202283,2.45889045446221,2.79126291671106,3.5062175777921,5.8401291708809
-0.191559000502598,2,225,1225,-0.208646335004637,-0.212129350008737,-0.217359167663563,-0.226055519340081,-0.243258095286062
-0.271340891843375,2,226,1226,-0.29658827973166,-0.301784729245051,-0.309623575893576,-0.322762348224538,-0.349184356346907
-0.434068971209933,2,227,1227,-0.479705650438779,-0.489356806439176,-0.504103392142797,-0.529362878227862,-0.582447358994987
-0.844437048744487,2,228,1228,-0.982206963365609,-1.01413325347485,-1.06501957425935,-1.15848793071875,-1.38356618937915
0.0821280093323614,2,229,1229,0.0891991248309812,0.0906285839101,0.0927663976563816,0.0962968552941595,0.103180437696561
-0.937325166807132,2,230,1230,-1.10831921986445,-1.14886721333193,-1.21417971153507,-1.33622814072546,-1.63998623417347
-0.862359330583775,2,231,1231,-1.00609455298271,-1.03954979266339,-1.09298033646189,-1.1914450310051,-1.43005514277186
0.00581775633491849,2,232,1232,0.00631462400637033,0.00641487619705099,0.00656466874107848,0.00681164519962418,0.00729156434984512
0.674041508622957,2,233,1233,0.764338942583795,0.784434827127489,0.815876384799198,0.871896430973518,0.999105283972151
0.0962414346383761,2,234,1234,0.104552745118712,0.10623411200895,0.108749529245331,0.112906046775414,0.12102048462639
-1.35239810338076,2,235,1235,-1.76218165675951,-1.87074963064037,-2.05478552362428,-2.42848541924169,-3.51930990583584
-0.164870855951193,2,236,1236,-0.179414845390023,-0.182371774133291,-0.186806143607022,-0.194164022205255,-0.208653940415147
1.43500554973213,2,237,1237,1.91563292257548,2.04604187367108,2.2695670311796,2.73171472466508,4.128555472426
0.620623505066134,2,238,1238,0.69904235136096,0.716284723960386,0.743111720594962,0.790471685612715,0.896106886154475
1.72109210057207,2,239,1239,2.53254161559043,2.77290850381615,3.20228806121672,4.15183004537475,7.42439067692859
-1.10066449355664,2,240,1240,-1.34577953074244,-1.40639709366177,-1.50593452391844,-1.69786508372936,-2.20511755752749
-1.02186571051907,2,241,1241,-1.22849754132788,-1.27856077752396,-1.35999753426897,-1.51463861242175,-1.91152312382218
-1.93816245505477,2,242,1242,-3.11677276379353,-3.49206710404225,-4.18612972355749,-5.81049012747703,-12.0746982799321
-0.321331407225418,2,243,1243,-0.352226532988427,-0.358632655761152,-0.36833038409575,-0.384682675784459,-0.417974151150573
1.13339769657428,2,244,1244,1.39614132178765,1.46168361146816,1.56973688784407,1.77944151819776,2.34058856384136
2.4838638721337,2,245,1245,5.31668755651077,6.42237980774216,8.6860105407498,14.9528356503969,48.976953844096
-1.29562297100581,2,246,1246,-1.66196633139382,-1.75748322438919,-1.91819796914595,-2.2406259113644,-3.16015052769729
-0.659712444873729,2,247,1247,-0.746697817122515,-0.765993251257632,-0.796136928300415,-0.849711013646044,-0.970779533134656
-0.971906729867496,2,248,1248,-1.15681587765913,-1.2010479450169,-1.2725798082174,-1.40712425614564,-1.7461884885033
-0.789775038917957,2,249,1249,-0.910566577998347,-0.938190197759271,-0.981952476120646,-1.06154124297957,-1.2495744917662
-0.803438964952515,2,250,1250,-0.928308381043993,-0.956958601768915,-1.0024156705733,-1.0852909817288,-1.2820206159972
0.238312874558933,2,251,1251,0.26006879446607,0.264527188191334,0.271238718231713,0.282448072031734,0.304825165571693
1.4670136712179,2,252,1252,1.97772367683577,2.1176052056438,2.35842265503838,2.85989396498419,4.39671740966628
-0.361355244852399,2,253,1253,-0.397136251549028,-0.404604311312292,-0.415944806299184,-0.435168205775537,-0.47472688202717
-0.217076498772765,2,254,1254,-0.236675241906438,-0.240681342630702,-0.246704646948267,-0.256743514996713,-0.276697143361228
-0.364221361249838,2,255,1255,-0.400365949696083,-0.4079135897455,-0.419377582023946,-0.438817936655767,-0.478854837787042
-0.721622157229729,2,256,1256,-0.823620599546981,-0.846572416633172,-0.882664881662606,-0.947510781725894,-1.09716034665167
-0.943811144980203,2,257,1257,-1.11734786672165,-1.1585659515364,-1.22500736363162,-1.3493166397558,-1.65942398965729
0.0531848735502793,2,258,1258,0.0577424992145322,0.0586628191792876,0.0600384538902143,0.0623081068009798,0.0667247023087087
-0.200456084671851,2,259,1259,-0.218409664571917,-0.222072689580424,-0.227575275827943,-0.236732291433945,-0.254875409501299
-0.570810503645247,2,260,1260,-0.639243942656478,-0.654126704646419,-0.677165344900259,-0.717497043009936,-0.805990110236251
-0.118454829588956,2,261,1261,-0.128742901384461,-0.130826956441536,-0.133946836037583,-0.139107948252,-0.149207352508187
-1.12192734142385,2,262,1262,-1.37837847835691,-1.44215663891248,-1.54715451852519,-1.75046591268925,-2.29213660114078
-0.713343546645897,2,263,1263,-0.81322594569942,-0.835658147104172,-0.870902157527814,-0.934131163772279,-1.07963761483472
-0.668401641214942,2,264,1264,-0.75738413500327,-0.777161795014119,-0.808087062325696,-0.863133192119999,-0.987892853005087
-0.381742056909778,2,265,1265,-0.420151500587972,-0.428196561894276,-0.440433666815627,-0.461235587699593,-0.504287902923527
-0.0314392466247966,2,266,1266,-0.0341274264471918,-0.0346699644611812,-0.035480708878708,-0.0368177627463501,-0.0394171573199572
1.20387232002786,2,267,1267,1.50814048917438,1.5854921944221,1.71413125766355,1.96735364516329,2.66363189152272
1.04373194416608,2,268,1268,1.26050648190952,1.31332438485371,1.39946469813191,1.56372822511376,1.98872412887713
-0.209201553394313,2,269,1269,-0.228016292876455,-0.231858702102115,-0.237633415538163,-0.247250885786924,-0.266337706244714
0.549516146002098,2,270,1270,0.613977168816203,0.627931983583612,0.649488348163413,0.687092243934963,0.769030548760753
1.13757891443376,2,271,1271,1.4026477303622,1.46884363317541,1.57803029160774,1.79011094324852,2.35852178006143
-1.92607969222195,2,272,1272,-3.08097840494323,-3.44719781888534,-4.12311693715614,-5.69981351248932,-11.7403390257644
-0.627405981689708,2,273,1273,-0.707263478305314,-0.724848847506768,-0.75222867831018,-0.800620654741445,-0.908801748381407
-1.04010388194222,2,274,1274,-1.25516787129682,-1.30751981466635,-1.39286344569456,-1.55549368523989,-1.97569931112504
-1.77180714919,2,275,1275,-2.65865212308758,-2.92570681192278,-3.40651135968836,-4.48344966221126,-8.28976667709766
0.400633847665463,2,276,1276,0.441569876247749,0.450173219817964,0.463280397156678,0.48562142856731,0.532110797297732
-0.271000601745445,2,277,1277,-0.296211104702602,-0.301399718073961,-0.309226568061482,-0.322344729244172,-0.348723203415962
1.89882369537661,2,278,1278,3.00176947511818,3.34827189802197,3.98492846246661,5.45913731887044,11.0246255339617
0.313895993362438,2,279,1279,0.343920783949922,0.350139228281091,0.359547665546255,0.375397313742228,0.407603823950213
0.652908779800975,2,280,1280,0.738354446010367,0.757279011927371,0.786822234365068,0.839267360734056,0.957513927414204
0.207229949238481,2,281,1281,0.225849686557151,0.229651437774698,0.23536444570735,0.244877429875527,0.263749790655352
0.53571619941257,2,282,1282,0.597692261690336,0.611069886281907,0.631706570224801,0.667624740841658,0.745542017538388
1.35170080741538,2,283,1283,1.76092589059669,1.86932438660304,2.05305605867623,2.42608230778173,3.51462582310665
0.183066297881818,2,284,1284,0.199335610118674,0.202649028384498,0.207622135530591,0.215885736460925,0.232208012258563
0.905347337684026,2,285,1285,1.06424371442293,1.1016229809435,1.16161158688989,1.27304391848132,1.54722520989044
-0.434172067901067,2,286,1286,-0.479823715380675,-0.489478226377292,-0.504230074215259,-0.529498964995086,-0.582604855426664
-0.511209124422249,2,287,1287,-0.568938338175894,-0.581335626912319,-0.600414527089992,-0.633489774793482,-0.704679892827545
-1.65001130293639,2,288,1288,-2.36511271333919,-2.57220865513642,-2.93821278336552,-3.73359570527525,-6.38247298658296
-0.966539021926034,2,289,1289,-1.14922979973739,-1.19287179937457,-1.26340545613341,-1.39593769396556,-1.72928200664233
1.55459748983411,2,290,1290,2.15586814538448,2.32493697038371,2.6196081942544,3.24563618283964,5.24030697414197
1.58422561227915,2,291,1291,2.21905797807409,2.39918846549898,2.71448011164092,3.38897891460347,5.56734696071189
1.02205192414248,2,292,1292,1.228768457714,1.27885461571141,1.36033044812105,1.51505126245122,1.91216761470061
0.434268060658505,2,293,1293,0.479933647688304,0.489591283210694,0.504348031774426,0.52962568153285,0.582751512544008
-0.378375046909826,2,294,1294,-0.416343514404125,-0.424291498923013,-0.436377564451183,-0.456913028660499,-0.49937333532638
-0.162799336607272,2,295,1295,-0.177149131393851,-0.180066035560182,-0.18443999021789,-0.191696503443829,-0.205982184897565
-1.1238048239421,2,296,1296,-1.38127733065635,-1.44534136867847,-1.55083401181512,-1.75517946293422,-2.29999347503048
-0.901667819543668,2,297,1297,-1.05921795132667,-1.09624662567723,-1.15564769848423,-1.26591322526996,-1.53686821757252
-2.47254066183988,2,298,1298,-5.25603037034877,-6.33755302665089,-8.54653225653053,-14.6382648496658,-47.4465094725768
-0.845654101592324,2,299,1299,-0.983822687743921,-1.01585088831084,-1.06690659138465,-1.16070695713934,-1.38668130142793
-0.346831329706165,2,300,1300,-0.380798783763577,-0.38787103560989,-0.398598088825435,-0.416746089552668,-0.453943751431315
0.645081512887803,2,301,1301,0.728781577919196,0.747286653650552,0.776151390822638,0.827322908269133,0.942395407541397
-0.571462642527333,2,302,1302,-0.640020444222587,-0.654932359155,-0.678017639376957,-0.718435379227917,-0.807136135947163
1.6742688413352,2,303,1303,2.42108122702514,2.6390213992866,3.02558811459128,3.87062804047318,6.71762094480174
1.66685164793688,2,304,1304,2.40384237669499,2.61841251115911,2.99857906809225,3.8281249489476,6.61301021733326
1.01413103754062,2,305,1305,1.21726962698311,1.26638876873286,1.34621702556767,1.49757888407048,1.88494498930251
-0.300586561268612,2,306,1306,-0.329080788003646,-0.334970293532232,-0.343872476401725,-0.358844722260816,-0.389166482543611
0.0731803847930509,2,307,1307,0.0794706110810637,0.080741708486565,0.0826423236563807,0.0857800284085316,0.0918935727997164
-1.16565578970629,2,308,1308,-1.44678238831787,-1.5175173077439,-1.63459444804278,-1.86328240727069,-2.48284023727407
-0.00290495318779999,2,309,1309,-0.003153044187956,-0.00320310074538627,-0.00327789285315287,-0.0034012085841022,-0.00364082986490541
-0.0654781361172813,2,310,1310,-0.0710990889653881,-0.0722345981097127,-0.0739322249300347,-0.0767341062026508,-0.0821903968901998
-1.67711228946247,2,311,1311,-2.42771955962497,-2.64696454378993,-3.03601165771384,-3.88706549956047,-6.75823539076844
-1.42771135921244,2,312,1312,-1.90169617519483,-2.03002906044678,-2.24977726723992,-2.70338229667361,-4.07012195625343
-0.52034794490904,2,313,1313,-0.579636492114668,-0.592392824457252,-0.612041618170846,-0.646155051882607,-0.719793712655148
-0.115379835957433,2,314,1314,-0.125392253327658,-0.12742006052208,-0.130455440633007,-0.135475924837961,-0.145296671523532
0.785896574198084,2,315,1315,0.905550170568684,0.932888107294578,0.976179335690188,1.0548564152098,1.24048593004389
-0.119464854076099,2,316,1316,-0.129843619452029,-0.131946187747405,-0.135093884274698,-0.140301305123392,-0.150492530070753
0.356966713447966,2,317,1317,0.392194689330909,0.399541848202708,0.410694824033345,0.42958908815894,0.468423476289893
-0.318423427708313,2,318,1318,-0.34897683684206,-0.355309217723829,-0.36489324079355,-0.381047860799472,-0.413912208830751
0.211220351139882,2,319,1319,0.230235288361876,0.234119462154455,0.239957577023356,0.249682452146443,0.268989916277363
-0.41487488215631,2,320,1320,-0.457776219503845,-0.466816225002411,-0.480605612481147,-0.504158259386865,-0.553373629222921
-1.81278797156018,2,321,1321,-2.76491636030979,-3.05552146577597,-3.58211016115039,-4.77408049524833,-9.07559252165903
-1.38464613915879,2,322,1322,-1.8209636214421,-1.93763320808191,-2.13625243455588,-2.54238734595302,-3.7439507001792
-0.580933806522977,2,323,1323,-0.651316286358601,-0.666656638513317,-0.690427841060432,-0.732112423700001,-0.823877559397566
0.493841255014542,2,324,1324,0.548684404301292,0.56042002741738,0.578450695891962,0.609622167253643,0.676347418666213
-0.0667163386269592,2,325,1325,-0.0724447129856099,-0.0736019766356413,-0.0753321661894955,-0.0781879026098431,-0.08374952728917
-0.249582046490114,2,326,1326,-0.272509720390662,-0.277214976846358,-0.284302980916432,-0.296155003920227,-0.319872551836453
0.240620609238739,2,327,1327,0.262614905472474,0.267123451993932,0.273911418797631,0.285251119416917,0.307899525218108
-0.792942274234608,2,328,1328,-0.914669456350449,-0.942528231930187,-0.986678438090501,-1.06701859845552,-1.25703579677762
-1.03711142947481,2,329,1329,-1.25077289020551,-1.30274319805904,-1.38743464096263,-1.54872886047578,-1.96502171090748
0.711440858525791,2,330,1330,0.810841802380457,0.833155967220526,0.868207377815333,0.931069759874764,1.07563871739888
0.830133747098435,2,331,1331,0.963287174628072,0.99403625503768,1.04296808584728,1.13261197890485,1.34740073659648
1.61269232438524,2,332,1332,2.28125962120002,2.47263686620599,2.80900491968469,3.53346194986444,5.9041932823278
0.834393202124857,2,333,1333,0.968908206236475,1.00000393588406,1.04951089196018,1.1402789013232,1.3580857504719
0.181120587977712,2,334,1334,0.197203663866743,0.200478523085071,0.205393302593309,0.213558683816668,0.229681597287934
-0.640537305199342,2,335,1335,-0.723236433775219,-0.741501443127645,-0.769978230715219,-0.8204225120642,-0.933687170767311
-0.422505344360928,2,336,1336,-0.46648197698953,-0.475761766854445,-0.489926384955826,-0.514147194143351,-0.564873224572751
0.260793550110187,2,337,1337,0.284906774576348,0.28986265534769,0.297333475017944,0.309840715838204,0.334931978770871
-0.475759733815345,2,338,1338,-0.527702418998756,-0.538776930055513,-0.555762931880631,-0.585044887637962,-0.647372257863769
-0.947536717784251,2,339,1339,-1.12254781376688,-1.16415509267851,-1.23125266649063,-1.35687754754117,-1.67068753136878
0.665718469081531,2,340,1340,0.754080558473498,0.773708273740602,0.804390410077818,0.858978325586218,0.982587622829258
-0.811132015201237,2,341,1341,-0.938345224194008,-0.96758747647021,-1.0140233664748,-1.09880128563081,-1.30058724179546
-0.360949389555272,2,342,1342,-0.396679065378065,-0.404135896021702,-0.415458969284255,-0.434651775173157,-0.47414306614522
-1.03768410524704,2,343,1343,-1.25161339070608,-1.30365654590807,-1.38847245748028,-1.55002158105149,-1.96706057044283
-1.30292493686499,2,344,1344,-1.67462986491647,-1.77174292482813,-1.93529805747634,-2.26392965923808,-3.20392583949872
-0.96643650258856,2,345,1345,-1.14908512337615,-1.19271591956315,-1.26323063116333,-1.39572470285782,-1.72896065056765
-1.49006244620139,2,346,1346,-2.02340416856078,-2.17048685369443,-2.42451294666979,-2.9562487758284,-4.60234887451167
0.0456408800882502,2,347,1347,0.0495485157664391,0.0503374155470309,0.0515164904658118,0.0534614934690884,0.0572449143394645
1.64247476047207,2,348,1348,2.34796190114084,2.55179110250465,2.91161935917651,3.69215841017936,6.28234635773308
2.47694758836417,2,349,1349,5.27954133296006,6.37040809818204,8.60049785308708,14.7597701658218,48.035718073137
-0.476487027422839,2,350,1350,-0.528544380254856,-0.539644952855163,-0.556672083853684,-0.586028279405592,-0.648527792602189
-0.367372587875586,2,351,1351,-0.403919138333288,-0.411554847367403,-0.423155571793243,-0.442836308138983,-0.483403806329928
-0.179116821509956,2,352,1352,-0.195008551733367,-0.198243814109288,-0.203098710417156,-0.2111632931676,-0.227081776882216
-1.82240987872321,2,353,1353,-2.79045778353836,-3.08686619931521,-3.62479270533824,-4.84547252699285,-9.27244617172588
-0.68507781247136,2,354,1354,-0.777991561422975,-0.798722283354955,-0.831195002256117,-0.889163791558958,-1.02128996627431
-0.88263497570286,2,355,1355,-1.03336806039153,-1.06862781506174,-1.12506921794642,-1.22947192348196,-1.48429167129182
-1.35715283206515,2,356,1356,-1.77076150129781,-1.88049143828555,-2.06661405962951,-2.44493799236542,-3.55144063454081
1.77741426185991,2,357,1357,2.67295544097335,2.9431238899632,3.42996064639724,4.52197027176243,8.39246925046915
1.66495958400086,2,358,1358,2.39946269939643,2.61318088120996,2.99173087837762,3.81736867367874,6.5866298882723
2.750137199401,2,359,1359,7.0119826882022,8.86918887015752,12.8984624704369,25.1918579739143,106.865503846741
1.61401353941554,2,360,1360,2.28418296488608,2.47609747553537,2.81347508793567,3.54033536115481,5.92039572659586
-1.43902196073569,2,361,1361,-1.92334023072638,-2.05490519176439,-2.28053550050784,-2.74745191304434,-4.16114441456443
-1.41244144322775,2,362,1362,-1.87276998064608,-1.99685272694369,-2.20888361259902,-2.64508677012249,-3.95085911540012
0.15267630597858,2,363,1363,0.166083279415615,0.168806141833325,0.172887400686874,0.179653389239659,0.192953057845846
1.22571544435581,2,364,1364,1.54390390435321,1.62527739735967,1.76097697360247,2.02929322411956,2.77342646254813
-0.444493672983087,2,365,1365,-0.4916591819259,-0.501653601140263,-0.51693898939297,-0.543162632075599,-0.598447043190233
0.179110179392164,2,366,1366,0.195001276089586,0.198236407398045,0.203091105513612,0.211155354724909,0.227073162267598
1.61791832054223,2,367,1367,2.292841918616,2.48635237571083,2.82673032289069,3.56073829725678,5.96858523716966
0.803033817278624,2,368,1368,0.927780762480647,0.956400087163035,1.00180610361995,1.08458226959545,1.28104885472379
-0.712585995549652,2,369,1369,-0.812276486942144,-0.834661630597746,-0.869828850980717,-0.932911664838307,-1.07804420121687
-1.0086374339993,2,370,1370,-1.20932440748423,-1.25778240684113,-1.3364853365021,-1.48555654191834,-1.8662926669474
-1.57253169710554,2,371,1371,-2.19393224406098,-2.36962028901709,-2.67661737383558,-3.33156948075582,-5.43550330607197
-2.37455724648341,2,372,1372,-4.76340711548256,-5.65636345586662,-7.44443353841127,-12.2155438275537,-36.2241156381129
0.0257931899376264,2,373,1373,0.0279977488714962,0.0284426396468958,0.0291074346595263,0.030203708385284,0.0323346473697682
-0.307272770641597,2,374,1374,-0.336531584809763,-0.342585232850592,-0.351739915122391,-0.367149418852725,-0.39840898695561
1.4941310534626,2,375,1375,2.03155435401813,2.17994246551217,2.43636867742511,2.97362435469962,4.63979566240064
0.960947016412722,2,376,1376,1.14134985674714,1.18438436465308,1.25389115236114,1.3843559993835,1.71183719317506
1.15556179704818,2,377,1377,1.43082546787916,1.49989807199032,1.61408154246809,1.83666593196033,2.43735042183894
0.894993734296663,2,378,1378,1.05012556736424,1.086525502604,1.14487368781754,1.25305067731966,1.51824313583474
0.791087098295749,2,379,1379,0.912265539613145,0.939986371347234,0.983908995961886,1.06380828044416,1.25266109731221
1.11457157080002,2,380,1380,1.36705320639708,1.42972205429856,1.5328014110176,1.73210754171922,2.26162816661172
0.557946232325552,2,381,1381,0.623959543008359,0.638276209098221,0.660410050472521,0.699075100013339,0.783556381890122
0.15349774684202,2,382,1382,0.166980853934325,0.169719368467829,0.173824225133528,0.180629726450892,0.194008679063292
-0.197114520318548,2,383,1383,-0.214741615706627,-0.218336744971886,-0.223736412962092,-0.232719512930693,-0.250507124790461
0.212703271826542,2,384,1384,0.231865608871516,0.235780547828301,0.241665377029833,0.251469418888935,0.27093964196979
-0.79866980311601,2,385,1385,-0.922103629959344,-0.950391939374666,-0.995251170415509,-1.07696602141934,-1.27061948833978
-2.29048075561123,2,386,1386,-4.38271819256593,-5.13984359286201,-6.63126046524853,-10.5039992001417,-28.9343467023391
-0.398222178201323,2,387,1387,-0.438830633139974,-0.447361397328895,-0.460355322940416,-0.482495622412049,-0.528535067283882
0.0377156261846865,2,388,1388,0.0409421519082799,0.0415934216612989,0.0425667083821277,0.0441719889358469,0.0472935362194569
-0.378821262356139,2,389,1389,-0.416848011613281,-0.424808820067994,-0.436914833678154,-0.457485476876857,-0.500023891373519
-0.711581566607301,2,390,1390,-0.81101805308571,-0.833340929360834,-0.868406552636097,-0.931295984053169,-1.07593408470249
-0.717926992690006,2,391,1391,-0.81897665567233,-0.84169532317866,-0.877406969550222,-0.941526782147967,-1.08931410924332
1.48724962804471,2,392,1392,2.01778489690151,2.16397116691168,2.41635013273634,2.94430147985072,4.57666530958278
0.254613149481943,2,393,1393,0.278070336252699,0.282887424745461,0.290146171246176,0.30229021886029,0.326619139938034
-0.933484638312321,2,394,1394,-1.1029874467465,-1.14314309326009,-1.20779508746178,-1.32852229584983,-1.62857800065667
1.26458044891186,2,395,1395,1.6088433405638,1.69783149089419,1.8469641183373,2.14421883425109,2.98142726536774
-0.594053895202974,2,396,1396,-0.667022227524477,-0.682971948443767,-0.707720300712764,-0.751214191809664,-0.847376392016519
-0.580817585465269,2,397,1397,-0.651177463049968,-0.666512500213128,-0.690275187926543,-0.731944027874501,-0.823671009989102
0.547334060263509,2,398,1398,0.611397551395048,0.625259857313698,0.646668699177362,0.684001838694488,0.765292736616472
0.298519152,2,399,1399,0.326778697558643,0.332617892817258,0.341442733798451,0.356281187911181,0.38631658692603
-0.38373440694628,2,400,1400,-0.422406096127628,-0.430508939883652,-0.442835983126688,-0.463796672124453,-0.507202166736345
1.31410156296543,2,401,1401,1.69413964363993,1.7937418190834,1.96173304946753,2.30007668619437,3.27226556165181
0.273799218114314,2,402,1402,0.299313661081822,0.304566870941504,0.312492631835446,0.325780779286436,0.352518496789094
-0.208906546237844,2,403,1403,-0.227692075650845,-0.231528393145334,-0.237293860323252,-0.246895670983196,-0.265950338033938
-1.58939513177983,2,404,1404,-2.23024357060445,-2.41237042359875,-2.73139521887702,-3.41471273830091,-5.6268171947894
1.03855831879126,2,405,1405,1.25289698068622,1.30505151142684,1.39005774218569,1.55199669367898,1.97017712180085
0.0829053023220958,2,406,1406,0.0900444410173699,0.0914877037658653,0.0936461993804584,0.0972109201201367,0.104161753779013
0.893231063934297,2,407,1407,1.0477292520874,1.08396466659438,1.14203751009238,1.24966884313657,1.51335841388183
-0.0796727348670503,2,408,1408,-0.086529182954666,-0.0879150899205321,-0.0899876568938543,-0.0934100414116337,-0.100081579051045
0.33435710773117,2,409,1409,0.366804320375416,0.373546260430718,0.383762414876436,0.401017729428463,0.436267748105107
0.989804176944424,2,410,1410,1.1822694353329,1.22851901056465,1.30346963853571,1.44492426593118,1.80372954532452
1.14958138720898,2,411,1411,1.42141934514722,1.48952333707944,1.6020227934012,1.82106210512691,2.41082467284786
0.764373716881083,2,412,1412,0.877866240676463,0.903663556700316,0.944418971187155,1.01820176877203,1.19099305955295
1.1261753636396,2,413,1413,1.3849422562068,1.44936884932667,1.5554891640501,1.76114712377994,2.30995470593467
-0.366392415247608,2,414,1414,-0.402813687991678,-0.410421939057412,-0.421980026493292,-0.441585785174048,-0.481987701934328
1.53694513532903,2,415,1415,2.11894562287713,2.28172184276206,2.56471284006578,3.16347018728518,5.05610854091641
0.175592664161001,2,416,1416,0.191148948596324,0.194314842953755,0.199064867171341,0.206953022731989,0.222514099212585
0.271174019402159,2,417,1417,0.296403317075093,0.301595923247962,0.309428885900247,0.322557548882229,0.348958203625372
-0.589644658330918,2,418,1418,-0.661736337539309,-0.677479184310769,-0.701895602568009,-0.744774282493429,-0.839438703120026
-2.11856920608359,2,419,1419,-3.70637941745014,-4.24531962720797,-5.27362170030884,-7.80679112034503,-18.6366188201084
-0.163207707955618,2,420,1420,-0.177595750869959,-0.180520536612966,-0.184906386938786,-0.192182855794155,-0.206508731881226
0.541562807991469,2,421,1421,0.604583262360441,0.61820315691438,0.639225647120454,0.675850334639133,0.755450060845411
1.15452555510302,2,422,1422,1.4291931034598,1.49809701274066,1.61198708146074,1.83395344858969,2.43273175866542
0.4402009573059,2,423,1423,0.486733157418561,0.496585237767415,0.511647103473917,0.537470475684357,0.591840354776914
0.162031492358291,2,424,1424,0.176309416543232,0.1792115128165,0.183563119397363,0.190782146739067,0.204992341458418
0.850346691161918,2,425,1425,0.990061130456787,1.02248486023401,1.07419823324386,1.16928855908407,1.39874871623543
1.0613362730688,2,426,1426,1.28657015597101,1.34170058120923,1.43180103448138,1.60420370633643,2.05318257918027
-1.05249281718089,2,427,1427,-1.27344396555243,-1.32740193433651,-1.41549328865891,-1.58376250693152,-2.02053858706451
-0.456845470098229,2,428,1428,-0.505863198080112,-0.516275065040351,-0.532216801076579,-0.559618117159384,-0.617603163977921
0.663398316238342,2,429,1429,0.751226613727722,0.770725419439237,0.801198605389361,0.855392942155389,0.978015149038814
-0.0708137378904479,2,430,1430,-0.0768980450686116,-0.0781274123273405,-0.0799655442106435,-0.0829998500802053,-0.0889109187067829
0.530320301284742,2,431,1431,0.591343304335823,0.604500248607883,0.624785789448097,0.660061745255455,0.736453306718633
-0.263311486673719,2,432,1432,-0.287693776492823,-0.292706657524401,-0.300264626948371,-0.312921272638474,-0.338326767549752
-1.49521041896848,2,433,1433,-2.03372094348496,-2.18245712906869,-2.43952358911165,-2.97825277604633,-4.64978927894552
-0.946519628296831,2,434,1434,-1.12112720898832,-1.16262792452442,-1.22954580295056,-1.3548102835847,-1.66760537923928
0.431379716197195,2,435,1435,0.476627008166448,0.486190927034764,0.50080071413197,0.525815789521816,0.578344216412028
0.000248010502224699,2,436,1436,0.000269191067405357,0.000273464594582607,0.000279849886541481,0.000290377806968589,0.000310835075465235
0.719814567527715,2,437,1437,0.821348022938046,0.844185541979472,0.880091292083472,0.944581118600651,1.09331709317748
-0.464116587802965,2,438,1438,-0.514245850379097,-0.524909045334265,-0.541246510079879,-0.569359517362501,-0.628983619996442
-0.561046433907383,2,439,1439,-0.627637260244371,-0.642088800344422,-0.664438062550197,-0.703499478902506,-0.788932904496747
0.127844914376838,2,440,1440,0.138979137343104,0.141236055527448,0.144615768988468,0.150209727537037,0.161168545944306
-0.182007801317306,2,441,1441,-0.198175744664955,-0.201468172754847,-0.206409526700171,-0.214619652578358,-0.230833366987194
0.0972435591341695,2,442,1442,0.105643361732674,0.107342723430184,0.109885129078979,0.114086434726987,0.122289099381695
0.138896996754208,2,443,1443,0.151036159042015,0.153498798787463,0.157188037237347,0.163298479049035,0.175286299013386
-0.104462686213521,2,444,1444,-0.113501800804113,-0.115331252023981,-0.118068826341742,-0.122594197019703,-0.131435953060536
1.28359526415713,2,445,1445,1.64124759240475,1.73418608076751,1.89031974172739,2.20276701479679,3.08950885932894
0.455133363387657,2,446,1446,0.503891665820153,0.514244961591972,0.530094535216542,0.557330279173274,0.614934755825961
-0.624324652358789,2,447,1447,-0.703526128879248,-0.720955000970553,-0.74808252826682,-0.796003320416255,-0.903021163238588
0.465154483667733,2,448,1448,0.515443711467312,0.52614312560101,0.542537653941555,0.570753386302869,0.630614497020419
-1.29325254352577,2,449,1449,-1.65786930058191,-1.75287306990984,-1.91267542900443,-2.23311312770807,-3.14608543717943
-0.287866463039325,2,450,1450,-0.314929458867146,-0.320512664106473,-0.328944339072359,-0.343103709909957,-0.371689935342021
-1.52786076089825,2,451,1451,-2.10015014913051,-2.25977173716472,-2.53692118273844,-3.12209150015843,-4.96425867169476
-0.591772106170399,2,452,1452,-0.664285797192897,-0.680128194615543,-0.704704318314005,-0.747878922698161,-0.843263454884285
-0.665578713374196,2,453,1453,-0.753908579414046,-0.773528510135007,-0.804198026537969,-0.858762165434437,-0.982311804869039
0.319631415805591,2,454,1454,0.350326566868879,0.356689526909988,0.366320695109128,0.382557257859078,0.415598596689412
0.454416180313268,2,455,1455,0.503066071128046,0.513394900367189,0.529205982504255,0.5563725953416,0.613818257521752
-0.151970612218893,2,456,1456,-0.165312231079031,-0.168021659762058,-0.17208266700477,-0.17881475052322,-0.192046406821831
-0.222461709991742,2,457,1457,-0.242601427162274,-0.246720690476704,-0.252916000997239,-0.263246875392327,-0.283802923959027
-0.573292155171904,2,458,1458,-0.642199717296782,-0.657193655356131,-0.680410182294964,-0.721070114755547,-0.810355782418508
-0.172511894779446,2,459,1459,-0.187776053564612,-0.190881588380694,-0.195540395480765,-0.203275197542873,-0.21852602701352
0.200462328454336,2,460,1460,0.218416519701266,0.222079671903351,0.227582450995573,0.236739792595837,0.254883577518209
0.789727682637833,2,461,1461,0.910505275631858,0.938125392088171,0.98188189247139,1.06145947169917,1.24946320046542
-0.373974346057805,2,462,1462,-0.411370604571875,-0.419192785458323,-0.431083229877133,-0.451273913535672,-0.492969551011275
-0.44741497340012,2,463,1463,-0.495014510721924,-0.505106596418085,-0.520545437261439,-0.547044108376405,-0.60295789914681
0.333006353921997,2,464,1464,0.365290961967837,0.371997652779198,0.382159343166949,0.399319654680093,0.43436306608549
2.0260910412789,2,465,1465,3.39061643124867,3.83865634603705,4.67971689502443,6.696900310269,14.8673968281822
1.06092421417017,2,466,1466,1.2859570418053,1.3410323484285,1.43103829238476,1.60324633102169,2.05164954907526
0.710378500323572,2,467,1467,0.80951141374065,0.831759897216153,0.866704157785864,0.929362640520821,1.07341052084825
-0.318563219229515,2,468,1468,-0.349133015975644,-0.355468931674849,-0.365058404082686,-0.381222494324745,-0.414107292321605
0.606850925066154,2,469,1469,0.682408096333819,0.698970423642301,0.72470290960707,0.770024334614367,0.870651647916192
-0.199586824642357,2,470,1470,-0.21745534043811,-0.221100669572484,-0.226576427699531,-0.235688095990927,-0.253738468951551
-0.181498118605405,2,471,1471,-0.197617296729238,-0.200899629177127,-0.205825712242392,-0.214010124814032,-0.230171654787311
1.51912984524697,2,472,1472,2.08221568119872,2.23885782164409,2.5104988545296,3.08288910422832,4.87780766424811
1.5895853954343,2,473,1473,2.23065617808571,2.41285689131574,2.7320198704934,3.41566406962516,5.62902008567317
0.942917567671324,2,474,1474,1.11610216871467,1.15722737267149,1.22351224426807,1.34750782179239,1.65673316020199
-0.639674428332571,2,475,1475,-0.722184522277167,-0.740404232114922,-0.768807842868829,-0.819115031864844,-0.932039267663648
0.780071286955023,2,476,1476,0.898031776972646,0.924945303687822,0.967537212730285,1.04486225084085,1.22693402894654
0.418674889574873,2,477,1477,0.462109756411863,0.471268659621654,0.485244053046025,0.509127762699963,0.559090994391471
-0.700487478556573,2,478,1478,-0.797151814086703,-0.818796406309392,-0.852756246818097,-0.91354369176698,-1.05282057169405
2.51771551644232,2,479,1479,5.50296458744762,6.68413790660749,9.11940697345673,15.9411936167856,53.890435378366
2.10295432412226,2,480,1480,3.6509088123775,4.17335323839505,5.16740315909695,7.60496854875524,17.9296632134152
0.484482591202476,2,481,1481,0.537811512203493,0.549201501941245,0.566685669538679,0.59686767765755,0.661285662474487
0.977713629171606,2,482,1482,1.16504735328922,1.20992550885742,1.28255123162168,1.41930354056131,1.76465878894817
-1.96980039812034,2,483,1483,-3.21254461941998,-3.61261827864211,-4.35644770477644,-6.11250028569264,-13.0035399773186
-1.00950718450725,2,484,1484,-1.21058067764154,-1.25914283293067,-1.33802298570119,-1.48745474233484,-1.86923339112675
0.693316801431839,2,485,1485,0.788221554293308,0.809436853248574,0.842697718475506,0.902159151181319,1.03806648369664
0.173279578994355,2,486,1486,0.188616435036705,0.191736986354848,0.196418483739381,0.204191423712015,0.219519373224299
-0.575437593887445,2,487,1487,-0.644756958986356,-0.659847531629341,-0.683218728818923,-0.724164205688259,-0.814140049925484
-0.221976936526004,2,488,1488,-0.242067791273351,-0.24617682621118,-0.252356584586613,-0.262661042374112,-0.283162532947002
0.388686083794867,2,489,1489,0.428013796557692,0.436261354282531,0.448813761761841,0.470172621517154,0.51446525009147
0.156294376539503,2,490,1490,0.170037169924695,0.172829094858575,0.177014491245344,0.183954895509162,0.197604722066677
0.92574736422187,2,491,1491,1.09227794986666,1.13165305630075,1.19499212148359,1.3130964922163,1.60582018040751
-0.277950544711312,2,492,1492,-0.303918334886586,-0.309268000275528,-0.317341529353042,-0.330883839845028,-0.358159568355464
-1.30081663501379,2,493,1493,-1.67096684482032,-1.7676166250343,-1.9303470006667,-2.25717605660114,-3.19121655463995
0.259892984719273,2,494,1494,0.283910228791783,0.288845787316242,0.296285543158603,0.308739551409744,0.333718943049488
-0.386984663251317,2,495,1495,-0.426086275722961,-0.434283930424112,-0.446758604686211,-0.467980072428754,-0.511966362554718
-0.495811602682976,2,496,1496,-0.550977163428658,-0.562786515869571,-0.580933857634075,-0.612316848237156,-0.679536524451095
-0.471179804263219,2,497,1497,-0.522404181982218,-0.533315579419842,-0.550044262103755,-0.578862034396299,-0.640114316781903
0.504778203181543,2,498,1498,0.561427089327312,0.573576259857054,0.59226177540484,0.624621671897619,0.694130225415218
0.662341704967066,2,499,1499,0.749927729612194,0.769368058190506,0.799746480401246,0.853762386851418,0.975937399774624
0.41645416647681,2,500,1500,0.459576766003526,0.468666061789638,0.482532547227298,0.506222380359989,0.555747495832126
0.563621451572482,2,501,1501,0.630694707842545,0.645259018568387,0.667788470603279,0.707181642723069,0.793412946218208
0.966986372963267,2,502,1502,1.14986119906355,1.19355211486043,1.26416849267483,1.39686738744828,1.73068494379283
0.977276916775448,2,503,1503,1.16442740133523,1.20925668565599,1.28179963484031,1.41838476958358,1.76326313311895
-0.099410077437328,2,504,1504,-0.108001401503775,-0.109739718712669,-0.11234055643286,-0.116638851991166,-0.125032656609682
-0.593559219572388,2,505,1505,-0.666428811508404,-0.682355216925112,-0.707066148683474,-0.750490653731716,-0.846483792270597
-0.592798224277215,2,506,1506,-0.66551610860408,-0.681406698596075,-0.706060153012779,-0.749378097113515,-0.845111663078705
-0.526347547821143,2,507,1507,-0.58667542456208,-0.599671657651997,-0.619701648965621,-0.654510724080254,-0.729795301029572
0.534872884022839,2,508,1508,0.596699312744299,0.610042264213378,0.630623758891947,0.666440940080432,0.744118066149303
0.311112353947717,2,509,1509,0.340814162162689,0.346963075032071,0.356264416665049,0.371928218196433,0.403734533786886
0.1739344564855,2,510,1510,0.189333377720707,0.192466751630429,0.197167625870601,0.204973139147664,0.220366975245932
-0.379216588308322,2,511,1511,-0.41729501294448,-0.42526719330388,-0.43739089742437,-0.4579927415094,-0.500600444581945
0.555950675007623,2,512,1512,0.621594148348245,0.635824512975992,0.657820563506531,0.696232228935895,0.780105483031588
-0.976667584603728,2,513,1513,-1.16356264478799,-1.20832381725891,-1.28075141366319,-1.41710360343311,-1.76131761099342
-1.20405074068437,2,514,1514,-1.50843053445357,-1.58581436705012,-1.71450973497937,-1.96785216213811,-2.6645090615126
0.621410808747935,2,515,1515,0.6999956481557,0.717277558285577,0.74416825383487,0.791647050273487,0.897575038523699
0.68117828301681,2,516,1516,0.773161010647623,0.79366557130524,0.8257707574222,0.883044420728183,1.01341404125637
-0.494164806809793,2,517,1517,-0.549060812643362,-0.560808519772329,-0.578858308360821,-0.61006443631635,-0.67687066867051
2.37937898555162,2,518,1518,4.78636299032596,5.68779245814868,7.49455764580698,12.3232239152319,36.7009752623833
1.21348304092133,2,519,1519,1.5238124311152,1.60291153603417,1.73461528131756,1.99437917665729,2.71133739568038
1.12570575629037,2,520,1520,1.38421580394169,1.44857043205747,1.55456613969911,1.75996347682533,2.30797772414608
0.120909737210399,2,521,1521,0.131418375522649,0.133547460846771,0.136735004743094,0.142008774620228,0.152331607848921
1.77803470650542,2,522,1522,2.67454267347777,2.94505773729153,3.43256638840699,4.52625634049625,8.40392432424502
1.08905954827871,2,523,1523,1.32816371372388,1.38711469291437,1.48378000629765,1.66974805291031,2.15910073573966
1.08916501970943,2,524,1524,1.32832326338859,1.38728920732333,1.48398028784404,1.67000175324443,2.15951439121742
0.134710470679285,2,525,1525,0.146467765337772,0.148852177599841,0.152423676792424,0.158337542284465,0.169933255606629
-0.293066941390312,2,526,1526,-0.320711443225089,-0.326418946622947,-0.335041449887788,-0.349530203901375,-0.378818435784053
-2.04150267204423,2,527,1527,-3.44116753279115,-3.90326419126913,-4.77303237782675,-6.86824046981965,-15.4300242198636
-1.00402081297911,2,528,1528,-1.20266630891252,-1.25057468261642,-1.32834278965278,-1.47551335572974,-1.85076030911871
-0.427234515332308,2,529,1529,-0.471885570179565,-0.481316061503849,-0.495716723466395,-0.520358470286074,-0.572038831439038
0.572552334993994,2,530,1530,0.641318305457861,0.656279032718261,0.679442414354024,0.720004264528977,0.809053003645205
0.235668355572397,2,531,1531,0.257152091430438,0.261553261683749,0.268177608576394,0.27923837485885,0.301306537619832
-0.0461131966649217,2,532,1532,-0.0500614770916513,-0.0508585923738478,-0.0520499531634736,-0.054015243336982,-0.0578382107106734
-0.893636495646489,2,533,1533,-1.04828024257285,-1.084553442039,-1.14268951631931,-1.25044613737801,-1.51448068827784
0.567548246636506,2,534,1534,0.635362019889246,0.650099611957604,0.672906068207671,0.71280962040179,0.800270057044502
-0.308784409091768,2,535,1535,-0.338217284291388,-0.344308349566186,-0.35352062538556,-0.369029964227088,-0.400504063544204
1.44339272155595,2,536,1536,1.93175458192321,2.06458802314661,2.29252996559678,2.76468881616943,4.19694698532806
0.869395513193522,2,537,1537,1.01552880244152,1.04960111172917,1.10406027500009,1.20455057588486,1.44867490083082
0.25632924667042,2,538,1538,0.279967973122343,0.284823441983345,0.292140814640537,0.304385211425437,0.328924547146996
0.00562748856537236,2,539,1539,0.00610810508088913,0.00620507824145686,0.00634997135487616,0.00658886955582125,0.00705309070127694
0.216702021652535,2,540,1540,0.236263294427313,0.240261563452105,0.246272968234317,0.256291648076947,0.276203680895119
0.304449111598791,2,541,1541,0.333383980566366,0.339368040294391,0.348415644833513,0.363639633293728,0.394500959737481
0.191195405275796,2,542,1542,0.208247543823899,0.211723254024127,0.216942009195283,0.225619696443338,0.242784240446682
-0.345567468573011,2,543,1543,-0.379379348036443,-0.386417734857419,-0.3970923647566,-0.41514864218708,-0.452145666113844
0.147213895676388,2,544,1544,0.160116212410353,0.162735397462716,0.166660400487792,0.173164900486775,0.185940496931512
1.39412470380899,2,545,1545,1.83850930540156,1.95766096353475,2.16076362533732,2.5769251872906,3.81307591188308
0.546990304989998,2,546,1546,0.610991329792105,0.624839105229903,0.646224779687277,0.683515411042537,0.764704721162552
-1.26865517544166,2,547,1547,-1.61575163422572,-1.70557354148035,-1.85618200938209,-2.15663320731279,-3.00422590077499
1.39664982845849,2,548,1548,1.84320450635176,1.96302533506888,2.16733796271199,2.58620979768143,3.8317378628646
0.220957518394118,2,549,1549,0.240945728228118,0.245033281149761,0.251180379632801,0.26142937127655,0.281816346621648
1.57086944329982,2,550,1550,2.19038046669743,2.36544521421592,2.67127994197753,3.32349813694245,5.41705913894111
1.34150066431015,2,551,1551,1.74262879684852,1.84857500970691,2.02790868907165,2.39121020738189,3.44691366478971
0.0525999694028076,2,552,1552,0.0571071360787856,0.0580172508104301,0.0593776197825045,0.0616220526331615,0.0659894349721621
1.45382485607741,2,553,1553,1.95195294817726,2.08785866667088,2.3214065903258,2.80630472696937,4.28385050556049
0.0124172183372206,2,554,1554,0.0134778698466878,0.0136918831760603,0.0140116580963017,0.0145389150618181,0.0155635318048113
-0.372051656075732,2,555,1555,-0.409199375682051,-0.416966971330783,-0.428772577436937,-0.448813849228593,-0.490178594442906
-1.54855179948049,2,556,1556,-2.14316265325321,-2.31005185147992,-2.60067311170593,-3.2172299298206,-5.17635500454478
-0.35840081487976,2,557,1557,-0.393809025768204,-0.401195567367821,-0.412409612877991,-0.431411028384985,-0.470481050512062
-0.442679484173462,2,558,1558,-0.489576696600224,-0.499510790275308,-0.514701428738972,-0.540755349549221,-0.595651771294099
0.761024381012936,2,559,1559,0.873581187119718,0.899145439318111,0.939517904155623,1.01256362248942,1.18343130219165
-1.90712061565394,2,560,1560,-3.02565924894164,-3.37805519313785,-4.02642461342378,-5.53111229906686,-11.2370140022569
-0.637164754766446,2,561,1561,-0.719126898330137,-0.737215369650108,-0.765407027516582,-0.815317283923648,-0.927256547305122
-0.866981590664701,2,562,1562,-1.0122885601237,-1.04614808553531,-1.1002524353511,-1.2000436612314,-1.44226311785952
-0.102209389318952,2,563,1563,-0.111048604223526,-0.112837362647512,-0.115513875154223,-0.119937822777479,-0.128579422553737
0.215057158334154,2,564,1564,0.234454070471059,0.238417996253718,0.244377226684769,0.25430740982343,0.27403718670512
-0.741781311123552,2,565,1565,-0.849079463924852,-0.87333853445303,-0.911569776648604,-0.980504361137269,-1.14069159687206
-0.924668452934665,2,566,1566,-1.09078796792092,-1.13005527558729,-1.1932131293344,-1.31095585668888,-1.60267046253744
-0.706551950646669,2,567,1567,-0.804724096809016,-0.826737323299006,-0.861297924577389,-0.923226721465514,-1.065411687977
0.0160220189938717,2,568,1568,0.0173907542651994,0.0176669394160773,0.0180796162371639,0.0187600701316005,0.0200824629483304
-0.0904988854872555,2,569,1569,-0.0983042412570407,-0.0998827759746558,-0.102244005056305,-0.106144752053646,-0.113755804910294
-1.16178483680491,2,570,1570,-1.4406509820512,-1.51074431247532,-1.62670407401504,-1.85303337796158,-2.46528753243728
-2.16681952995119,2,571,1571,-3.88369257556842,-4.47682561060667,-5.61845532326675,-8.47157468603687,-21.0304029471069
0.636862913095904,2,572,1572,0.718759339623786,0.736832078207583,0.764998332368852,0.81486102908588,0.926682342670983
1.00019486443265,2,573,1573,1.19716141960435,1.24461839787394,1.32161922953246,1.46723133253582,1.8379855065502
1.30421759247474,2,574,1574,1.67687844759878,1.77427653223576,1.93833922312002,2.26808060492475,3.21174655581541
-1.06327437318853,2,575,1575,-1.28945589007099,-1.34484620767186,-1.43539236437143,-1.60871317643736,-2.06040897812306
-1.18061235656761,2,576,1576,-1.4706157178339,-1.54387836484152,-1.66536420504839,-1.90338005123167,-2.55194733361136
0.80361849072369,2,577,1577,0.928542205806563,0.957206125937825,1.00268583244158,1.08560510952485,1.28245140683916
-1.3204950611689,2,578,1578,-1.70536969071578,-1.80642113664363,-1.97699897158175,-2.3210184041754,-3.31210118326831
0.582503051302964,2,579,1579,0.653191230641185,0.66860348845802,0.692489900523475,0.734387529201212,0.826669177785939
-0.404951297620193,2,580,1580,-0.446477519677544,-0.455211777265484,-0.468523333365341,-0.491226908119858,-0.538530123818489
1.14069560322565,2,581,1581,1.40750864275997,1.47419545877096,1.58423384938884,1.79810165351785,2.3719850427701
2.576108777038,2,582,1582,5.84259252796218,7.16613167856631,9.92891580498439,17.8299477516633,63.7082215386218
1.83414636010465,2,583,1583,2.82192575571711,3.12555944916176,3.6776317295621,4.93425209030425,9.51931182517241
-0.782118410830062,2,584,1584,-0.90067170803621,-0.927733744847141,-0.97057029620474,-1.04836812016763,-1.23168301900707
-1.04783052535155,2,585,1585,-1.26655085860867,-1.319899482164,-1.40694772362904,-1.57307429496329,-2.00354354473644
0.85069489012558,2,586,1586,0.990524586835397,1.02297783042839,1.0747402951393,1.16992696386647,1.39964773447192
-1.02533941652605,2,587,1587,-1.2335560171697,-1.28404834761475,-1.3662167747674,-1.52235144263442,-1.92358180979381
-0.161776621191296,2,588,1588,-0.176030702493035,-0.178927886884835,-0.183272080880028,-0.190478675826635,-0.204663839957579
0.605787107255902,2,589,1589,0.681126518293936,0.697637220072391,0.72328670321173,0.768453791233692,0.868703117706008
0.343492863376266,2,590,1590,0.377050133326279,0.384033128090268,0.394622032074375,0.412528378880563,0.449197694262521
0.964751520445129,2,591,1591,1.1467083947277,1.19015540888747,1.26035938313682,1.39222758426419,1.723687173783
0.164476877471341,2,592,1592,0.178983899569428,0.181933207609026,0.186356072969926,0.193694646582125,0.208145655203755
0.121218022888039,2,593,1593,0.131754391630232,0.133889139802435,0.137085193984867,0.142373136088549,0.152724088897551
-0.40831473426485,2,594,1594,-0.450304110725883,-0.459141234657903,-0.472613474281526,-0.49560234587439,-0.543547112304435
-0.951277305540355,2,595,1595,-1.1277789607192,-1.16978018049806,-1.23754227516841,-1.36450065555697,-1.68206955438388
0.173804737113771,2,596,1596,0.189191360665325,0.192322193722479,0.197019228235261,0.20481828643185,0.220199064340292
0.976397968221821,2,597,1597,1.16318009944935,1.207911162417,1.28028776925534,1.41653700040719,1.76045742633706
0.184340507348818,2,598,1598,0.20073201667636,0.204070745580155,0.2090821472039,0.217410254717911,0.233863550822889
0.649982201421382,2,599,1599,0.734771989892088,0.753538818189169,0.782826828432709,0.834792628270607,0.951843439703718
0.448191443550534,2,600,1600,0.495906761619895,0.506024916643675,0.52150472850022,0.548076862848747,0.604158904763976
-0.108204067198534,2,601,1601,-0.117575827078989,-0.119473027811203,-0.122312288669746,-0.127006629906959,-0.136182134293114
-0.577624222336597,2,602,1602,-0.647365131118321,-0.662554692977877,-0.686084377684009,-0.727322588894087,-0.818006623046899
-0.832473344430943,2,603,1603,-0.966373271089946,-0.997312347924626,-1.04655935911274,-1.13681915920347,-1.35326088646958
-2.15078592482256,2,604,1604,-3.8237585224641,-4.3983267705256,-5.5009986211793,-8.24351561766102,-20.19808665814
-0.699890541281424,2,605,1605,-0.796407438734777,-0.818016022682631,-0.851917207886614,-0.912593298735073,-1.05158683959765
-2.33085914957941,2,606,1606,-4.56102936985142,-5.38066360179726,-7.00787122062476,-11.2882660058366,-32.2059677923011
0.328590418336889,2,607,1607,0.360346125691736,0.366938270692458,0.376923050979243,0.393774990688774,0.428148671036307
1.90049736636051,2,608,1608,3.00657310763384,3.35425686148534,3.9932596310234,5.47356712986312,11.0670924856373
2.42797415743253,2,609,1609,5.02498978343066,6.0163364912944,8.02278736984735,13.4727469534013,41.9206505799269
0.981867130564004,2,610,1610,1.17095094848584,1.21629621512975,1.28971335100715,1.42806488803786,1.77798660399952
1.52995389719329,2,611,1611,2.10446856290583,2.26481204470612,2.54329741245136,3.13157191430124,4.98524845826101
-0.477361389868463,2,612,1612,-0.529556816584751,-0.540688778755389,-0.557765453170956,-0.587211093306711,-0.649918077344864
-0.961359650508661,2,613,1613,-1.1419305154206,-1.1850095996168,-1.25459170829929,-1.38520810858808,-1.7131186341748
0.717191314968594,2,614,1614,0.818052909490022,0.840725393961993,0.876361629695823,0.940337730826852,1.08775680401333
-1.5187214800836,2,615,1615,-2.08137993089005,-2.23788395985139,-2.509269859531,-3.0810689366194,-4.8738072233085
-1.33019999815323,2,616,1616,-1.72251429001961,-1.82580155572556,-2.00037509421591,-2.35318072205665,-3.37362657811646
0.629240877395142,2,617,1617,0.70949095947986,0.727170055197887,0.754701043090687,0.803375463974715,0.912254551170098
-0.257665118527605,2,618,1618,-0.281445490965661,-0.286330920075873,-0.293694067039699,-0.306016842966576,-0.330720641990451
-0.477692726546504,2,619,1619,-0.529940538416072,-0.541084412136838,-0.558179888682143,-0.587659478546755,-0.650445231078313
-0.177681669258135,2,620,1620,-0.193436628850213,-0.196643600474707,-0.201455720877496,-0.209448326196579,-0.225220935396227
-0.517021427244657,2,621,1621,-0.575739073993353,-0.588363829810093,-0.60780369117367,-0.641536255777607,-0.714275542795511
0.517329267475689,2,622,1622,0.576099586516815,0.588736475838523,0.6081955999896,0.641963267119828,0.714785391193918
1.18031172217943,2,623,1623,1.47013440156439,1.54334546821607,1.66474124326753,1.9025661883352,2.55053778941874
1.03771861386431,2,624,1624,1.25166404684451,1.30371159455413,1.38853501160352,1.5500995070168,1.9671834978281
0.62473254625084,2,625,1625,0.704020631033393,0.721470155202323,0.748630971400493,0.796613913070446,0.903785105532078
0.190120025791537,2,626,1626,0.207068160175715,0.210522288771428,0.215708363428314,0.224330921025828,0.241383163202093
-0.604467853944419,2,627,1627,-0.679537864515202,-0.695984722424074,-0.721531575415365,-0.766507881787468,-0.866290193192445
-0.683385094208205,2,628,1628,-0.775893814513281,-0.796526113775396,-0.828838862393651,-0.886505021606664,-1.01786612151174
-1.0947925106007,2,629,1629,-1.33685075938076,-1.39661997910526,-1.49469478369209,-1.6835868659854,-2.18170613227718
-0.295601654888824,2,630,1630,-0.323531395868245,-0.329299945346715,-0.33801622256507,-0.352666988539636,-0.382301137194563
1.87535797784087,2,631,1631,2.9352308415355,3.26556279541347,3.87018480973728,5.26145888937399,10.4486360016792
1.32993332772199,2,632,1632,1.72204160233158,1.82526684830649,1.9997294634159,2.35229088146985,3.37191872459312
2.10014776308135,2,633,1633,3.64103477167407,4.16056607542534,5.14857931986004,7.5693497607846,17.8058707879515
0.308028309386024,2,634,1634,0.337374065947936,0.343446401366201,0.352629846107485,0.368089203336698,0.399455880435565
-0.915959931251472,2,635,1635,-1.0787915260057,-1.11719796224376,-1.17890968457993,-1.29376955548285,-1.57745663512301
0.56826929520606,2,636,1636,0.636219681478266,0.650989264959875,0.673846878887421,0.713844738455726,0.801532511717232
-0.0123741765888441,2,637,1637,-0.0134311502032829,-0.0136444213588871,-0.01396308728908,-0.0144885155751511,-0.0155095780968611
1.20232217548191,2,638,1638,1.50562195989794,1.58269503250102,1.71084584524395,1.96302752315434,2.65602427057716
0.430965897547798,2,639,1639,0.476153451320748,0.485703993532341,0.500292809197784,0.525270429922045,0.577713703147457
-0.127641912263345,2,640,1640,-0.138757770185149,-0.141010933159086,-0.144384999684619,-0.149969544375841,-0.160909643436297
-0.878840311121926,2,641,1641,-1.02824322511506,-1.06315908061978,-1.11902602174104,-1.2222937038785,-1.47400458984015
-0.596014605318455,2,642,1642,-0.669375276497699,-0.685417676538658,-0.710314801040439,-0.754084625209268,-0.850919486636072
1.81091158001667,2,643,1643,2.75996215214337,3.04944797479183,3.57385243690796,4.76030188202997,9.0377716251691
1.30594749137989,2,644,1644,1.67989082261567,1.777671506286,1.9424156793535,2.27364770964381,3.22224647486735
-0.69264603066011,2,645,1645,-0.787387464605945,-0.808562967200536,-0.841759071290757,-0.90109775321903,-1.03669365877267
-0.278061316580644,2,646,1646,-0.304041244879651,-0.309393494548022,-0.317470983918751,-0.331020109642165,-0.358310278923038
-0.786618741571215,2,647,1647,-0.906483573146002,-0.933874514560244,-0.977253120810136,-1.05609925562936,-1.2421742109483
0.341570061097464,2,648,1648,0.374892194411778,0.381824067387412,0.392333877870461,0.410101961336752,0.446469349898512
0.208361771645524,2,649,1649,0.227093390241955,0.230918466006417,0.236666871000477,0.246239787576504,0.265235138115083
0.218251780855102,2,650,1650,0.237968247369541,0.24199895895852,0.248059661043483,0.258161987410883,0.278246409621365
-0.0523741003105424,2,651,1651,-0.056861784520138,-0.0577679591027919,-0.0591224342127493,-0.0613571302876006,-0.0657055139741706
0.819869911818739,2,652,1652,0.949787764118447,0.979714969919942,1.02728460973162,1.11427029543376,1.32194328758826
0.52817166083906,2,653,1653,0.588818021024578,0.601887860792005,0.622034877243778,0.657057700805826,0.73284884988628
0.589618494298275,2,654,1654,0.661704994714642,0.677446620254203,0.701861079631392,0.744736130747949,0.839391724843031
0.228296973342176,2,655,1655,0.249027446483076,0.253270486233101,0.259654078029417,0.270304992737424,0.291522957707589
1.42193120530233,2,656,1656,1.89070720102999,2.0174161170286,2.23421317587685,2.6811551576805,4.02449501561365
0.538780757297327,2,657,1657,0.601302718019724,0.614806918604182,0.635645130097323,0.671932235401131,0.750727552022303
0.554035063401116,2,658,1658,0.619324910050902,0.633472808043945,0.655337227092038,0.693506942087269,0.776800078177851
0.585050921516991,2,659,1659,0.656237505270507,0.671767073629696,0.695841498956767,0.73808696357714,0.831212630019249
0.270579850566778,2,660,1660,0.295744774585941,0.300923705942984,0.308735734164125,0.32182843277542,0.348153135564248
0.532353040945662,2,661,1661,0.593733868384385,0.606973621334436,0.627390894252978,0.662907685483413,0.739870995488243
-0.508560269300111,2,662,1662,-0.565842820470181,-0.578137461252592,-0.59705357164987,-0.629832665245933,-0.70032606048758
-0.0342041821080622,2,663,1663,-0.0371294159712855,-0.0377198277334405,-0.0386021347022248,-0.0400572706071202,-0.0428864916444517
0.898518672376893,2,664,1664,1.05492396183765,1.09165481894455,1.1505570422902,1.25983264634564,1.52805432334223
0.403242947749836,2,665,1665,0.444535059628081,0.45321736542631,0.466447800323927,0.48900743070026,0.535987326577327
0.421703325840782,2,666,1666,0.465566192702938,0.474820584718689,0.488945438479684,0.513095382758189,0.563660949782153
0.339705881518272,2,667,1667,0.372800816329622,0.379683324277677,0.390116780875006,0.407751451830993,0.443827762382519
-0.98170365183419,2,668,1668,-1.17071833596567,-1.21604513839825,-1.28943098184081,-1.42771925648046,-1.77746017827393
0.728874993610455,2,669,1669,0.832755947855963,0.856171164586248,0.893021105897634,0.959312989933185,1.11267939848469
-0.829760495846339,2,670,1670,-0.962795138939674,-0.993513999701313,-1.04239570939712,-1.13194168821759,-1.34646781014586
0.929257211072106,2,671,1671,1.09713078702107,1.13685833779407,1.2007900618629,1.32007781684928,1.61610664897696
0.562312664721849,2,672,1672,0.629140407107698,0.643647315930555,0.666085040473813,0.705309304768163,0.791134275466957
1.4187864035047,2,673,1673,1.88474870239242,2.01058185233263,2.22578864656601,2.66914449432245,3.99991890142718
-0.487056717593717,2,674,1674,-0.540799325726362,-0.552283636868238,-0.569916867647652,-0.600368547102321,-0.66541443967771
-0.21122032726293,2,675,1675,-0.230235262113943,-0.234119435411756,-0.23995754952947,-0.24968242337973,-0.268989884894698
-0.871971349348727,2,676,1676,-1.01899056134237,-1.05329118364822,-1.1081311887766,-1.20937226609897,-1.45554444810922
-0.553272875201034,2,677,1677,-0.6184223985962,-0.63253758700435,-0.654349805654073,-0.692423600774975,-0.775486880872912
-0.262216615174373,2,678,1678,-0.286481778900257,-0.291469841841079,-0.298989862135655,-0.311581438898859,-0.336850034144813
-1.46225687321919,2,679,1679,-1.96839845826031,-2.10683409238884,-2.34500588808572,-2.84043866026492,-4.35561711284049
1.53278942631972,2,680,1680,2.11033031918396,2.27165646704108,2.55196113583236,3.14446595234272,5.01384786760209
1.35002403292434,2,681,1681,1.75790877742378,1.8659007002847,2.04890269820911,2.42031371007092,3.50339122359699
0.392650105575985,2,682,1682,0.43250740823912,0.440871963275676,0.453606692994728,0.475288025099694,0.520300586662988
-0.293963407000314,2,683,1683,-0.3217086540864,-0.327437713021181,-0.336093324132399,-0.350639266747584,-0.38004955693342
0.46696718881069,2,684,1684,0.517536585556358,0.528299465167301,0.544794004733248,0.573189836200028,0.633466730933848
0.915895767134093,2,685,1685,1.07870333418236,1.11710348814978,1.17880466385647,1.29364353102419,1.57727223193466
-0.053556592298166,2,686,1686,-0.0581462915534972,-0.0590730986185825,-0.0604584374127179,-0.0627441227166425,-0.067192005398616
1.39606468056455,2,687,1687,1.84211569670584,1.96178115894889,2.16581281343583,2.58405511699027,3.82740398928489
0.388041673734574,2,688,1688,0.427283666405297,0.435512301355254,0.448035230775949,0.469341981951305,0.513518397845166
-0.376370176219234,2,689,1689,-0.414077376731108,-0.421967897235818,-0.433964591855966,-0.454342494878545,-0.496453164569698
-0.000850630928763502,2,690,1690,-0.00092327647438331,-0.000937933910092844,-0.000959834324221661,-0.000995943221897477,-0.00106610804399704
-0.388826217515813,2,691,1691,-0.428172584754071,-0.436424261006868,-0.448983084739886,-0.470353287630649,-0.514671218203357
-0.947108499574326,2,692,1692,-1.12194961386571,-1.16351199846056,-1.23053386481138,-1.35600689538158,-1.66938921489328
-0.664270101929453,2,693,1693,-0.752298678797639,-0.771845840455067,-0.802397398993863,-0.856739334655846,-0.97973160862628
0.548252543471166,2,694,1694,0.6124831509993,0.626384338304887,0.647855178248294,0.685302089776324,0.766864956667074
-0.20736439695938,2,695,1695,-0.225997415790691,-0.229801935498798,-0.235519144587559,-0.245039241151154,-0.263926194383277
-1.35349215444482,2,696,1696,-1.7641532266161,-1.87298758690184,-2.05750172759363,-2.43226087291012,-3.52667357232059
-0.764988203207209,2,697,1697,-0.878653064747001,-0.904493332514788,-0.945319340851927,-1.01923807263114,-1.19238440626513
-1.8598023075886,2,698,1698,-2.89194040503254,-3.21194638035285,-3.79619266509994,-5.13504648039936,-10.0860062319182
0.618971090669958,2,699,1699,0.697042399102359,0.714202024541876,0.740895729967876,0.788007105385505,0.893030113570672
-1.0250292613548,2,700,1700,-1.23310395988337,-1.28355784873896,-1.36566071194436,-1.52166149201619,-1.92250202324877
-2.40141545721445,2,701,1701,-4.89291278764221,-5.83407960747316,-7.72880458836402,-12.8296922285925,-38.9718703932807
-1.27991545988913,2,702,1702,-1.63494337262202,-1.72710545991178,-1.88186144182275,-2.19131327284516,-3.06825336782972
-0.196381799525876,2,703,1703,-0.213937489998638,-0.217517778088707,-0.222894955240484,-0.231840065824558,-0.24955009045343
-0.920011914100121,2,704,1704,-1.08436670612241,-1.12317165987553,-1.18555260697646,-1.30174586812422,-1.58914223152702
0.585402810656631,2,705,1705,0.656658430773057,0.672204255921065,0.696304741278772,0.73859843421734,0.831841195836602
0.0703009500676136,2,706,1706,0.0763406729062161,0.0775610065573803,0.0793856133764562,0.0823975408226935,0.0882648011008562
0.597599280523927,2,707,1707,0.67127817933055,0.687395794395093,0.712413687157262,0.756407593305159,0.853789113489454
-1.56297833114009,2,708,1708,-2.17358581466018,-2.34571904082404,-2.64609162513152,-3.28548013196266,-5.33048933543254
-0.0496786472701751,2,709,1709,-0.0539339594811256,-0.0547931449539062,-0.0560773358405281,-0.0581959333385938,-0.0623178331691462
-0.426768326585517,2,710,1710,-0.471352624598257,-0.480768188365014,-0.495145461903592,-0.519745478889601,-0.571331142436053
0.327891050960349,2,711,1711,0.359563370090916,0.366137470627594,0.376094392819596,0.392897803480763,0.427166212740151
0.540689041830875,2,712,1712,0.60355263267186,0.617136109971705,0.63810058645572,0.674618974931166,0.753965304665199
1.36261519043772,2,713,1713,1.78065506760302,1.89173360948951,2.08028020823374,2.46398274340501,3.58876812116133
0.577902010386839,2,714,1714,0.647696604840888,0.66289877845264,0.686448658823472,0.727724182766616,0.81849853077656
-0.852459542285681,2,715,1715,-0.992874534157291,-1.02547770371386,-1.07748958424076,-1.17316584892986,-1.40421158317108
2.41536173677668,2,716,1716,4.96176017056948,5.92895787572791,7.88155153033852,13.1627886121095,40.4902679237877
1.71868521872025,2,717,1717,2.52669858380539,2.76586256593423,3.19293621968149,4.13681264788957,7.3860103276075
0.341478211605915,2,718,1718,0.374789132982573,0.381718569148073,0.392224610068438,0.409986105584647,0.446339114715236
0.414128561579655,2,719,1719,0.456925570396469,0.465942343766509,0.479695398731983,0.503183414484785,0.552252933028419
0.506958800148983,2,720,1720,0.563972449020831,0.576205336029508,0.595023540917813,0.627624607941196,0.697699562246568
0.94298361916754,2,721,1721,1.11619422837163,1.15732629173185,1.22362272341387,1.34764146453417,1.65693191956419
0.563631721936178,2,722,1722,0.630706907371379,0.645271669237793,0.66780184225683,0.707196342201049,0.793430840850127
-0.943164960030228,2,723,1723,-1.11644698959468,-1.15759789014249,-1.22392606851593,-1.34800842406614,-1.65747771888923
-0.531176839558713,2,724,1724,-0.592350441596445,-0.605542231224147,-0.625883199396401,-0.661260475009454,-0.737892512248556
2.5659844865075,2,725,1725,5.78197858089848,7.0796698382492,9.78263601405793,17.4846402316322,61.8723881448099
1.00642386220157,2,726,1726,1.20612985957811,1.25432364760581,1.33257711854796,1.48073425058978,1.85882911062577
0.0752192774416997,2,727,1727,0.0816871089290447,0.0829942082118942,0.0849487365779533,0.0881756780555293,0.0944640474161243
-1.69987247493692,2,728,1728,-2.48145715219851,-2.71140897264786,-3.12085888041672,-4.02157186110879,-7.09385950777544
-0.387216893221153,2,729,1729,-0.426349323985611,-0.434553778983977,-0.447039044806741,-0.468279229603266,-0.512307238575374
1.1446373833093,2,730,1730,1.41366995467063,1.48098221335604,1.59210633231283,1.80825422885884,2.38913079013106
-0.334974190749026,2,731,1731,-0.367495817495241,-0.374253894187374,-0.384494985221164,-0.401793807748388,-0.437138488447616
0.310924278335163,2,732,1732,0.340604319712609,0.346748548898342,0.356042678092854,0.371693968171405,0.40347336084387
0.726053716454222,2,733,1733,0.829199188815922,0.852433233394845,0.888986938899075,0.954713049226965,1.10662385953505
0.390013446314763,2,734,1734,0.429518053737719,0.437804673931468,0.450417942222926,0.471884411763297,0.516417139532433
-0.537930226488052,2,735,1735,-0.600300342658357,-0.613769322832139,-0.634551449405221,-0.670735854669884,-0.749286638596567
-2.49539543404313,2,736,1736,-5.37930247434562,-6.51015654717801,-8.83084293777643,-15.2813034377694,-50.5923473422737
-1.1355801416101,2,737,1737,-1.39953532397572,-1.46541806717964,-1.57406160819321,-1.78500336813937,-2.34993076183113
0.507497425578667,2,738,1738,0.564601418876068,0.57685504999644,0.595706140436256,0.62836699759484,0.698582453252168
-0.389921795453064,2,739,1739,-0.429414174571585,-0.437698093914363,-0.450307153789,-0.471766181192321,-0.51628229938971
-0.32916132804696,2,740,1740,-0.360985182970539,-0.367592077573325,-0.377599631312828,-0.394491248732441,-0.428951024986034
1.69877510484684,2,741,1741,2.4788414089113,2.70826612990429,3.1167095625355,4.01496495184938,7.07723807210091
-0.379645753461213,2,742,1742,-0.417780319894232,-0.425764856754466,-0.437907784241233,-0.458543536114636,-0.50122655322783
-0.405040272558847,2,743,1743,-0.446578708506906,-0.45531567731176,-0.468631467464237,-0.491342556898872,-0.538662658484369
-0.876369365148518,2,744,1744,-1.02491123157197,-1.05960469581729,-1.11510031076841,-1.21763484053751,-1.46734020699846
-0.906997476264053,2,745,1745,-1.06650061835982,-1.10403803470116,-1.16429177322763,-1.27625095795556,-1.55189065424408
-0.212763990943736,2,746,1746,-0.231932369599082,-0.235848569829604,-0.241735314364509,-0.251542602690966,-0.271019502457629
0.147829633318638,2,747,1747,0.160788697578909,0.163419534582508,0.16736209414008,0.173895961445651,0.186730362475664
-0.559882706453437,2,748,1748,-0.626256327295055,-0.640657125028356,-0.662925330380329,-0.701837572337818,-0.786912510262642
-1.67818144991138,2,749,1749,-2.43021990382929,-2.64995736767372,-3.03994101118403,-3.89326686364782,-6.77358080993232
-1.61438340427619,2,750,1750,-2.28500192091076,-2.47706708260697,-2.81472782260986,-3.54226224349753,-5.92494077568656
0.509472314716823,2,751,1751,0.566908392362576,0.579238305188496,0.598210346637716,0.631091171989595,0.701823809607297
-2.00297906137752,2,752,1752,-3.31627822583574,-3.74399822738227,-4.54372872504338,-6.44931081888004,-14.067223903368
0.21963313276088,2,753,1753,0.239488205583133,0.243547904343252,0.24965266178323,0.259829764765192,0.280068396678127
-0.274513687362016,2,754,1754,-0.300105940680131,-0.305375696730367,-0.313326799777838,-0.326658518044309,-0.353488391994144
0.849760793844954,2,755,1755,0.989281467699731,1.02165558755345,1.07328644747959,1.16821485752305,1.39723710661303
0.144880510200356,2,756,1756,0.157568092078212,0.160143200068879,0.164001800442688,0.170395256180398,0.182948619806389
-0.357305998578037,2,757,1757,-0.392576572652485,-0.39993303786217,-0.411100443583321,-0.430020022664103,-0.468910066225681
0.592002457775781,2,758,1758,0.66456195111244,0.680415157165905,0.705008623628343,0.748215371580634,0.843678160871891
0.964744149009938,2,759,1759,1.14669800175008,1.19014421337193,1.26034683086176,1.39221229980676,1.72366413757865
0.82784217710865,2,760,1760,0.960267669612674,0.99083161396975,1.03945642656495,1.12850067086319,1.34168161945375
-1.08472426742945,2,761,1761,-1.32161429699408,-1.3799530276161,-1.47556448866058,-1.65934891039956,-2.14216944850214
-0.125353915102436,2,762,1762,-0.136263009233971,-0.138473904383032,-0.141784417705271,-0.147263035806561,-0.157992588394109
0.770071567803589,2,763,1763,0.885170062999752,0.911367956077049,0.952781976520783,1.02783368547686,1.20394264425216
-0.0818609565814172,2,764,1764,-0.0889087086302138,-0.0903334269956368,-0.0924641380307805,-0.0959828294863442,-0.102843320187899
-0.686836121779191,2,765,1765,-0.78017204183979,-0.801005407908269,-0.833644998344642,-0.891929593497611,-1.02485471118403
-0.909251512930897,2,766,1766,-1.06958651122053,-1.10734088145945,-1.16795843645798,-1.28064089056072,-1.558284331878
-0.202109173406573,2,767,1767,-0.220224783269452,-0.223921526959674,-0.229475241224132,-0.238718701529395,-0.257038714182882
0.170231681700545,2,768,1768,0.185280284627518,0.188341310574332,0.192932875732076,0.200554691460939,0.215577187272567
0.672181422389771,2,769,1769,0.762043538479423,0.782034010414031,0.813304500961463,0.869001716529583,0.995398098691585
0.0420770131947478,2,770,1770,0.0456781626150931,0.046405121957632,0.0474915748963931,0.0492836544422112,0.0527690565122103
1.43961495309438,2,771,1771,1.92448017013868,2.05621658684399,2.28215924854109,2.74978366561035,4.1659810735525
-1.60774161762115,2,772,1772,-2.27033462819542,-2.45971091912755,-2.79232120455996,-3.50784105257286,-5.84393962708248
-0.0690781391330356,2,773,1773,-0.0750115907888822,-0.076210394125218,-0.0780027674576003,-0.0809613662239805,-0.0867242479255952
-0.216466790922274,2,774,1774,-0.236004536142483,-0.239997888087583,-0.246001822129623,-0.256007828319042,-0.275893752023846
0.529158188809303,2,775,1775,0.589977279393252,0.603087058191759,0.623297585349857,0.658436449620732,0.734502771821784
-0.222958466437527,2,776,1776,-0.243148287869997,-0.24727804100076,-0.253489302236064,-0.26384727323951,-0.284459296497534
0.388530666303681,2,777,1777,0.427837695773769,0.436080687274097,0.448625981190441,0.469972265504417,0.514236845182904
0.575859428955674,2,778,1778,0.645259972039167,0.660369601938108,0.683771307099066,0.724773122511333,0.814885212461149
0.578601821645822,2,779,1779,0.64853179571034,0.663765777475433,0.687366596934645,0.728736244326375,0.819738460158501
-0.268754000895113,2,780,1780,-0.293721484701259,-0.298858489961991,-0.306606345769924,-0.319588831036665,-0.345680908934393
0.0219389502662396,2,781,1781,0.0238136682994295,0.0241919756378386,0.0247572613951155,0.025689399169943,0.0275011209310659
-1.78468925624159,2,782,1782,-2.69162349759582,-2.96588227580962,-3.46065308120403,-4.57252532296673,-8.52793587983311
-0.210573868401458,2,783,1783,-0.229524637538918,-0.233395422232654,-0.239213209718519,-0.248903644142373,-0.268140334827261
-0.914449186170296,2,784,1784,-1.07671581135362,-1.11497456517828,-1.17643838489319,-1.29080463548666,-1.57312013920144
-0.792948591512255,2,785,1785,-0.914677645584986,-0.942536891879796,-0.986687874732396,-1.06702954003147,-1.25705071448654
-1.02909062218856,2,786,1786,-1.23902976106824,-1.28998904360683,-1.37295411816161,-1.53071638835023,-1.93668996033468
1.14341193831827,2,787,1787,1.41175286177225,1.47887013041319,1.58965568868139,1.80509235368626,2.38378618950815
0.0839726168398203,2,788,1788,0.091205210077468,0.0926674395650873,0.0948543545351576,0.0984661617848132,0.105509436562813
-0.350768058599539,2,789,1789,-0.385222376412453,-0.392400698739797,-0.403292013848329,-0.421727600719457,-0.459555095274129
-0.0033061714523439,2,790,1790,-0.00358852844766738,-0.00364549879015793,-0.00373062117346077,-0.00387096934013769,-0.00414368758836822
-0.340771813979778,2,791,1791,-0.373996567779156,-0.380907278694731,-0.3913843547853,-0.40909523428198,-0.445337784965978
-0.550155514571041,2,792,1792,-0.614733348206429,-0.628715358196431,-0.65031509936965,-0.687998631989468,-0.770127469210029
-0.779817744410308,2,793,1793,-0.897704977656455,-0.924600158725522,-0.967161851615035,-1.04442851003192,-1.22634685919194
0.385778646148046,2,794,1794,0.424720428716223,0.432882824150255,0.445302587497863,0.466427035390057,0.510197146592548
0.568421329274516,2,795,1795,0.636400545912576,0.651176881706008,0.674045293966856,0.714063061841893,0.801798834606526
-1.52798022427107,2,796,1796,-2.10039642090808,-2.26005913062287,-2.53728466177462,-3.12263172449564,-4.96545386872924
-1.55761951694041,2,797,1797,-2.16224283810427,-2.33241087062476,-2.62912619492747,-3.25994063955271,-5.27261912738335
-0.38543619642559,2,798,1798,-0.424332660974692,-0.432485061610166,-0.444889261390141,-0.465986215809595,-0.509695087850332
0.343382633234805,2,799,1799,0.376926401450596,0.383906459881207,0.394490820277128,0.412389222680741,0.449041182512471
-0.172897069789616,2,800,1800,-0.188197695474502,-0.191310762613488,-0.195980950973166,-0.203734881968264,-0.219024389755376
-0.124855347850669,2,801,1801,-0.13571944142864,-0.137921139827314,-0.141217826874264,-0.146673405337135,-0.157357184004231
0.404151177897347,2,802,1802,0.445567657745983,0.454277558569512,0.467551079721783,0.490187156523984,0.537338731093258
0.286398948651111,2,803,1803,0.313298745244662,0.318847103506143,0.327225305931381,0.341292453832492,0.369682433445345
-0.343109753206998,2,804,1804,-0.376620108681928,-0.383592901028837,-0.39416601844185,-0.412044763561161,-0.448653783390555
-1.15745621133927,2,805,1805,-1.43381245098336,-1.50319439328262,-1.61791600060404,-1.84163432940414,-2.44581858603025
-1.95374754158141,2,806,1806,-3.16357575895518,-3.55088937360165,-4.26905079688077,-5.95700900491716,-12.5223360956212
0.378665173058795,2,807,1807,0.416671529439742,0.424627850563255,0.436726883820858,0.457285216543115,0.499796296305477
0.5467450297834,2,808,1808,0.610701510190137,0.624538925009409,0.645908081184472,0.683168406392415,0.764285298524768
-0.068084740837288,2,809,1809,-0.0739319061601632,-0.0751132303044218,-0.0768794367834504,-0.0797947484125419,-0.0854729244594395
1.08750669941446,2,810,1810,1.32581583816916,1.3845468756295,1.48083352822625,1.66601671459707,2.15302010532753
1.10847026035268,2,811,1811,1.35769789559162,1.4194594545187,1.52097128693625,1.71701022812763,2.23664958232679
0.447101345330605,2,812,1812,0.494654166897662,0.504735735921187,0.52015804990409,0.546627091291877,0.602473038048711
-0.705688508004213,2,813,1813,-0.803644867400436,-0.825605294572358,-0.860079818232876,-0.921844987706551,-1.06361260480561
-1.17748112819972,2,814,1814,-1.46560717542645,-1.53833415618391,-1.6588848682114,-1.89491931763144,-2.53730792853143
-1.33086425187618,2,815,1815,-1.72369210839787,-1.82713400453898,-2.00198412354242,-2.35539874723374,-3.37788497983221
0.53675568875086,2,816,1816,0.598916541748339,0.612336999171829,0.633041869381099,0.66908483911489,0.747299002816683
-0.483390201362838,2,817,1817,-0.536544202993918,-0.547894334849695,-0.565315528854719,-0.595383659637364,-0.659536699780215
0.447971066554274,2,818,1818,0.49565350596556,0.505764257310281,0.521232432938502,0.547783701530326,0.603817949246356
0.809252076553076,2,819,1819,0.935889318446531,0.964985951106931,1.01118098723742,1.0954904407963,1.29602994336353
1.09510362927419,2,820,1820,1.33732304651172,1.39713695299754,1.49528876947042,1.68434073059918,2.18293997332205
-1.39933670873043,2,821,1821,-1.84821022674224,-1.96874679278517,-2.17435415772789,-2.59612817530052,-3.85171075306937
1.29533877179123,2,822,1822,1.66147476481385,1.75693000787043,1.91753511421052,2.23972383114104,3.15846047134992
0.45487144067234,2,823,1823,0.50359013235986,0.513934488032614,0.529769996353293,0.556980477518791,0.614526912342272
-0.477912013732452,2,824,1824,-0.53019451437032,-0.541346276480239,-0.558454205180721,-0.587956280502711,-0.650794208898641
-0.523294110151393,2,825,1825,-0.583091468542945,-0.595965187458387,-0.615800465113108,-0.650254090832589,-0.724697138437817
0.133416031442118,2,826,1826,0.145055555353795,0.147415855474607,0.150951073647311,0.156804392855654,0.168279451289132
-1.42313053816965,2,827,1827,-1.89298334623578,-2.02002769411325,-2.23743407490338,-2.68575091770806,-4.03391347067939
-2.15503438531134,2,828,1828,-3.83953951792711,-4.41897171822154,-5.53183706871712,-8.30323243029208,-20.4149171204388
-1.64441276991566,2,829,1829,-2.35236157507826,-2.55702626043108,-2.91843320046972,-3.70276352082907,-6.30791763651202
-0.732019779731968,2,830,1830,-0.836725389606944,-0.860343935399131,-0.897526478855485,-0.96445400880425,-1.11945775762207
0.571629439087954,2,831,1831,0.640219075069147,0.655138453536949,0.678235674893784,0.718675445866983,0.807429390832643
-0.255688652846985,2,832,1832,-0.279259557765925,-0.284100685713923,-0.291396150903008,-0.303603044379503,-0.328063722703528
-0.58777101654547,2,833,1833,-0.659492524356591,-0.675148105313742,-0.699424565681009,-0.742044028433359,-0.836078182164697
-0.967280198890782,2,834,1834,-1.1502759925292,-1.19399906281452,-1.26466981929794,-1.39747827931418,-1.73160700912604
-0.192421691985882,2,835,1835,-0.209592598286002,-0.213092961167058,-0.218349052669501,-0.227089738849653,-0.244382677369754
0.566016652301305,2,836,1836,0.63354090016692,0.648210717070682,0.670908810898616,0.710612651539048,0.797591890073211
-1.76628117232301,2,837,1837,-2.64462744391555,-2.90864610748963,-3.38357540345112,-4.44585975377225,-8.18997838128413
-1.48311082248869,2,838,1838,-2.00953932619499,-2.15441558950816,-2.40438893571915,-2.92681838963231,-4.53917620998709
0.123682341682329,2,839,1839,0.134440636017384,0.136620715772948,0.139884904157288,0.145286335145639,0.155862566058028
0.433136244193542,2,840,1840,0.47863764013241,0.488258478840319,0.502957517113185,0.528132035022352,0.581023131226141
0.757746504708266,2,841,1841,0.869393474323692,0.894731345023547,0.934732010917186,1.00706263419319,1.176066584936
0.0246823066024379,2,842,1842,0.0267917747706994,0.0272174689300486,0.0278535737236617,0.0289025220002668,0.0309414115761606
-1.86343107205853,2,843,1843,-2.90198159748264,-3.2243689310889,-3.81330856588279,-5.16421368709467,-10.1692771472701
0.370093113594139,2,844,1844,0.406988566844514,0.414700794401256,0.426420370452767,0.446310203027148,0.487339864356842
0.256652001657724,2,845,1845,0.280324924209207,0.285187624930626,0.292516045879098,0.304779358340034,0.329358375604958
-1.6867275433801,2,846,1846,-2.45029030292847,-2.67400110198114,-3.07154754282678,-3.94324707652392,-6.89771260602519
-0.626651585993777,2,847,1847,-0.706348094952653,-0.723895045502013,-0.751212927977516,-0.79948918420847,-0.907384454439887
-0.59961766669709,2,848,1848,-0.673703361688016,-0.689917180877026,-0.715089581968996,-0.759370289368402,-0.857451993708335
-1.21971995367254,2,849,1849,-1.53403607073352,-1.61428770196896,-1.74801533363044,-2.01210771993402,-2.74280028109295
1.8258342458636,2,850,1850,2.79960343151856,3.09810319346094,3.64012078386502,4.87118123600977,9.34369826154341
0.339879645038826,2,851,1851,0.372995725542842,0.379882826681588,0.390323386761178,0.407970467008803,0.444073841385495
0.700040528122715,2,852,1852,0.796594454528379,0.818212081288545,0.852127996231246,0.912832049360484,1.05189673344032
0.266979218051106,2,853,1853,0.291755325613675,0.296851715316989,0.304537420744662,0.317413211272142,0.343280279464204
0.989087240324094,2,854,1854,1.18124504583398,1.22741230149452,1.30222326201308,1.44339503143794,1.80138929609007
1.23115445542823,2,855,1855,1.55288998954841,1.63529317583229,1.77280432893125,2.04500650791142,2.80153820338905
-0.231051061999297,2,856,1856,-0.252062043410008,-0.256363929438017,-0.262837086823999,-0.273640393519345,-0.2951741495054
0.774223450665539,2,857,1857,0.890503477787055,0.916996536616832,0.958896183337446,1.03488454531105,1.21344735703569
0.119042415944034,2,858,1858,0.12938323996211,0.131478062879386,0.134614121339014,0.139802166674641,0.149954970298042
1.01986762291512,2,859,1859,1.22559237346149,1.27541022868275,1.35642874229004,1.51021658801596,1.904621412013
-0.281376061512556,2,860,1860,-0.307720213084716,-0.313150050159837,-0.321346468417228,-0.335100342131735,-0.362824698696129
-0.708028344244789,2,861,1861,-0.80657031925818,-0.828674069851075,-0.863382274600323,-0.925591727423154,-1.06849287665324
-0.611928925180215,2,862,1862,-0.68853199330594,-0.705342520035661,-0.731474229818403,-0.777538488531147,-0.879987373913785
1.62211986280518,2,863,1863,2.30219107492008,2.4974323449894,2.84106660070057,3.58284125252124,6.02094903443544
-0.106331763911821,2,864,1864,-0.115536942156374,-0.117400209984948,-0.120188536415455,-0.124798229821023,-0.133806493475885
0.629023017277369,2,865,1865,0.709226411337321,0.726894357816467,0.75440736278686,0.803048175667798,0.911844181366554
0.166118156642751,2,866,1866,0.180779286837652,0.183760368567287,0.188231202482113,0.195650281576892,0.210263590514054
-0.778753691842533,2,867,1867,-0.896333879278793,-0.923152182994287,-0.965587266802178,-1.04260934325188,-1.22388507332278
1.2682515602151,2,868,1868,1.61506648237736,1.70480549537382,1.85526718809211,2.15540034121242,3.00195891571492
-0.0178881678501291,2,869,1869,-0.0194164421030793,-0.0197248248241798,-0.0201856154114832,-0.0209454146096257,-0.0224220544771234
-1.44599608355766,2,870,1870,-1.93677990387249,-2.07037411789448,-2.29970329920184,-2.77501118913875,-4.21844139680214
0.617760920891877,2,871,1871,0.695578436177001,0.712677662161598,0.73927409411112,0.786204111182423,0.890780756436822
-1.26769150656461,2,872,1872,-1.61411608505578,-1.70374018691465,-1.85399843015359,-2.15369078598796,-2.99881644219542
-0.881735113868163,2,873,1873,-1.03215190129661,-1.06732984359903,-1.12363455621997,-1.22776710122939,-1.48184642851431
0.362767246942491,2,874,1874,0.398727134938215,0.40623433852448,0.417635572535531,0.436965656996308,0.476759415494488
1.54605204226368,2,875,1875,2.13792756880475,2.30392303935637,2.59288493909823,3.20556591907725,5.15017827982087
0.775860248355983,2,876,1876,0.892608706089679,0.919218892931861,0.961311323791591,1.03767175571001,1.21721046576389
-0.0707489172987848,2,877,1877,-0.076827588014279,-0.0780558131918591,-0.0798922351362551,-0.0829237116976098,-0.088829241371756
1.98193580766077,2,878,1878,3.250086564753,3.66006950213153,4.42389081782058,6.23322844894585,13.3814796759355
-0.0727049393755235,2,879,1879,-0.0789537775818151,-0.0802164866111188,-0.0821045410295124,-0.0852214579779711,-0.0912942876103265
-0.660473237261195,2,880,1880,-0.74763208735809,-0.766969356913504,-0.797180803191925,-0.850882412743577,-0.972270181493087
-0.0990895891572841,2,881,1881,-0.107652563763587,-0.109385113836867,-0.111977300419717,-0.116261234431814,-0.124626729302654
-0.658881006165815,2,882,1882,-0.745677093239609,-0.764926891391896,-0.794996650846451,-0.848431666835468,-0.969152147069359
0.160548997392711,2,883,1883,0.174688327623836,0.177561876261214,0.181870404195636,0.189017188456462,0.203081968285872
-1.10314823164072,2,884,1884,-1.34956575957359,-1.41054530835173,-1.5107072309356,-1.70393641616042,-2.21509961670736
1.17507548459462,2,885,1885,1.46176607570108,1.53408386029468,1.65392053445503,1.88844307648247,2.52612303210315
0.0926449570770996,2,886,1886,0.100639172107474,0.102256080827486,0.104674840939378,0.108671000083687,0.116469746275346
-0.187155206865404,2,887,1887,-0.203817311498318,-0.207212118495706,-0.212308386357403,-0.220779510474876,-0.237523537753892
0.0427555924461874,2,888,1888,0.0464150720935444,0.0471538186352894,0.0482578965296869,0.0500790731523988,0.0536211692351806
-0.870045041278529,2,889,1889,-1.01640131926995,-1.050531077852,-1.10508605748815,-1.20576520619749,-1.45040443698962
-0.167856420275904,2,890,1890,-0.182681069398767,-0.185695878920835,-0.190217641341995,-0.197722221673864,-0.212508017607451
-0.672811409490453,2,891,1891,-0.762820781173221,-0.782846904252805,-0.814175245731082,-0.869981620291124,-0.996652655283168
-0.393014491814944,2,892,1892,-0.432920674926051,-0.441296036444667,-0.454047611834376,-0.475758754360592,-0.520837934228964
1.53234693429579,2,893,1893,2.10941468870838,2.27058712937756,2.55060716511599,3.14244991788896,5.00937230124319
0.310908804069953,2,894,1894,0.340587054851906,0.346730898758656,0.35602443466822,0.37167469559794,0.403451873789713
-0.75250633096371,2,895,1895,-0.86271086880517,-0.88769031988206,-0.927102680508774,-0.998302853405134,-1.16436563035747
0.0404838740773204,2,896,1896,0.0439481251568893,0.0446474227209893,0.0456925156557922,0.0474163184898361,0.0507687061859067
0.547749318023592,2,897,1897,0.611888326342412,0.625768200698109,0.647205055201796,0.684589597474218,0.766003359377909
0.563730287752602,2,898,1898,0.630823989627311,0.645393081689934,0.667930175006316,0.707337420103009,0.793602588202505
0.846284572603413,2,899,1899,0.984660047392036,1.01674114935624,1.06788478962689,1.16185755810179,1.38829739014096
0.601637480477527,2,900,1900,0.676131917090443,0.692442462860821,0.717770255448221,0.762339533671031,0.86112632731462
-2.12989273285957,2,901,1901,-3.74717996460297,-4.29839379740968,-5.35225612690963,-7.95710685776222,-19.1692043652696
-0.36838015919428,2,902,1902,-0.405055725035028,-0.412719720600194,-0.42436437515362,-0.444122381851806,-0.48486060260251
0.498355909504866,2,903,1903,0.55393967690459,0.565844736025179,0.584143578800541,0.615801372297523,0.683664019862181
0.344935973409373,2,904,1904,0.378670251287152,0.385691751319762,0.396340244050253,0.414350800746771,0.451247857879431
-0.377578298480986,2,905,1905,-0.415442820160062,-0.423367937859959,-0.43541843655637,-0.455891187144168,-0.498212290432804
0.433027127225126,2,906,1906,0.478512712773,0.488130008949926,0.502823491803736,0.5279880833037,0.580856592569677
0.938295040759296,2,907,1907,1.10966736990483,1.15031496495522,1.21579519706084,1.33817933132642,1.6428791049197
0.0479751039767515,2,908,1908,0.0520836717858204,0.0529131888596972,0.0541530070632114,0.0561983192038948,0.0601773016040615
0.380543705272466,2,909,1909,0.418795883817479,0.426806312181913,0.438989523831497,0.459696343740408,0.502537260958792
1.115648566673,2,910,1910,1.3687082122736,1.43153841800798,1.53489670459304,1.7347847099117,2.26606797466933
-1.03281189433632,2,911,1911,-1.24447134621846,-1.29589755266192,-1.37965966540664,-1.53905175911842,-1.94978271103223
-0.827079891935578,2,912,1912,-0.95926394725633,-0.98976651640888,-1.03828956988121,-1.12713513199371,-1.33978369707205
-0.505268437694895,2,913,1913,-0.56199919017397,-0.574167144599379,-0.592882428696924,-0.625296420675985,-0.694931974275679
0.45008996541693,2,914,1914,0.498089117456926,0.508271209219566,0.523851524976466,0.550603925298607,0.60709906907596
-0.191125572063019,2,915,1915,-0.2081709525786,-0.211645260252188,-0.216861891477391,-0.225535995404544,-0.24269323845336
-0.333798586473257,2,916,1916,-0.366178516933836,-0.372905869729473,-0.383099483880862,-0.400315477023986,-0.435479965955569
-0.873679171196267,2,917,1917,-1.02128815084187,-1.05574086688117,-1.11083465140991,-1.21257625897105,-1.46011492260601
2.090121530066,2,918,1918,3.60599632042457,4.11524722879551,5.08198667995723,7.4437021959997,17.3715402840144
-0.0621909134887484,2,919,1919,-0.0675269789186738,-0.0686048081449065,-0.0702161083189242,-0.0728752440718948,-0.078052462136732
1.73989574878426,2,920,1920,2.57862660466063,2.82858578767157,3.27639080043947,4.2713506619173,7.73236962846692
-0.571260464882398,2,921,1921,-0.639779693896195,-0.65468256601559,-0.677753378746519,-0.718144427515357,-0.806780750691301
0.018259571407253,2,922,1922,0.019819601808655,0.0201343936528002,0.0206047617339702,0.0213803557969877,0.0228877026573259
-0.318968763752369,2,923,1923,-0.349586124449523,-0.355932300635317,-0.365537591435411,-0.381729173800897,-0.414673345671023
0.417481913256406,2,924,1924,0.460748863869963,0.469870330520557,0.48378714612489,0.507566563514258,0.557294064648463
-0.407670586594798,2,925,1925,-0.449571031954351,-0.458388395396568,-0.471829761684709,-0.494763799143968,-0.542585184013685
-0.850397934585001,2,926,1926,-0.990129331176983,-1.02255740298288,-1.07427799814026,-1.16938249703852,-1.39888099084356
1.22558990680422,2,927,1927,1.54369688156691,1.62504674308439,1.76070476197004,2.0289319321271,2.77278132143266
0.752344877069679,2,928,1928,0.862505207265452,0.887473682837666,0.926868035172165,0.998033625076308,1.16400652373885
1.11552847620386,2,929,1929,1.36852361681714,1.43133581235972,1.53466296351415,1.73448600983865,2.26557245585368
-0.415773941632356,2,930,1930,-0.458801157497758,-0.467869201610695,-0.481702443785171,-0.5053331182956,-0.554724635733692
1.44071767559777,2,931,1931,1.92660137139439,2.0586571605457,2.28518173065949,2.75412545313359,4.17499256871204
-1.23448817548145,2,932,1932,-1.55841397854295,-1.64145396755908,-1.78008625107814,-2.05469596497562,-2.81892495053074
-0.147405536783931,2,933,1933,-0.160325511785298,-0.162948322433151,-0.166878788187916,-0.173392425500235,-0.186186316912885
0.106966747892214,2,934,1934,0.116228395457268,0.118103164941305,0.120908754864762,0.125547135932122,0.134612068194596
0.164153533347231,2,935,1935,0.178630227687138,0.181573284291769,0.185986712954781,0.193309451995187,0.207728550217496
-0.192767801859313,2,936,1936,-0.20997226212473,-0.213479591275665,-0.218746234187332,-0.227504727091271,-0.24483396858311
-1.19836332130452,2,937,1937,-1.49920156252661,-1.57556705603153,-1.70247850736704,-1.95202028397068,-2.63670366945284
-0.195624720790512,2,938,1938,-0.213106701904427,-0.216671672927496,-0.22202564024554,-0.230931553214512,-0.248561548533377
-0.370460334436324,2,939,1939,-0.407403017376111,-0.415125608283536,-0.426861284823552,-0.446779453694688,-0.487871790785295
0.046592139091,2,940,1940,0.0505816409591877,0.0513870886196842,0.0525909102874167,0.0545767772535593,0.0584398583332929
0.740840569207883,2,941,1941,0.84788669844661,0.872083416896617,0.910212511054879,0.978951410370268,1.13863236343878
0.814694726522102,2,942,1942,0.943005208020186,0.972525117919579,1.01942042616074,1.1050924616851,1.30926005511864
0.770905296158174,2,943,1943,0.886240284345471,0.912497226318081,0.954008375510052,1.02924735318787,1.20584658906768
1.53764413294827,2,944,1944,2.12039759231906,2.2834188777044,2.56686406727083,3.16667928818876,5.06325753425119
0.17916924348925,2,945,1945,0.195065973900519,0.198302270751536,0.203158731335728,0.211225946633028,0.227149767280066
1.30184995230313,2,946,1946,1.67276147946819,1.76963807536728,1.93277220577855,2.2604835644172,3.19743846723251
-0.839575501729868,2,947,1947,-0.97576212657594,-1.00728407666007,-1.05749864187685,-1.14965116659525,-1.37118244971585
-0.122182466062532,2,948,1948,-0.132805633231641,-0.134958108714228,-0.138180805537622,-0.143513120182535,-0.153952132086424
0.551871364361373,2,949,1949,0.616763422420033,0.630818616194016,0.652535105654683,0.690433038511669,0.773075084195311
1.29112235960387,2,950,1950,1.65419329197007,1.74873803409045,1.90772449537857,2.22638345634166,3.13350612237898
1.09741083606843,2,951,1951,1.34082821116017,1.40097441880617,1.49969902684094,1.68994049200026,2.1921128560124
0.652684290012268,2,952,1952,0.738079509421807,0.756991937775678,0.786515518507752,0.838923743816527,0.95707820448577
0.279418849683958,2,953,1953,0.305547708637899,0.310931673902492,0.319057771199483,0.332690560612333,0.360158065381584
1.87103025682708,2,954,1954,2.92312236917141,3.25055058717259,3.84943637746561,5.22592661686116,10.346254058409
1.24139219608803,2,955,1955,1.56989333694221,1.65426597294823,1.79524637807973,2.07490500274869,2.85531513567295
1.73270060292472,2,956,1956,2.56090033703265,2.80714794345371,3.24781567029761,4.22515167627004,7.61279636754137
0.123952744254814,2,957,1957,0.13473541811485,0.136920479059812,0.140192155204546,0.145606060991753,0.156207065691864
-1.15435957244176,2,958,1958,-1.42893173452933,-1.49780865631648,-1.6116517915085,-1.83351931223388,-2.43199283155711
-0.316390643626494,2,959,1959,-0.346706197574205,-0.352987291157481,-0.362492261568306,-0.378509534774936,-0.411077447386549
1.12429217653826,2,960,1960,1.38203035554753,1.44616878407001,1.55179019684818,1.75640485366171,2.30203763096956
1.36573541348902,2,961,1961,1.78632427048299,1.89817979959207,2.0881239534302,2.47493106176272,3.61029183344454
-0.527583602769079,2,962,1962,-0.588127162852334,-0.601173239081099,-0.621282471221635,-0.656236271329299,-0.731863795991863
1.05226932694676,2,963,1963,1.27311311529911,1.32704173720794,1.41508283729645,1.58324877503083,2.01972055697505
-0.149305671101577,2,964,1964,-0.162400912197297,-0.165059716866923,-0.169044421265253,-0.175648798736626,-0.188624442679617
1.92560002005235,2,965,1965,3.07956614326045,3.44542960181439,4.1206379794169,5.69547126270217,11.7272876264132
-0.269153184829133,2,966,1966,-0.294163786398241,-0.299309945598521,-0.307071811057425,-0.320078353192584,-0.346221190526773
-0.854073243639558,2,967,1967,-0.99502518848948,-1.02776597458089,-1.08000684732908,-1.17613278626276,-1.40839629293467
-0.768836403352629,2,968,1968,-0.8835852419274,-0.909695859172355,-0.950966341355318,-1.02574136495897,-1.20112625453083
-0.627891546953517,2,969,1969,-0.707852792054935,-0.725462925031878,-0.752882689754571,-0.801349273486339,-0.90971469028435
-0.310428484904873,2,970,1970,-0.340051179324779,-0.346183070240199,-0.355458200605981,-0.371076536066681,-0.402785026291644
0.848242677992277,2,971,1971,0.98726229290177,1.01950816895159,1.07092576044458,1.16543577087118,1.39332693010805
0.10752709111882,2,972,1972,0.116838592431839,0.118723517152643,0.121544350399611,0.126208064238327,0.135323046731036
0.16830960373236,2,973,1973,0.183176935817871,0.186200551574303,0.190735612965813,0.198262525027489,0.21309339174535
-0.0566112912550083,2,974,1974,-0.0614647405631751,-0.0624449012572206,-0.0639100580572865,-0.0663276302971732,-0.0710329612511018
0.166918024490344,2,975,1975,0.181654359374321,0.184650951228155,0.189145203955626,0.196603596086396,0.211296198914625
-1.02344593739686,2,976,1976,-1.23079746781218,-1.28105550992427,-1.36282439377841,-1.51814330697565,-1.91699928595752
-1.25157511274482,2,977,1977,-1.58692237032549,-1.67329509142405,-1.81780445607986,-2.10506742617479,-2.90994702906829
-1.85580944121713,2,978,1978,-2.8809317195489,-3.19833645873061,-3.77745995732184,-5.10317577716021,-9.99529194031392
-0.940730110063538,2,979,1979,-1.11305518029354,-1.15395377349525,-1.21985680188096,-1.34308745463951,-1.65016348556186
2.70139694734106e-05,2,980,1980,2.93210133042513e-05,2.97864973107281e-05,3.04820003776333e-05,3.16287295930392e-05,3.38569898547053e-05
1.38576633354719,2,981,1981,1.82303075892308,1.93999124592799,2.1391355618895,2.54644345651346,3.75204455759705
-1.0952542544213,2,982,1982,-1.33755173155598,-1.39738728318901,-1.49557640358875,-1.68470581299102,-2.18353758904934
1.17346123660115,2,983,1983,1.45919191969255,1.53123625949249,1.65059592793974,1.88410895549424,2.51864779564712
0.160752751508925,2,984,1984,0.174911117005181,0.17778858593958,0.182103029213809,0.189259732316039,0.203344472379721
0.0425729784520463,2,985,1985,0.046216759528299,0.0469523336925785,0.0480516680092289,0.0498650133320787,0.0533918500867552
-0.359516277467476,2,986,1986,-0.395065003466731,-0.402482261694741,-0.413743947703228,-0.432828978053882,-0.472082983691918
1.07839993238404,2,987,1987,1.31209022939052,1.36954575510941,1.46363818797355,1.64427911156774,2.11771824774093
0.587666674851562,2,988,1988,0.659367609119212,0.675018341516833,0.699287026794142,0.741892092433211,0.835891254961889
-1.32842748001622,2,989,1989,-1.71937410031905,-1.82224975290758,-1.99608720550603,-2.34727257907504,-3.36229317502099
-0.745045226907413,2,990,1990,-0.853221401010679,-0.877697842777295,-0.916285296359491,-0.985902591637616,-1.14785766513072
0.479417819677166,2,991,1991,0.531938929549017,0.543144967945217,0.560338584834209,0.589995422648587,0.653192600120628
1.15051593058536,2,992,1992,1.42288688267718,1.49114144689601,1.60390258384924,1.82349242869639,2.4149491685805
-0.655522125372206,2,993,1993,-0.741556727406619,-0.760623055704053,-0.790395731552014,-0.843272069644218,-0.962595573990143
-0.938644747330113,2,994,1994,-1.11015363797224,-1.15083719784202,-1.21637800217503,-1.33888338476122,-1.64392336424143
-0.979421579300519,2,995,1995,-1.16747334679545,-1.21254307628945,-1.28549331965478,-1.42290121048621,-1.77012744190283
0.433458358669136,2,996,1996,0.479006446593834,0.488637748019666,0.503353194515032,0.528557032101668,0.581514849819033
1.17388891855169,2,997,1997,1.45987366234916,1.53199036047665,1.65147624142327,1.88525634068197,2.52062595129528
0.860124519317872,2,998,1998,1.00310475118719,1.03636600312794,1.08947339176244,1.18730237354492,1.42418522956276
2.04428408446658,2,999,1999,3.45037593570563,3.91505383096903,4.79010377294012,6.89971158762401,15.5341462715133
1.13938365298475,2,1000,2000,1.4054613221569,1.47194110389628,1.58162024134631,1.79473407524173,2.3663077447725
1.59084084593659,3,1,2001,2.23338040688352,2.41606917185677,2.73614535929479,3.42194891867429,5.64358105162224
0.671931672463823,3,2,2002,0.761735462282538,0.781711815163577,0.812959396194379,0.868613387962654,0.994901034971647
-0.448950112298067,3,3,2003,-0.496778726777253,-0.506922398244312,-0.52244231672411,-0.549086377472319,-0.605333206344878
0.256836219349286,3,4,2004,0.280528667432072,0.285395497774177,0.292730227873015,0.305004342817579,0.329606024324954
-0.851148349778954,3,5,2005,-0.991128260969822,-1.02361997467376,-1.07544643210705,-1.1707586983177,-1.40081927391709
-0.684768905973221,3,6,2006,-0.777608638804257,-0.798321370768583,-0.830764847055056,-0.88867830706117,-1.02066456536569
-1.71888256328154,3,7,2007,-2.52717719173169,-2.76643959225883,-3.19370186874842,-4.1380415838178,-7.38914848442407
0.967205264125023,3,8,2008,1.15017020107547,1.19388506902613,1.26454195375736,1.3973224634752,1.73137180866391
-0.678643276271707,3,9,2009,-0.770024633686639,-0.790383259260676,-0.822251393393047,-0.879077031007773,-1.00831598643013
-0.271911314167019,3,10,2010,-0.297220576113064,-0.302430172544375,-0.310289147654753,-0.323462505933704,-0.349957580451304
0.625028094696201,3,11,2011,0.704378977748681,0.721843478084154,0.749028435419915,0.797056451493695,0.904338877912136
0.0159215422144688,3,12,2012,0.01728168863959,0.0175561404697355,0.0179662271743591,0.0186424097601549,0.0199564995778668
2.06414564477157,3,13,2013,3.51690225578329,4.00041605973874,4.91410221642458,7.12945673992229,16.3015203013566
3.02541474041693,3,14,2014,9.48712459550782,12.6644583811311,20.0312649817066,45.1741618630897,256.397921404223
0.685911314862528,3,15,2015,0.779025004007846,0.799804331100836,0.832356063742305,0.89047437199488,1.02297873696813
0.131817690525251,3,16,2016,0.143311985889649,0.145642561053576,0.149133059060323,0.15491176668074,0.166238215408216
0.86125792062346,3,17,2017,1.0046206510767,1.03798016525209,1.09125123168644,1.18940216177984,1.427159564606
-0.120797569790255,3,18,2018,-0.131296120368459,-0.133423145752527,-0.136607593972552,-0.141876208771329,-0.152188814331407
0.350743343136274,3,19,2019,0.385194593541959,0.39237224715645,0.403262526386197,0.42169629879866,0.459519815975331
-0.258341169272641,3,20,2020,-0.282193335435,-0.28709395469564,-0.294480313016291,-0.306842843091639,-0.331630097242527
0.284289842741678,3,21,2021,0.310955772702622,0.316454223248812,0.324755862509217,0.338691020547012,0.366800366936064
-1.90567756195494,3,22,2022,-3.02149035954435,-3.37285453167007,-4.01917196945225,-5.51851412938526,-11.1997364168336
-2.28275395539847,3,23,2023,-4.34950705565654,-5.09521155434014,-6.56195811781283,-10.361309628998,-28.3519619862148
0.714128465210398,3,24,2024,0.814210008618231,0.836691054133901,0.872014778145286,0.935395568358309,1.08129035692415
1.83229385128803,3,25,2025,2.81693569261988,3.11941809524293,3.66923415733704,4.92011318177909,9.47984362028321
-0.984294558989544,3,26,2026,-1.17440734805711,-1.22002754773377,-1.29391071726154,-1.43320469323266,-1.78582124581459
0.356704984643567,3,27,2027,0.391900117709116,0.399240102195149,0.410381954322424,0.429256705103984,0.468048198711378
-0.572519611560124,3,28,2028,-0.641279324067351,-0.656238583685326,-0.679399616866931,-0.719957133230814,-0.808995405226123
-1.26691385089924,3,29,2029,-1.61279702827798,-1.70226178800229,-1.85223794734886,-2.15131923935866,-2.99445911722659
-1.05197248155832,3,30,2030,-1.27267373781615,-1.32656340192429,-1.41453779239812,-1.58256663954073,-2.01863455378652
0.281581113099854,3,31,2031,0.307947859613078,0.313382512580269,0.321586314706378,0.335352905867798,0.363104253110356
-0.88754384919611,3,32,2032,-1.04001186224434,-1.07572078342639,-1.13291295216052,-1.23880047217054,-1.49769451848877
-1.80416645184778,3,33,2033,-2.74222442261517,-3.02771985739947,-3.54434384539554,-4.71115377908394,-8.90331976021642
-0.528413061768223,3,34,2034,-0.589101657061106,-0.602181261322153,-0.622343804358766,-0.657394994197341,-0.733253399071926
0.9420483625145,3,35,2035,1.11489100491509,1.15592603414614,1.22205894535244,1.34575006366385,1.65411968653868
1.23594784394283,3,36,2036,1.56083654256205,1.64415672188935,1.78328248563677,2.05895254646363,2.82657545196916
0.569887014865662,3,37,2037,0.638144623967779,0.652986178574789,0.675958901064756,0.716169015211068,0.804368696186298
-0.590311952189022,3,38,2038,-0.662535804819625,-0.678309823401599,-0.702776244299779,-0.745747560899029,-0.840637338511933
0.579369335205235,3,39,2039,0.649448005516454,0.664716932477942,0.688373720634196,0.729846802071202,0.821099502185318
-0.42315531959361,3,40,2040,-0.467224279920663,-0.47652468663449,-0.490721587142855,-0.514999937510734,-0.565856303876953
1.42801659718743,3,41,2041,1.90227782669365,2.03069698856726,2.25060206259564,2.70456155537388,4.07254797395297
-0.140159462122656,3,42,2042,-0.152414073595137,-0.154900377279506,-0.158625241791994,-0.164795192322745,-0.176901827129999
1.32513736289616,3,43,2043,1.71355588359832,1.81567138143267,1.98815001987375,2.3363463781594,3.34137091534152
2.32240876387344,3,44,2044,4.52303889455844,5.32918859572483,6.92699561430236,11.1186033495484,31.4881943227326
1.10494093903386,3,45,2045,1.35230211254093,1.41354410677427,1.51415894262898,1.70833043924024,2.22233405415248
-0.293067101045904,3,46,2046,-0.320711620809566,-0.326419128042952,-0.335041637198516,-0.349530401386294,-0.378818654979316
-1.91541312221116,3,47,2047,-3.0497294959507,-3.40811005213137,-4.06839348334935,-5.60416711999116,-11.4540310594972
-0.885463229452304,3,48,2048,-1.03719393470387,-1.07271188382525,-1.12958478590719,-1.23484068190489,-1.49200055191826
0.0868047956315238,3,49,2049,0.0942856655425601,0.0957982968135952,0.0980607425824317,0.101797720878647,0.109086849302013
1.4214014200486,3,50,2050,1.88970241257322,2.01626341092382,2.23279181272672,2.67912774428064,4.02034265323151
1.52804084108616,3,51,2051,2.10052139057715,2.26020496949136,2.53746911459398,3.12290587903776,4.96606045077914
0.114951017131541,3,52,2052,0.124925047805888,0.126945024638018,0.129968643242127,0.134969558564966,0.144751550290711
-0.641723384745727,3,53,2053,-0.724682887967684,-0.743010312745835,-0.771587940610803,-0.822221182989345,-0.935955259002935
-1.06485189934022,3,54,2054,-1.29180716273748,-1.34740980768065,-1.43832019146982,-1.61239161599022,-2.06631031869609
-0.100050391659747,3,55,2055,-0.108698375070916,-0.110448219390884,-0.113066349286051,-0.117393352999596,-0.125843755181883
-1.03291856272672,3,56,2056,-1.24462749630536,-1.29606714144871,-1.3798522004983,-1.53929123694586,-1.95015932624284
0.24115800160268,3,57,2057,0.263207922863078,0.267728177498551,0.274533991900316,0.285904137864742,0.308615955716791
-1.15376281800407,3,58,2058,-1.4279922655386,-1.49677223629399,-1.61044677538012,-1.83195924999687,-2.42933818206534
1.67738919082901,3,59,2059,2.42836689808237,2.64773933162867,3.0370287930568,3.88867049786709,6.76220579923542
-0.394985367862514,3,60,2060,-0.435156516721033,-0.44359047964807,-0.456433421706447,-0.478306294102624,-0.523747088421923
-1.25038955695708,3,61,2061,-1.58493370647072,-1.67107142791389,-1.8151658609095,-2.10153370563365,-2.90352685449045
-0.865711555460147,3,62,2062,-1.01058528969224,-1.04433331888069,-1.09825179889349,-1.19767696359648,-1.43889972072785
1.03088998965262,3,63,2063,1.24165952447237,1.29284411982051,1.37619374827369,1.5347421963776,1.94300962639309
-0.311243506922235,3,64,2064,-0.340960498195633,-0.347112678252394,-0.356419051170048,-0.372091580835323,-0.403916679566022
-0.747229900100253,3,65,2065,-0.855996923434913,-0.880619766682974,-0.91944722238058,-0.989524778728315,-1.15267298637877
-0.725920012890952,3,66,2066,-0.829030731438689,-0.852256219048093,-0.888795935859955,-0.954495338208849,-1.10633747654521
-0.151394477735396,3,67,2067,-0.164682775533065,-0.167381245585136,-0.171425733624941,-0.178130164120934,-0.191306362774178
-0.942982128374486,3,68,2068,-1.11619215053509,-1.1573240590666,-1.22362022981609,-1.34763844808732,-1.65692743328391
-0.703939971302039,3,69,2069,-0.801460476201756,-0.823314301071979,-0.857615064676678,-0.919050023551132,-1.05997584807039
0.663871097524464,3,70,2070,0.751807965945225,0.771332983636323,0.801848651305502,0.856122990258072,0.978945766228237
0.00571940746151967,3,71,2071,0.00620787494028513,0.00630643220555027,0.00645369224118603,0.00669649305881357,0.00716829792413502
0.211486561352954,3,72,2072,0.230527937929851,0.234417629177101,0.240264121169514,0.250003191087357,0.269339830478377
-0.67170820892043,3,73,2073,-0.761459835996202,-0.781423562773352,-0.812650657414441,-0.868265999157765,-0.994456426281517
-1.11098071360819,3,74,2074,-1.36154303501296,-1.42367650810613,-1.52583072145563,-1.72320799666998,-2.24689174095397
-1.26293475551871,3,75,2075,-1.60605869654674,-1.69471206014138,-1.84325235169034,-2.13922507883224,-2.97227444250498
-0.717591343499387,3,76,2076,-0.818555167269446,-0.841252754342716,-0.876929978269993,-0.94098418848497,-1.08860339893182
-1.09768068677352,3,77,2077,-1.3412384928561,-1.40142367150307,-1.50021546738761,-1.69059650310866,-2.19318835964293
-1.80315805442121,3,78,2078,-2.73958217794999,-3.02448547763171,-3.5399558004294,-4.70385718446868,-8.8834195537478
-1.53197682137448,3,79,2079,-2.10864908162291,-2.26969305945561,-2.54947522655202,-3.14076475421276,-5.00563238149551
-1.80860387254439,3,80,2080,-2.75388101476409,-3.04199578824126,-3.56372580858935,-4.74341973941572,-8.99150786934089
0.00537716339149796,3,81,2081,0.00583639931800063,0.00592905848105459,0.00606750575256277,0.00629577596776852,0.00673934444903986
-0.971103529871719,3,82,2082,-1.15567933988531,-1.19982267664003,-1.27120438651091,-1.40544599337056,-1.74364853477723
-1.24910961479993,3,83,2083,-1.58278851194038,-1.66867316004781,-1.81232083739597,-2.09772520420477,-2.89661329712028
-1.4227269954977,3,84,2084,-1.8922172539549,-2.01914864915118,-2.23634983409065,-2.68420362755984,-4.03074158159021
0.956700015739091,3,85,2085,1.13538087024695,1.17795888575052,1.24669459267955,1.37560877411602,1.69870144964579
0.492906609017728,3,86,2086,0.547597262441501,0.559298029293873,0.577273550943297,0.608345079271109,0.674836859996141
0.454800589166796,3,87,2087,0.503508569434278,0.513850507685168,0.529682212810652,0.556885863298727,0.614416605631146
1.34193291248066,3,88,2088,1.74340142893319,1.84945054761888,2.0289686309911,2.39267737409869,3.44975269747165
-0.701802997422278,3,89,2089,-0.798792871519227,-0.820516992808018,-0.854606398534921,-0.915639868224687,-1.05554299755071
-1.06848940640822,3,90,2090,-1.29723708734862,-1.35333202594665,-1.44508722111125,-1.6209007392371,-2.07998448463025
-1.63042981100962,3,91,2091,-2.32078095332003,-2.51948734779764,-2.86964833814032,-3.62701852675132,-6.12610252211005
0.792297027368862,3,92,2092,0.913833128514876,0.941643860536791,0.985714797150037,1.06590137434708,1.25551284984388
-0.833761067710603,3,93,2093,-0.968073300883719,-0.999117376715683,-1.04853861231662,-1.1391390086017,-1.3564955065942
0.592414856462965,3,94,2094,0.665056402798913,0.680928974070384,0.705553513996575,0.74881785852989,0.844420891694826
-0.690521602050804,3,95,2095,-0.784747216357296,-0.805797083089314,-0.838788777890388,-0.897740133653749,-1.03235392274868
0.810461464651106,3,96,2096,0.937468993679181,0.966659234749683,1.0130090913227,1.09761965136752,1.29896020272847
-0.413828159081229,3,97,2097,-0.456583216610678,-0.465590649795729,-0.479329098868103,-0.502791135764196,-0.551802042310081
-0.482084158558217,3,98,2098,-0.535029526846075,-0.546332137357106,-0.563678262958455,-0.593610682874012,-0.657448144068569
-1.02521319715851,3,99,2099,-1.23337204038597,-1.28384872374821,-1.36599046370048,-1.5220706326047,-1.92314231091804
-0.902832407354843,3,100,2100,-1.06080762940983,-1.09794696217156,-1.15753344658266,-1.26816708493573,-1.54013939762122
-1.21895507757825,3,101,2101,-1.53278000258304,-1.6128894988109,-1.74636742754232,-2.00992540897385,-2.73892014014744
-0.191687779545998,3,102,2102,-0.208787583632675,-0.21227318682701,-0.217506924188973,-0.226209889469481,-0.243425943162692
0.00464058753867543,3,103,2103,0.00503691276636885,0.00511687838776267,0.00523635940180138,0.00543335792767847,0.00581615867378196
1.51414800675312,3,104,2104,2.0720386944297,2.22700347932466,2.4955471889036,3.06076518100816,4.82926410976831
0.753644361610531,3,105,2105,0.864160900563281,0.889217828495941,0.928757322372305,1.00020167595942,1.16689922534602
1.24919224586504,3,106,2106,1.58292694616386,1.66882791239632,1.81250439371101,2.09797087003686,2.89705907021828
-0.300329007646805,3,107,2107,-0.328793953999156,-0.334677180651813,-0.343569709729185,-0.358525252074418,-0.38881124585113
-0.0879115879250085,3,108,2108,-0.095489598998606,-0.0970219560544309,-0.0993139663303447,-0.10309995078181,-0.110485380675039
1.03081360408536,3,109,2109,1.24154783286173,1.2927228458366,1.37605611744397,1.5345711190533,1.94274092464441
0.472290425186155,3,110,2110,0.523688393311516,0.534639187157897,0.551430003686717,0.580359814919937,0.641871393305912
0.886627017334149,3,111,2111,1.03876977705436,1.07439443789747,1.1314457288128,1.23705450558722,1.49518305456892
-0.0557047116077624,3,112,2112,-0.0604798512687569,-0.0614441692276677,-0.0628856238603394,-0.0652640286552672,-0.0698928898281949
-1.34843271183045,3,113,2113,-1.75504882112649,-1.86265615137759,-2.04496811109986,-2.41485228204754,-3.49276709177147
-0.822647513178881,3,114,2114,-0.953434689969572,-0.983582452537341,-1.03151745540556,-1.11921552336017,-1.32879255660094
-1.09509434107332,3,115,2115,-1.33730894547604,-1.39712151745185,-1.49527103401597,-1.68431822029738,-2.18290312736518
1.68622671444564,3,116,2116,2.44910995336675,2.6725860868231,3.06968553034053,3.94029779051823,6.8903652969172
0.0758776071524763,3,117,2117,0.0824028260356058,0.083721560111478,0.0856935131085871,0.0889492997157518,0.0952941964660786
1.13446362108555,3,118,2118,1.39779840657267,1.46350678356623,1.57184799081106,1.78215601071269,2.3451463937967
-0.195589699754027,3,119,2119,-0.213068272911247,-0.21663253582429,-0.221985430202371,-0.230889531304025,-0.248515827981664
-0.155012310943602,3,120,2120,-0.168635961965435,-0.171403378286022,-0.175551814079203,-0.182430301140134,-0.19595576736587
0.289653773670009,3,121,2121,0.316916062493946,0.322541843727829,0.331038866944848,0.345310986828668,0.374137319287999
-0.529008306417022,3,122,2122,-0.589801132180125,-0.602904837154268,-0.623105705189862,-0.658226919544577,-0.734251380240865
1.30978178193225,3,123,2123,1.68658081720147,1.78521429514788,1.95147815022307,2.28603667143395,3.24565822288242
0.176797909029327,3,124,2124,0.192468759706878,0.195658338671166,0.200444164839537,0.208392536204488,0.224075540331309
0.712800957555879,3,125,2125,0.812545875247153,0.834944363656373,0.870133359531474,0.93325762695604,1.07849617701834
0.512588380427078,3,126,2126,0.570551109424537,0.583002097821569,0.602166185216558,0.635396481034327,0.706951672620593
1.31419467228498,3,127,2127,1.69430282268289,1.79392597050831,1.96195461222591,2.30038027347928,3.27284177768699
0.245441913966295,3,128,2128,0.267936833387694,0.272550820414709,0.279499566506934,0.291113669392922,0.314334166271424
0.223070431880197,3,129,2129,0.243271551228022,0.247403669895556,0.253618528290921,0.263982610464248,0.284607259563688
0.0697303619973197,3,130,2130,0.075720488528504,0.076930773692813,0.0787403364363406,0.0817273734330355,0.0875459131793199
-1.50380821130572,3,131,2131,-2.05104568704012,-2.20258101010994,-2.46480060736395,-3.01540559891961,-4.73029367171063
0.942565274781959,3,132,2132,1.11561121211824,1.1566998473159,1.22292309178988,1.34679518944812,1.65567343655484
-0.621861745622004,3,133,2133,-0.700541777780149,-0.717846366124838,-0.74477360170919,-0.792320573597139,-0.898416581274067
-0.476177129903892,3,134,2134,-0.528185603016153,-0.539275065521009,-0.556284662525454,-0.585609206976612,-0.648035322793796
0.0395009088524829,3,135,2135,0.0428807257230263,0.0435629639708091,0.044582550845748,0.0462642516527375,0.0495346305238141
-1.73975959789348,3,136,2136,-2.57829010963278,-2.82817858126481,-3.27584752549533,-4.27047103683898,-7.73008677315834
-0.938262581519072,3,137,2137,-1.10962223971776,-1.15026649795449,-1.21574111032662,-1.33811399597761,-1.64278221006552
0.736344489669153,3,138,2138,0.842192545091638,0.866093106057473,0.903737203871661,0.971547549487223,1.12882876090631
-0.460047537451117,3,139,2139,-0.509552805475835,-0.520074835215166,-0.536189976181237,-0.563902999249311,-0.622605280294669
0.0419957302317214,3,140,2140,0.0455898934311421,0.0463154410574394,0.0473997831378621,0.0491883779427214,0.052666990518843
-0.80416503760884,3,141,2141,-0.929254176181318,-0.957959836736124,-1.00350852104202,-1.08656177448351,-1.28376362907516
1.02104376313206,3,142,2142,1.22730205530227,1.27726422326754,1.35852869793185,1.51281826574033,1.90868094868454
2.76376694998124,3,143,2143,7.11480165176812,9.02194073909386,13.1725202474932,25.9028910719796,111.414290108494
0.511911775597904,3,144,2144,0.569759871355805,0.582184495427801,0.601306757286213,0.634460920850071,0.705836826040865
1.48638776653459,3,145,2145,2.01606562381492,2.1619782189662,2.41385448023989,2.94065138920983,4.56882907016113
0.233535304846357,3,146,2146,0.254800253928965,0.259155459450974,0.265709799574659,0.276651317903898,0.298471819511603
0.996885006071347,3,147,2147,1.1924084741533,1.23947792067492,1.31582037468547,1.46009630868144,1.82700443676646
1.88902673469724,3,148,2148,2.97380646343336,3.31346926624816,3.93655763491607,5.37556300625618,10.7797909516524
-1.05924069794135,3,149,2149,-1.28345362049385,-1.33830423129874,-1.42792495995492,-1.59933987946266,-2.04539841462377
0.758643092795166,3,150,2150,0.870538347679202,0.895937972469325,0.936040043773805,1.00856565272527,1.17807754231742
-0.601963371214746,3,151,2151,-0.676523912840552,-0.692850107876256,-0.718203045186569,-0.762819030817646,-0.861720003560975
-0.328457818873228,3,152,2152,-0.360197708037993,-0.36678642980544,-0.3767659248819,-0.393608657071184,-0.42796236147218
-1.47118393657991,3,153,2153,-1.98592760486018,-2.12708794808453,-2.37024715037791,-2.87706992983969,-4.43312006161997
-2.16660400456326,3,154,2154,-3.88288009861084,-4.47575979727077,-5.61685695933505,-8.46846014636366,-21.0189591419783
0.593970174451841,3,155,2155,0.666921788668152,0.682867561692777,0.707609577555192,0.75109171898781,0.84722528828262
-0.641031581563444,3,156,2156,-0.723839141119982,-0.74213014003557,-0.770648915133207,-0.821171869358541,-0.934631939791781
-1.21243685794043,3,157,2157,-1.52210163589643,-1.60100885265583,-1.73237582802363,-1.9914201291662,-2.70609894923048
-0.462380315599335,3,158,2158,-0.512242706580961,-0.522845504398586,-0.539087832317907,-0.567029631441739,-0.626258959872022
-1.90168101017126,3,159,2159,-3.00997500929818,-3.3584965041196,-3.99916356848891,-5.4837991798898,-11.0972399563829
-1.74636841397801,3,160,2160,-2.59467153544125,-2.84801385230806,-3.30233311349184,-4.31341195513583,-7.84180908806825
0.980233917067828,3,161,2161,1.16862798893789,1.21378908265254,1.28689412260373,1.42461481716714,1.7727342472618
-1.81604143593812,3,162,2162,-2.77352701654673,-3.06608242075137,-3.59647896917138,-4.7980818212454,-9.14160663544034
-0.163092917064311,3,163,2163,-0.177470206931459,-0.180392776776764,-0.184775282591408,-0.192046140689432,-0.206360714939048
-1.88568496365878,3,164,2164,-2.96432850965323,-3.30168748160543,-3.92021168611275,-5.34740022967534,-10.6977206964232
-0.23299726723114,3,165,2165,-0.254207135505871,-0.258550773717944,-0.26508749943879,-0.275999022996296,-0.297757267479329
0.487952873529884,3,166,2166,0.541839999978486,0.55335728034077,0.57104262798592,0.601588630520267,0.666854310641661
0.82100778238937,3,167,2167,0.951281200256822,0.981298593409191,1.02901761584773,1.11629451371428,1.32474559040555
0.333879777272918,3,168,2168,0.366269484247665,0.372998956494902,0.383195845514937,0.400417551313759,0.435594464716228
0.661981273187549,3,169,2169,0.749484770586032,0.768905184113263,0.799251336636437,0.853206492113498,0.975229290724439
-2.01606965904548,3,170,2170,-3.35816919297607,-3.79728815508556,-4.62017893225145,-6.58819208640062,-14.5141864029405
-0.663565867197266,3,171,2171,-0.751432629861335,-0.770940721665632,-0.801428957254202,-0.855651634761227,-0.978344888754015
0.0109129581170143,3,172,2172,0.0118450794764184,0.0120331566983211,0.0123141769787537,0.0127775299215485,0.0136779461031844
-0.157158109449768,3,173,2173,-0.170981259744785,-0.173789718899146,-0.178000052912419,-0.184982241614167,-0.198716026321455
-0.157951106314989,3,174,2174,-0.171848096979561,-0.174671752442422,-0.178905008280632,-0.185925609797389,-0.199736602484351
0.379600948277442,3,175,2175,0.417729651363108,0.4257128976502,0.437853817297226,0.458486027409066,0.501161177073645
-0.807307786608614,3,176,2176,-0.933351539895586,-0.962298213466564,-1.0082452843481,-1.09207264452689,-1.29133043492935
0.134790558426009,3,177,2177,0.146555144233325,0.148941049482344,0.152514795292325,0.158432410405062,0.170035597642315
0.81978465126116,3,178,2178,0.949675892388959,0.9795963497087,1.02715481256672,1.11411871244487,1.32173351001697
-0.923683909835251,3,179,2179,-1.08942902848983,-1.12859818734965,-1.1915910756995,-1.30900465881223,-1.5998012608939
0.938816734156484,3,180,2180,1.11039281864786,1.1510940761685,1.21666468813634,1.33922974064358,1.64443716399097
-0.566206920770049,3,181,2181,-0.633767087547305,-0.648445310913383,-0.671156844148017,-0.710885449814612,-0.797924342194397
-0.0591626903577554,3,182,2182,-0.0642366838894319,-0.0652614700616788,-0.0667933959855194,-0.0693213184336571,-0.074242158049777
-0.784391130557608,3,183,2183,-0.903605333949299,-0.930833053592949,-0.97394261801971,-1.05226830743686,-1.2369723708043
0.0539451661647856,3,184,2184,0.0585683982531436,0.0595019877932866,0.0608974726914636,0.0631999211447914,0.0676805190477755
0.214589605864842,3,185,2185,0.233939865174993,0.237894045748034,0.243838473302841,0.253743554110697,0.273421657808934
0.00591832432928703,3,186,2186,0.00642378176946483,0.00652576713846171,0.00667814934850222,0.00692939569394332,0.00741761228656073
-1.32229218064982,3,187,2187,-1.70853550049033,-1.80999768257195,-1.98130907712067,-2.32693987386591,-3.32339733112254
-0.97061628555205,3,188,2188,-1.15499012224213,-1.1990797073314,-1.2703704650648,-1.40442865965431,-1.74210947088053
-0.675588742321735,3,189,2189,-0.766249509876757,-0.786433423284883,-0.818017870943778,-0.874307674358623,-1.00219589733471
0.656568839626413,3,190,2190,0.742840191438304,0.761963540611496,0.791828532655419,0.844878430702211,0.964635717952391
-0.356933468760459,3,191,2191,-0.392157272094918,-0.399503519455153,-0.410655081986025,-0.429546866813871,-0.468375804628224
-0.203024064855453,3,192,2192,-0.221229497598662,-0.224944940141036,-0.230527012359569,-0.239818432183304,-0.258236640525015
-0.660468659388196,3,193,2193,-0.747626464837115,-0.766963482438115,-0.797174520553899,-0.850875361984704,-0.972261207494046
0.359808379211678,3,194,2194,0.395393948605948,0.402819262689458,0.414093444386192,0.433200409944321,0.472502696792597
1.42483508425454,3,195,2195,1.89622188205722,2.02374433505682,2.24201942381885,2.69229717107236,4.04734321215716
0.753543605240508,3,196,2196,0.864032492854582,0.88908255322218,0.928610777170284,1.00003348250359,1.16667474322873
-0.735025593122435,3,197,2197,-0.84052420768169,-0.864338467725248,-0.901841293557983,-0.969381338923006,-1.12596481385251
-0.0556245323072131,3,198,2198,-0.0603927475154476,-0.0613556646614689,-0.0627950235982208,-0.065169965424339,-0.0697920661153164
-2.19935243212819,3,199,2199,-4.00851992820054,-4.64111408886034,-5.86600388740532,-8.95758184002565,-22.8419359286631
0.0462549803275105,3,200,2200,0.0502154630523376,0.0510150448377285,0.0522100942019549,0.0541814752940852,0.05801631641399
0.819900988352806,3,201,2201,0.949828541217035,0.979758207086229,1.02733192133819,1.11432554893448,1.3220197560869
-0.419988420658963,3,202,2202,-0.463608618553204,-0.472808858168431,-0.486848943629495,-0.510847865914132,-0.561071657284824
-0.610659973879456,3,203,2203,-0.687000678676996,-0.703748906829599,-0.729780383904569,-0.77565806112886,-0.877649056250876
-1.22215988702081,3,204,2204,-1.53804715489727,-1.61875368175357,-1.75328067725256,-2.0190845191154,-2.75521852992203
-0.232744226445506,3,205,2205,-0.253928204695468,-0.258266406477117,-0.264794854190494,-0.275692282781204,-0.297421277009799
0.0437453601184229,3,206,2206,0.0474899414786552,0.0482458861671117,0.0493756805586449,0.0512393147585638,0.0548641459072656
-1.30963383935957,3,207,2207,-1.68632235374061,-1.78492280505627,-1.95112778883784,-2.28555738296862,-3.24475133574775
0.374797132496477,3,208,2208,0.412300020288644,0.420145630282487,0.432072496531613,0.452327345407482,0.494165174543296
-0.348022508739514,3,209,2209,-0.382136914425154,-0.389241167278774,-0.400017767398266,-0.418252484643449,-0.455639940446029
0.698347562504399,3,210,2210,0.794484166826044,0.815999904413827,0.849749870922119,0.910138948376815,1.04840250373704
0.340497151519841,3,211,2211,0.373688430828169,0.380591868513868,0.39105769495976,0.408748918065702,0.444948582727348
1.01268385063077,3,212,2212,1.21517424282068,1.26411846537123,1.34364890503155,1.49440425917267,1.88001339415214
-0.272523571277753,3,213,2213,-0.297899307266498,-0.303123030636028,-0.311003636506182,-0.324214167331061,-0.350787794333476
0.328647990308544,3,214,2214,0.360410566742597,0.367004198335365,0.376991273839114,0.393847212206423,0.428229568126966
0.421756418271194,3,215,2215,0.465626810822036,0.474882882714633,0.489010366441713,0.513164997220863,0.563741174378527
1.31427224695241,3,216,2216,1.69443878464745,1.79407940875882,1.96213922577722,2.30063324053955,3.27332194391518
-1.16338098933875,3,217,2217,-1.44317738539254,-1.51353464727736,-1.62995398556441,-1.8572531310091,-2.47250887842348
0.897024211410874,3,218,2218,1.05288856656086,1.08947881035352,1.14814558135716,1.25695419529448,1.5238876939837
0.594077430563918,3,219,2219,0.667050463143317,0.683001294023406,0.707751427802947,0.75124862241294,0.847418872609893
1.4425689022522,3,220,2220,1.93016644517521,2.06275995860973,2.29026453167713,2.76143101569268,4.1901716064289
-0.131425091799942,3,221,2221,-0.142883746991257,-0.145207028911205,-0.148686555549045,-0.154446961455778,-0.165736969676795
-0.489459755516969,3,222,2222,-0.543590470138699,-0.55516334265039,-0.572936584231993,-0.603641705021711,-0.669278347257886
-0.152569760378803,3,223,2223,-0.165966863554434,-0.16868769698624,-0.172765897005916,-0.179526764209078,-0.192816158410856
0.581030962827188,3,224,2224,0.651432341329102,0.666777137717727,0.690555460216413,0.732253206928594,0.824050248141268
-1.40018503304761,3,225,2225,-1.84979276890299,-1.9705561090106,-2.17657382111358,-2.59926807660685,-3.85804162482748
-0.622496278069257,3,226,2226,-0.701310406172761,-0.718646946338113,-0.745625667865306,-0.793268712484962,-0.899601545417866
-0.19428963094262,3,227,2227,-0.211641798137765,-0.215179800949779,-0.220492908939336,-0.229329832536349,-0.246819036026024
-0.4462318405621,3,228,2228,-0.493655296770883,-0.503707748715233,-0.519084309445472,-0.545471334858773,-0.601129536196423
1.06299904994048,3,229,2229,1.28904574834781,1.34439908121501,1.43488180294182,1.60807191455973,2.05938081096576
1.02287430896207,3,230,2230,1.22996525990525,1.28015275752207,1.36180136024425,1.51687476397375,1.91501652865475
1.96922417033157,3,231,2231,3.21077329157344,3.6103821159963,4.3532749879976,6.10683664348112,12.9859022482391
-0.201525006182111,3,232,2232,-0.219583318672053,-0.223268136949504,-0.228803767337615,-0.238016648801581,-0.256274072522549
1.1562331016772,3,233,2233,1.43188352628745,1.50106560870329,1.61543951393707,1.83842511947998,2.44034756931509
0.904130461645735,3,234,2234,1.06258058580937,1.09984359254025,1.15963733275308,1.27068256576581,1.54379295348913
0.850083815384689,3,235,2235,0.989711290768588,1.022112753966,1.07378909152695,1.16880673992526,1.39807032482939
1.13293981378472,3,236,2236,1.39542983417252,1.4609008917155,1.56883069364444,1.77827661805686,2.33863359617921
0.0952768899156049,3,237,2237,0.103503083434178,0.105167144510759,0.107656608593094,0.111770061508526,0.119799690058614
-0.111711977022373,3,238,2238,-0.121396478599829,-0.123357415022827,-0.12629236671608,-0.131145797489835,-0.140635869858611
1.10379669266382,3,239,2239,1.3505552148086,1.41162958212239,1.51195512289715,1.70552467815907,2.21771359603473
1.63224145101384,3,240,2240,2.32485124728805,2.52432051818027,2.87591976533341,3.63673172716734,6.14931045440343
0.146692140506213,3,241,2241,0.159546398532128,0.162155716950933,0.166065854355569,0.172545490752955,0.185271311175147
0.0125702558680911,3,242,2242,0.0136439844707997,0.0138606366726414,0.0141843547210317,0.0147181137557891,0.0157553679673104
0.443391925786273,3,243,2243,0.490394386383008,0.500352140414518,0.515579937791618,0.54170041131718,0.596748937618108
-0.51446948658309,3,244,2244,-0.57275173723196,-0.585276242628537,-0.604556982159591,-0.637999674688157,-0.710055318285543
0.871272288599846,3,245,2245,1.01805064104183,1.05228917243262,1.10702559195483,1.20806242194494,1.4536772724105
-1.53068232085524,3,246,2246,-2.10597311353298,-2.26656851347926,-2.54552019302929,-3.13487866004666,-4.99257724194797
0.234010820722921,3,247,2247,0.255324485387501,0.259689923014228,0.266259845408747,0.27722790116933,0.299103496513788
-0.494049523833217,3,248,2248,-0.548926692732421,-0.560670093232474,-0.578713067488723,-0.609906843674214,-0.676684212758758
-0.668942796007359,3,249,2249,-0.758050819314411,-0.777858833833216,-0.80883333109766,-0.863972274604243,-0.988965100094413
1.43715903984012,3,250,2250,1.91976241799009,2.0507900475473,2.27544166820676,2.74014044788671,4.14599194103784
2.04781465237912,3,251,2251,3.46210246541627,3.93007663746047,4.81187600436343,6.93990475220171,15.667475400491
1.17728238522644,3,252,2252,1.46528961703669,1.53798271494733,1.65847429204782,1.89438349487146,2.53638184292379
1.1211330862313,3,253,2253,1.37715314668998,1.44081070531975,1.54559990363193,1.74847529409112,2.28882141465704
-0.263673200988625,3,254,2254,-0.288094229617213,-0.293115320950079,-0.30068584598343,-0.313364023691192,-0.338814835503169
0.37800089523529,3,255,2255,0.415920530765483,0.423857772088418,0.435927127224144,0.456433125132663,0.498828020099687
1.54114724558617,3,256,2256,2.12768677028325,2.29194129326458,2.57767296365158,3.18281686822269,5.09926337844442
1.37203603937077,3,257,2257,1.79781168370582,1.91125101223769,2.10404617237969,2.49719451002449,3.65420667530537
-0.777940116688638,3,258,2258,-0.895285965457561,-0.922045613377884,-0.964384109728862,-1.0412196382633,-1.22200541605015
0.59465068027917,3,259,2259,0.667738265625192,0.683716150599268,0.708509708594656,0.752087431524528,0.848453936986507
-0.643585421838245,3,260,2260,-0.726954940797817,-0.745380699555619,-0.774117232574479,-0.82504834227884,-0.939522840501041
0.0767784764670926,3,261,2261,0.083382258314938,0.0847169219094158,0.0867127325812944,0.0900080169446551,0.0964303301198399
0.555932889436966,3,262,2262,0.621573073244065,0.635802670509425,0.657797496027399,0.696206909290396,0.780074761292465
-0.322028387347539,3,263,2263,-0.353005671295124,-0.35942953412801,-0.369154623831576,-0.38555450298472,-0.418948891447198
-0.681717943700584,3,264,2264,-0.773829085727272,-0.794364823930243,-0.826520664586415,-0.883890096843097,-1.01450155634791
-0.320666622563953,3,265,2265,-0.351483477743266,-0.357872703657108,-0.367544373775434,-0.38385135200036,-0.417044863192877
-0.00788379587275988,3,266,2266,-0.008557137473767,-0.00869299762755695,-0.00889599486741983,-0.00923069697791865,-0.00988109203217104
0.534273459307385,3,267,2267,0.595993683152442,0.609312030564543,0.629854366967567,0.665599905223256,0.743106717654729
0.369553783994851,3,268,2268,0.406379929990971,0.414076952132656,0.425772906673701,0.445621170798859,0.486558907892767
0.95671591501934,3,269,2269,1.13540319096661,1.17798290760462,1.24672148711499,1.3756414425965,1.69875044451167
-0.584252849731443,3,270,2270,-0.655283042680202,-0.670775790677951,-0.69479119684787,-0.736927451027179,-0.829788024635075
-0.159864531903648,3,271,2271,-0.173939947904291,-0.176800334839738,-0.181089004056653,-0.188202492032177,-0.20220027942979
0.419349124369822,3,272,2272,0.462879063019047,0.472059168873004,0.486067743147703,0.510010541375643,0.560107386010286
1.9498508114564,3,273,2273,3.1518060070224,3.53608079684,4.24814202419039,5.91997070924942,12.408644062022
0.65104812723017,3,274,2274,0.736076356220764,0.754900512200614,0.784281263962246,0.836421210289912,0.953906292775232
0.636342373181186,3,275,2275,0.718125561101709,0.736171193764514,0.764293682408484,0.814074450734583,0.925692612926959
-0.293660432105601,3,276,2276,-0.321371614012175,-0.327093383638901,-0.335737798378121,-0.350264399630614,-0.37963340359063
1.51811717778232,3,277,2277,2.08014368416581,2.23644353733745,2.50745229716407,3.07837762253551,4.86789433661124
-2.00748803196597,3,278,2278,-3.33064468979334,-3.76225886142316,-4.56989429011095,-6.49675393864161,-14.2193670017483
-1.05747946840052,3,279,2279,-1.28083726489942,-1.33545366182529,-1.42467296055955,-1.59526171275602,-2.0388797087455
-0.556387561141076,3,280,2280,-0.622111875812381,-0.636361099998515,-0.658387258784178,-0.696854280618804,-0.780860326340171
-0.436877619990156,3,281,2281,-0.482923151082826,-0.492665988723336,-0.507556401031727,-0.533073022580296,-0.586743220160094
-0.846831306216768,3,282,2282,-0.985386392909347,-1.01751343017287,-1.0687334343021,-1.16285593533727,-1.38970014348621
-0.113599332510974,3,283,2283,-0.123452449804072,-0.1254477659446,-0.128434346102688,-0.133373644758454,-0.143033642043564
-0.849697121574076,3,284,2284,-0.9891967510431,-1.02156548343998,-1.07318738315442,-1.16809821180605,-1.39707291764018
1.14942985830523,3,285,2285,1.42118147660011,1.48926108188747,1.60171816003328,1.8206683268396,2.41015663383813
-0.610392944385254,3,286,2286,-0.686678524458054,-0.703413666364574,-0.729424091134489,-0.775262586560854,-0.877157455779896
-0.512406833634697,3,287,2287,-0.57033878897665,-0.582782699215427,-0.60193555710526,-0.635145411433891,-0.7066524596124
0.203641790707683,3,288,2288,0.221907931122837,0.225636014128015,0.231237258273553,0.240561107413361,0.259045735896788
0.337724912983862,3,289,2289,0.370579240592283,0.377409503296685,0.387762174346932,0.405255755649832,0.44102451309732
0.371201096581602,3,290,2290,0.408239149327319,0.415982670565997,0.427750867139852,0.447726277846815,0.488945257725268
1.39400277402428,3,291,2291,1.83828281413228,1.9574022452765,2.16044664867049,2.57647776047986,3.81217743802935
-0.117104974944686,3,292,2292,-0.127271955827721,-0.12933129809436,-0.132414049575167,-0.137513363372601,-0.14749027956348
0.852260066647937,3,293,2293,0.992608798284908,1.02519499078085,1.07717862528478,1.17279943419569,1.40369504354379
-0.25911729848693,3,294,2294,-0.283051978019192,-0.287970059405453,-0.295383103539558,-0.307791346322641,-0.33267459655074
-0.381829805843,3,295,2295,-0.420250779041252,-0.428298379923463,-0.440539437128603,-0.461348333366549,-0.504416158509398
1.26151268831296,3,296,2296,1.60365497016783,1.69201993919972,1.84005010209183,2.13491919196221,2.96439071130533
1.22767424192695,3,297,2297,1.54713638309405,1.62887939105646,1.76522888845223,2.03493864348481,2.78351436739849
-0.912506628580873,3,298,2298,-1.07404913869759,-1.11211871432002,-1.17326505380332,-1.28699938862072,-1.56756031470015
-0.114481644708693,3,299,2299,-0.12441367349972,-0.126425083221222,-0.129435834197433,-0.13441534170141,-0.144154942461036
0.411090782979299,3,300,2300,0.453464675690487,0.462387287868979,0.475993126399295,0.49921938067918,0.54769868992413
1.71711677683622,3,301,2301,2.52289773292246,2.76128084262117,3.18685817552749,4.12706038801189,7.36112425277354
-0.0184267958654328,3,302,2302,-0.0200011249808545,-0.0203188026594758,-0.0207934832143283,-0.0215761893068783,-0.0230973629583401
0.416065648527499,3,303,2303,0.459133753362861,0.468210907031628,0.482058398560207,0.505714429572909,0.555163204668046
0.308244462356832,3,304,2304,0.337615112883307,0.343692799848538,0.352884481956495,0.368358118561481,0.399755481513907
-0.0361244476901124,3,305,2305,-0.0392144116870058,-0.0398380956886558,-0.0407701418701528,-0.0423073594571966,-0.0452963767727149
1.09351736577338,3,306,2306,1.33491597447771,1.3945023462871,1.49226207369635,1.6805001708954,2.17665678271464
-0.172787934931174,3,307,2307,-0.188078226520135,-0.191189159054351,-0.195856121996719,-0.203604631756586,-0.218883177305091
-0.1811998744725,3,308,2308,-0.197290530976127,-0.200566959335687,-0.205484112189662,-0.213653489198736,-0.229784510017584
-0.709188578190674,3,309,2309,-0.808021946014943,-0.830197051281313,-0.865021624166388,-0.927452405671979,-1.07091864693127
0.562722780031353,3,310,2310,0.629627385923046,0.644152263067042,0.666618698921782,0.705895827110174,0.791847945956465
-0.474148246503329,3,311,2311,-0.525837446479632,-0.536854367875328,-0.553749499751722,-0.582867476473151,-0.644814813886757
-1.07159334196473,3,312,2312,-1.30187969887656,-1.35839771567921,-1.45087930926877,-1.62819193676277,-2.09172690668823
-0.596158618007793,3,313,2313,-0.66954816727675,-0.685597391256162,-0.710505471437008,-0.754295620270093,-0.851180049987723
-0.348073639706903,3,314,2314,-0.382194360294273,-0.389299988599002,-0.400078718516377,-0.418317163878479,-0.455712781649438
-0.665238422583687,3,315,2315,-0.753489865691456,-0.773090852366925,-0.80372965861262,-0.858235941042522,-0.981640427179396
0.605985376611147,3,316,2316,0.681365337444154,0.697885651241772,0.723550587516125,0.76874640660583,0.869066085854785
0.601635653095608,3,317,2317,0.676129719157109,0.692440177210175,0.71776782885954,0.762336845293451,0.861122999021245
1.88836172824255,3,318,2318,2.97191793435947,3.31112110358482,3.93329863680947,5.36994479701844,10.7634011967665
0.73232342193694,3,319,2319,0.837108926722475,0.860747182265259,0.897961974281904,0.964951158770468,1.12011383240371
0.417008301262973,3,320,2320,0.460208695792013,0.46931532802538,0.483208934759774,0.506947039205194,0.556581195997502
-1.266953651236,3,321,2321,-1.61286452037564,-1.70233742911208,-1.85232801382333,-2.15144055181938,-2.99468195214342
0.711472330571864,3,322,2322,0.810881223352386,0.83319733642683,0.868251925536189,0.931120356823558,1.07570477694299
1.60523831692828,3,323,2323,2.26482783344224,2.45319965939793,2.78392486161415,3.4949662289199,5.81374585125129
1.76841721294307,3,324,2324,2.65004021783869,2.91522861817149,3.39242081686554,4.46034630103888,8.22838443437044
0.939780531833283,3,325,2325,1.11173356055678,1.15253411657432,1.21827198770888,1.34117190847409,1.6473192534719
0.598279901811852,3,326,2326,0.672095791973738,0.688245797494228,0.713315705950665,0.75740615014577,0.855023289237957
-0.473310512997868,3,327,2327,-0.524868257447794,-0.535855325335043,-0.552703360186522,-0.581736372500493,-0.643486903458787
-0.389318217342163,3,328,2328,-0.428730118079937,-0.436996264318497,-0.449577631903713,-0.470987692559838,-0.515394542639782
1.72509235485371,3,329,2329,2.54228064089463,2.78465916072655,3.21789726523463,4.17692883198673,7.48869448255807
0.197806740060155,3,330,2330,0.215501354281823,0.219110519719813,0.224531460541037,0.233550498022336,0.251411528929266
0.665370844876283,3,331,2331,0.753652799499576,0.773261156373296,0.80391191026123,0.858440700960747,0.98190165462553
0.260612193470709,3,332,2332,0.284706078618162,0.289657864156382,0.297122423685097,0.309618935891904,0.334687648272898
1.2862234435602,3,333,2333,1.64576004189454,1.73925659832245,1.89638102523058,2.21098423032184,3.10479143092822
-0.307307752045717,3,334,2334,-0.33657058918305,-0.342625101818749,-0.351781114751133,-0.367192924690505,-0.39845744679054
0.452347029642974,3,335,2335,0.500684995025729,0.510943460814274,0.526643867700507,0.553611771938877,0.610601220503475
-0.017803917482137,3,336,2336,-0.0193249882829219,-0.019631917191489,-0.0200905352766977,-0.0208467516821803,-0.0223164262848946
-0.578564319905387,3,337,2337,-0.648487034359304,-0.663719310259316,-0.687317397737384,-0.728681996694999,-0.819671988865048
0.585915388202312,3,338,2338,0.657271657353024,0.672841186773961,0.696979672977389,0.73934369947391,0.832757256805467
0.162890834484509,3,339,2339,0.177249197503879,0.180167867210945,0.184544486552528,0.191805469794394,0.206100154197372
0.677716813896257,3,340,2340,0.768879147242099,0.789184651060445,0.820966516754856,0.877629170191002,1.00645709758544
1.1619691556409,3,341,2341,1.44094259272376,1.51106635667476,1.62707910550405,1.85352020879352,2.46612026309229
-2.06466659498495,3,342,2342,-3.51866557618062,-4.00268310269598,-4.91740474059902,-7.13560323271836,-16.3222246046261
-0.740427147521436,3,343,2343,-0.847362668998874,-0.87153202827767,-0.909616305590903,-0.978269361989003,-1.13772828059278
-1.00049132938023,3,344,2344,-1.19758756603791,-1.24507938995948,-1.32213943645881,-1.46787176534092,-1.8389722666278
0.368542649845756,3,345,2345,0.405239044379446,0.412907607509574,0.424559356297519,0.444329843087441,0.485095644992539
1.65759571021405,3,346,2346,2.38248547836967,2.59291742787823,2.9652372642878,3.77583405172172,6.48512014329088
0.221589293594576,3,347,2347,0.241641099675296,0.245741961579137,0.251909293666152,0.262192646446276,0.282650557534826
-1.26409067388478,3,348,2348,-1.60801427430713,-1.69690267180331,-1.84585879083471,-2.14273143456549,-2.97869999499023
-1.04852912379203,3,349,2349,-1.26758254042358,-1.32102208549944,-1.40822592587072,-1.57467196187972,-2.00608073256522
0.329951188095069,3,350,2350,0.361869438598248,0.368496768395388,0.378535877371798,0.395482481956894,0.430061611654077
0.828344194652016,3,351,2351,0.960928883271798,0.991533304596857,1.04022523329631,1.12940053851514,1.34293276541393
2.90246569137762,3,352,2352,8.27048145789515,10.769333243924,16.3889496422528,34.6044329820689,171.946988523021
0.956967063410418,3,353,2353,1.1357557987173,1.17836239460391,1.2471463640093,1.37615755843807,1.69952455737624
-2.04400044722459,3,354,2354,-3.44943569701694,-3.91384974018421,-4.78835964131708,-6.89649450708732,-15.5234915113687
0.203377001481241,3,355,2355,0.221617113502242,0.225339776650185,0.230932800252557,0.240242743810877,0.258698889379156
0.0641171916387041,3,356,2356,0.0696201461531467,0.0707317622233809,0.0723936276971884,0.0751363706782131,0.0804770230027941
1.2805201709699,3,357,2357,1.63597825634788,1.72826753481073,1.8832491538516,2.19319138665277,3.07173500120395
0.223568669933382,3,358,2358,0.243820085466351,0.247962735985617,0.254193610329006,0.26458490366835,0.285265779457608
-0.183818968890032,3,359,2359,-0.200160439980784,-0.203488803474026,-0.208484521724486,-0.216786208738698,-0.233185833366582
-1.23459512149073,3,360,2360,-1.55859139284179,-1.64165188234093,-1.78032026808558,-2.05500754205415,-2.81948470014391
-0.116683289154867,3,361,2361,-0.126812469291702,-0.128864098274915,-0.131935262347586,-0.137015291914482,-0.1469539962886
-0.882957906194448,3,362,2362,-1.03380463045023,-1.069093784464,-1.12558431135228,-1.23008412099206,-1.48517006643738
-0.654885051993607,3,363,2363,-0.740775800963707,-0.759807491664553,-0.789524096177348,-0.842295036435143,-0.961355207399054
0.0263592768795293,3,364,2364,0.0286122999563967,0.0290669748759748,0.0297463929989056,0.0308667887638827,0.0330446488910296
-0.943745759606149,3,365,2365,-1.11725669602212,-1.15846797838849,-1.22489792502198,-1.34918422282209,-1.65922695438227
2.13756601066847,3,366,2366,3.77510716466733,4.33479016695224,5.40632661619933,8.0609089435732,19.5399726341362
0.803687174279888,3,367,2367,0.928631668232754,0.957300830990219,1.00278920086551,1.08572530402334,1.28261625137902
-0.27917366258657,3,368,2368,-0.305275598813915,-0.310653829728352,-0.318771137741121,-0.332388797066034,-0.359824223430491
0.124776505720195,3,369,2369,0.135633484797132,0.137833729289181,0.141128230610572,0.146580167021838,0.157256710543998
-0.628620312065667,3,370,2370,-0.708737459042807,-0.726384811492366,-0.753864601209915,-0.802443342899612,-0.911085923409287
0.39916705161099,3,371,2371,0.439903668910348,0.448462822648684,0.461501042015298,0.483719835621466,0.529935160135353
-0.296740875963887,3,372,2372,-0.32479920814077,-0.33059529459785,-0.339353883276229,-0.354077782714078,-0.383868215088387
1.77695799080291,3,373,2373,2.67178877700574,2.94170259136976,3.42804580369199,4.5188213410496,8.38405685249567
1.85792695576287,3,374,2374,2.88676468570775,3.20554644509692,3.78738129007973,5.12004859616929,10.0432815989685
-0.586569130867879,3,375,2375,-0.658053918872004,-0.673653721960193,-0.697840744540928,-0.740294615955196,-0.833926402263851
-0.157347937572176,3,376,2376,-0.171188758203716,-0.174000853648121,-0.178216672389815,-0.185208051979197,-0.198960307808391
1.35663457249457,3,377,2377,1.76982486452427,1.87942761156101,2.06532173645007,2.44313905553652,3.54792218951368
0.787999466702275,3,378,2378,0.908268988558862,0.935761511447843,0.979307598520932,1.05847784398005,1.24540715770265
0.721079165634244,3,379,2379,0.822937753463139,0.8458551862029,0.881891476758854,0.946630234753051,1.09600483118946
1.02369027603721,3,380,2380,1.23115327125542,1.28144149335256,1.36326183835387,1.51868580045759,1.91784743232948
-0.375972531066402,3,381,2381,-0.413628027597591,-0.421507180692197,-0.433486199327667,-0.453832948630339,-0.495874524491892
-1.40761680705916,3,382,2382,-1.8636998714954,-1.9864663070955,-2.19611117014818,-2.62694868275302,-3.91401859320609
-1.0722249590669,3,383,2383,-1.30282545872428,-1.35942990685723,-1.45205993898165,-1.62967904299496,-2.09412476488696
1.1677253944777,3,384,2384,1.45006674265593,1.52114679939708,1.63882530045473,1.86878358603836,2.49228036929357
0.952073420548511,3,385,2385,1.12889364391459,1.17097911993467,1.23888338892449,1.3661272191661,1.68450152459291
-0.449307975899139,3,386,2386,-0.497190090661414,-0.507345813609607,-0.522884676106377,-0.549562715154773,-0.605887409096567
-0.352519021127878,3,387,2387,-0.387190997904225,-0.394416785146687,-0.405381636211523,-0.423946057542531,-0.462056079350692
0.803951706470725,3,388,2388,0.928976255256456,0.957665617360712,1.00318736716811,1.08618830350482,1.28325130530481
1.06902482360786,3,389,2389,1.29803731574469,1.35420503624463,1.4460851692908,1.62215645018624,2.08200512349435
1.04216967058911,3,390,2390,1.25820626940131,1.31082308647228,1.3966195372961,1.56017793729885,1.9831048415466
0.360285216753229,3,391,2391,0.39593097287602,0.403369448546072,0.414664046765071,0.433806855296691,0.47318804948603
-0.277273821840418,3,392,2392,-0.303167505050115,-0.308501394583771,-0.316550749247025,-0.330051462149839,-0.35723906586088
-0.0616013439246047,3,393,2393,-0.0668863589742927,-0.0679538543715154,-0.0695496899508113,-0.0721832585748209,-0.0773105099410303
-0.0615826219871586,3,394,2394,-0.0668660161367183,-0.0679331834349864,-0.0695285280210464,-0.0721612849226883,-0.0772869500003302
0.00461007601783882,3,395,2395,0.00500379530202886,0.00508323512182347,0.00520193050224976,0.00539763367378437,0.00577791727733009
-0.625199266301016,3,396,2396,-0.704586537029886,-0.722059715762496,-0.749258662874067,-0.797312800894393,-0.904659696818788
-0.289830248074143,3,397,2397,-0.317112246267614,-0.322742239437677,-0.331245728322484,-0.345529006436534,-0.374379112038615
2.6604919391506,3,398,2398,6.37808309061036,7.93795122856084,11.2544830403637,21.035827903297,81.5860150169723
-0.392896238856908,3,399,2399,-0.432786555289616,-0.441158408861462,-0.453904515792376,-0.475605980941391,-0.520663533257521
0.581459932312146,3,400,2400,0.651944797387776,0.667309228240256,0.691119007594179,0.732874918298656,0.824812945815349
-1.05994283213773,3,401,2401,-1.28449740896176,-1.33944163516198,-1.42922284496978,-1.60096814051869,-2.04800314967514
-0.961912224902961,3,402,2402,-1.14270829783491,-1.18584713821353,-1.25553022450645,-1.38634982420042,-1.71483610655065
-0.655160864599337,3,403,2403,-0.741113870361888,-0.760160550680212,-0.789901419773145,-0.842717968576412,-0.961892082774708
0.104592708958443,3,404,2404,0.113643368414405,0.115475170244381,0.118216272119829,0.122747502994411,0.131600827947544
0.410126358710715,3,405,2405,0.452366435644388,0.461259288026923,0.474818612426505,0.497962200988408,0.546255286369988
-1.7829069432547,3,406,2406,-2.6870384197009,-2.96028980467511,-3.45310551600581,-4.56007909284624,-8.49451390209843
0.142405828605408,3,407,2407,0.15486620920004,0.157394705801638,0.16118310311468,0.16745920933144,0.179777926980194
0.7867545220551,3,408,2408,0.906659102765094,0.934060019670594,0.977455071427572,1.05633302739014,1.24249184224925
1.43576624202773,3,409,2409,1.91709083422762,2.04771802428388,2.27164049428181,2.73468780556147,4.13470497810246
1.52189834960611,3,410,2410,2.08788888895431,2.24547027496271,2.5188468648956,3.09526039280253,4.90502953926123
-0.134748802450214,3,411,2411,-0.14650958674704,-0.148894713568923,-0.152467288014843,-0.158382948106164,-0.169982238479574
-1.24719377582142,3,412,2412,-1.57958102225212,-1.6650880955435,-1.80806940249096,-2.09203724886994,-2.88629927751166
-0.0703703355719538,3,413,2413,-0.0764160904608599,-0.0776376462845758,-0.0794640829102583,-0.0824790378689259,-0.08835222458286
1.00817606934617,3,414,2414,1.20865825794612,1.25706108570901,1.33567014910356,1.48455041799003,1.86473461361832
2.14298715906302,3,415,2415,3.79497514261729,4.36071680467426,5.44491515782932,8.13520826458234,19.8068480933793
-0.565500518421014,3,416,2416,-0.63292739970524,-0.647574431524812,-0.670236100674118,-0.70987282628324,-0.79669042224958
-0.251899360662905,3,417,2417,-0.275070428058659,-0.279827067393523,-0.286993506528101,-0.298979635915202,-0.322977768457329
-1.31675879248668,3,418,2418,-1.69880081831531,-1.79900306794052,-1.9680649589791,-2.30875680644604,-3.28875540889813
-0.249965207240692,3,419,2419,-0.272933067086825,-0.277646804710742,-0.284747753369859,-0.296621903695912,-0.320385726954774
0.782110417182773,3,420,2420,0.900661394989929,0.927722850558579,0.97055844429386,1.04835441717874,1.23166444686449
-0.559135501008016,3,421,2421,-0.625369926624879,-0.639738216345638,-0.661954499803371,-0.70077120705106,-0.785616652554058
0.415763783282386,3,422,2422,0.458789575650009,0.467857302641224,0.481690048778525,0.505319840630526,0.554709365067491
-0.102937348815584,3,423,2423,-0.111841108553123,-0.113643004451395,-0.116339229273959,-0.12079591543962,-0.129502110011019
-0.926351686208457,3,424,2424,-1.0931128823723,-1.13254848022907,-1.19598924467085,-1.31429661515754,-1.60758692721952
0.408846125910204,3,425,2425,0.450908948745053,0.459762395657443,0.47326014016251,0.496294317380097,0.544341052345556
0.459025076891612,3,426,2426,0.508374333435665,0.518861098694369,0.534920721714222,0.562533921972629,0.621006402686542
-0.094419271723927,3,427,2427,-0.102569830336687,-0.104218515641697,-0.106684922573867,-0.110760120730569,-0.11871443057162
-0.0183470908774694,3,428,2428,-0.0199146046892529,-0.0202309068689817,-0.0207035319328565,-0.0214828481544191,-0.0229974314012131
-3.80868113628757,3,429,2429,-25.0371524119737,-40.2563395018432,-84.5942356002653,-307.722278217563,-4556.72350696234
-0.429467758625732,3,430,2430,-0.474439443754443,-0.48394166372657,-0.4984547322732,-0.523297100582173,-0.57543300612482
1.0959387228215,3,431,2431,1.3385911793429,1.39852517667376,1.49688397217609,1.68636568647927,2.18625543110138
-0.621685494223604,3,432,2432,-0.700328309451138,-0.717624031044868,-0.744536979895663,-0.79205729515287,-0.898087603471356
0.183150617760111,3,433,2433,0.199428010547641,0.202743102277339,0.207718741156513,0.215986606237967,0.232317540875146
-0.709548391015695,3,434,2434,-0.808472262019356,-0.830669534507215,-0.865530262414278,-0.928029821177203,-1.07167171722015
0.435848369190095,3,435,2435,0.481743814207083,0.491452986353381,0.50629057860308,0.531712747663173,0.585167711741299
0.78037835890861,3,436,2436,0.898427620517506,0.925363380205772,0.967991909439617,1.04538770466179,1.22764546227444
0.288858709108214,3,437,2437,0.316032272665574,0.321639096057534,0.330107019501943,0.344328925881469,0.37304830036562
1.11782836460129,3,438,2438,1.37206121711722,1.43521911721172,1.53914401024245,1.74021447526315,2.27508231294739
1.52584097770703,3,439,2439,2.09598999856353,2.25491779157792,2.53078378394108,3.11297356185434,4.94410190942273
0.306597392015712,3,440,2440,0.335778582291858,0.341815549746443,0.350944560998766,0.366309577335522,0.397473597372115
0.238488716168369,3,441,2441,0.260262771375681,0.264724979432677,0.271442321951982,0.282661585266613,0.305059295069561
-0.211891233517077,3,442,2442,-0.230972819146398,-0.234870902147039,-0.240730135857982,-0.250490797850262,-0.269871823053379
-0.0864440057843255,3,443,2443,-0.0938932241273091,-0.0953994288062496,-0.0976522430464737,-0.101373257495801,-0.108631021221751
0.529104876439571,3,444,2444,0.589914623861293,0.603022241989551,0.62322933303857,0.658361918508558,0.734413348548063
1.68530778067013,3,445,2445,2.4469455686866,2.66999172204783,3.06627223758469,3.93489296518418,6.87690798988199
-1.27263409672296,3,446,2446,-1.62251618791325,-1.71315892489651,-1.86522129410443,-2.1688246918942,-3.0266774544359
-0.621900610879481,3,447,2447,-0.700588851530035,-0.717895395574631,-0.744825782367798,-0.792378634019553,-0.89848913391428
-1.01650080064499,3,448,2448,-1.22070447785784,-1.27011121902911,-1.35042927937845,-1.50278906535499,-1.89304842896599
-0.348518842744912,3,449,2449,-0.382694572458544,-0.389812183306797,-0.400609468114181,-0.418880394957787,-0.456347132629655
0.636129671694984,3,450,2450,0.717866622416771,0.735901188570482,0.764005810021373,0.813753133949758,0.925288379095021
2.12207437285835,3,451,2451,3.71895702476694,4.26166819332878,5.29781666317045,7.85296010433648,18.7996540089901
1.16813027885204,3,452,2452,1.45070977955863,1.52185752954908,1.63965400065875,1.86986156415473,2.49413173051834
1.81604081098346,3,453,2453,2.77352536002147,3.0660803884245,3.59647620287677,4.79807719732563,9.14159390140244
1.04698390016035,3,454,2454,1.26530112972105,1.31853974655022,1.40539974914458,1.57113991196245,2.00047314737996
1.75871281935383,3,455,2455,2.62553376778377,2.88544633453866,3.35243967939699,4.3949701795145,8.05556852461988
1.92444258949892,3,456,2456,3.07616113906789,3.44116703422603,4.11466339135017,5.68500960891676,11.6958640496186
2.13378456105427,3,457,2457,3.76131604727908,4.31680987632131,5.37960030638586,8.00955614205377,19.3562431920833
-0.181837334484063,3,458,2458,-0.197988964689127,-0.201278015396243,-0.206214260536537,-0.214415783843544,-0.230612038349781
-1.43637417006817,3,459,2459,-1.91825657550851,-2.04905841356512,-2.27329887443045,-2.7370663328807,-4.1396271353559
-0.763920938034611,3,460,2460,-0.877286608661011,-0.90305231436826,-0.94375577918864,-1.01743855522668,-1.18996865902669
-0.221552992945367,3,461,2461,-0.241601143401216,-0.245701240215636,-0.251867409093115,-0.262148786353796,-0.282602618601989
0.221492865686571,3,462,2462,0.24153496148269,0.245633791128853,0.251798033469886,0.262076138861827,0.282523215852519
-1.42434629714116,3,463,2463,-1.89529278600077,-2.02267797474311,-2.24070363100915,-2.69041825035436,-4.04348689604967
0.0614844746893494,3,464,2464,0.0667593717018322,0.0678248190391321,0.0694175897470049,0.0720460914698961,0.0771634410566422
0.0340683713545979,3,465,2465,0.0369819576927017,0.0375700170280328,0.0384488074194658,0.039898140421233,0.0427160656106777
-0.209973596414365,3,466,2466,-0.228864833587471,-0.232723198711175,-0.238522132298111,-0.248180626935333,-0.267351701385404
-1.13920937500867,3,467,2467,-1.40518948438382,-1.47164180635953,-1.58127330009342,-1.79428716143956,-2.36555467700589
0.490295703976646,3,468,2468,0.544561865235247,0.55616566152565,0.57398780344727,0.604781474778396,0.670624664223634
-0.15181600432058,3,469,2469,-0.165143311188191,-0.167849798306715,-0.171906371290803,-0.17863103160661,-0.191847799627773
0.733479058099293,3,470,2470,0.838569073631262,0.862282467979899,0.899620212507201,0.96684450199255,1.12261337705448
0.633134720728448,3,471,2471,0.714222717971322,0.732102041170434,0.75995607448103,0.809234505936476,0.919608008193506
0.371255762148592,3,472,2472,0.408300858013748,0.416045925175008,0.427816523834481,0.447796163106748,0.489024500039356
1.02840154249853,3,473,2473,1.2380233865413,1.28889661224643,1.37171483577195,1.5291769726267,1.93427530807044
0.947526579678739,3,474,2474,1.12253364977502,1.16413986532736,1.23123564589135,1.3568569299574,1.67065678251888
0.916683478822066,3,475,2475,1.07978622158607,1.11826356098386,1.18009432169968,1.29519128003179,1.57953743977986
-0.241267766253505,3,476,2476,-0.263329054541133,-0.267851701972803,-0.274661164065845,-0.286037532915308,-0.308762313808275
1.02354534494239,3,477,2477,1.23094221814868,1.28121253689034,1.36300235391269,1.51836399777887,1.91734430306913
1.52089323618509,3,478,2478,2.08582775150251,2.24306755224846,2.51581285529978,3.09076260486215,4.89512617479113
1.41269905368325,3,479,2479,1.87325520699264,1.99740859265235,2.20956757873536,2.64605900306077,3.95283741921919
2.25655546148284,3,480,2480,4.23900214676438,4.94721533191914,6.33329094441406,9.89417038542619,26.4736559607219
1.21598872814705,3,481,2481,1.52791472272198,1.60747508909833,1.73998859016894,2.00148350194105,2.7239294584812
0.670729456625214,3,482,2482,0.760252889037172,0.780161391283665,0.811298889255503,0.866745218571555,0.992510617191267
0.349848871713928,3,483,2483,0.384189202373598,0.391342678512381,0.402195507868955,0.420563689954304,0.458243460639855
-0.415034128148687,3,484,2484,-0.457957745915944,-0.46700271362024,-0.480799861969383,-0.504366316025517,-0.553612850387153
1.58139424640597,3,485,2485,2.2129520096695,2.39199757138262,2.7052619124678,3.37497718343157,5.53508564025892
0.0600543600806727,3,486,2486,0.0652054857795702,0.0662458817198229,0.0678011650606543,0.0703676960820193,0.0753639588524515
0.0604223334982193,3,487,2487,0.0656052986324458,0.0666521385470363,0.0682170645167126,0.0707995351350367,0.0758269399100679
1.05489605793825,3,488,2488,1.277004382227,1.33127880332829,1.4199121634415,1.58929563594992,2.0293565613977
0.355936445395306,3,489,2489,0.39103522925375,0.398354170228823,0.409463397442022,0.42828092436553,0.466946657538462
0.750804014429891,3,490,2490,0.860543144935991,0.88540707653268,0.924629916346356,0.995466196523227,1.16058354209379
-0.437569039136147,3,491,2491,-0.483715562316384,-0.493481059755226,-0.50840702906515,-0.53398724642196,-0.58780241804254
0.543311102698746,3,492,2492,0.606646249203221,0.62033923336441,0.641478179191774,0.678316313069238,0.758425134206779
-0.476452779447203,3,493,2493,-0.528504728917264,-0.539604073306906,-0.556629265899806,-0.585981962269041,-0.648473360545566
-0.63144798520452,3,494,2494,-0.712172209933489,-0.729964575963903,-0.757678291704748,-0.806694301831374,-0.916418241652995
-0.163259138757307,3,495,2495,-0.177651999891737,-0.180577778552827,-0.184965127529447,-0.192244110563973,-0.206575051166681
-1.40900615172762,3,496,2496,-1.86630839631621,-1.98945259631894,-2.19978201683349,-2.63215823675361,-3.92458677551943
-0.0339869697151944,3,497,2497,-0.0368935749987617,-0.0374802243936975,-0.0383569071109369,-0.0398027621387404,-0.0426139172296978
-0.813603906452418,3,498,2498,-0.94157762761698,-0.971012289350067,-1.01776651988558,-1.10316391604097,-1.30659959016651
0.21342980712474,3,499,2499,0.232664467407445,0.236594506306906,0.24250226684622,0.252345179916725,0.271895357299262
-1.11805042789129,3,500,2500,-1.37240305004483,-1.43559441721185,-1.53957718771456,-1.7407684730587,-2.27600276903731
-0.0373263330770909,3,501,2501,-0.040519442632791,-0.0411639619945281,-0.0421271567340937,-0.0437157810555511,-0.0468048936960923
0.774887631157253,3,502,2502,0.891357558122457,0.917898092898251,0.959875876272329,1.03601502441232,1.21497325333364
0.718881502571255,3,503,2503,0.82017558432898,0.842954288492582,0.878763978068615,0.943070668180939,1.09133702412331
-1.83611295748307,3,504,2504,-2.82723267107298,-3.13209304305695,-3.68657019371364,-4.94931385759496,-9.56141957786707
-0.129167580448009,3,505,2505,-0.140421541868401,-0.142702947412463,-0.146119486658465,-0.151774844118671,-0.16285578481306
1.4925413512358,3,506,2506,2.02836675250745,2.17624355935629,2.43172949711221,2.96682196737184,4.62512234087635
-0.261821856264578,3,507,2507,-0.286044838501195,-0.291023965582658,-0.298530323587073,-0.311098478644143,-0.336317813577043
-0.764867892337139,3,508,2508,-0.878498995407513,-0.904330848896905,-0.945143027372688,-1.0190351271814,-1.19211189451437
-0.0383538294004716,3,509,2509,-0.041635144935444,-0.0422974831301179,-0.0432873176758388,-0.0449199102151446,-0.0480946451764263
-0.699159892237029,3,510,2510,-0.795496563680773,-0.817061140871808,-0.850890648320897,-0.911430682491953,-1.05007812198409
-0.187202201890975,3,511,2511,-0.203868832286704,-0.20726457755202,-0.212362265598543,-0.220835783722054,-0.237584680566981
-1.01178197352312,3,512,2512,-1.21386927049462,-1.26270475777327,-1.34205009680317,-1.49242859666296,-1.87694658300522
0.606874404865695,3,513,2513,0.682436387635082,0.698999855828636,0.724734176232757,0.770059012644109,0.870694682681346
0.491343410789812,3,514,2514,0.545779647782421,0.557422286021438,0.575305857831048,0.606210793023784,0.672313614299198
-0.981465646834015,3,515,2515,-1.17037971753458,-1.21567964994821,-1.28901995644355,-1.42721617551037,-1.77669403919203
-0.0526646522531975,3,516,2516,-0.0571773984911673,-0.058088641652277,-0.0594506985932876,-0.0616979200317552,-0.0660707436599198
0.159395052186539,3,517,2517,0.173426655978648,0.176278021999748,0.180553081103991,0.187643752068402,0.201595641677208
0.784386711635637,3,518,2518,0.903599627170552,0.930827023845726,0.97393605599949,1.05226071601991,1.23696206911205
0.261719223027468,3,519,2519,0.28593124272676,0.290908047648753,0.298410855363549,0.310972924403408,0.336179460758343
0.349751764917105,3,520,2520,0.384080064529592,0.391230918659645,0.402079686938657,0.420440757246467,0.458104945475469
-0.119530926034307,3,521,2521,-0.129915626872774,-0.132019406893665,-0.135168924178153,-0.140379376408981,-0.150576613004869
0.00755873695718971,3,522,2522,0.00820431191099352,0.00833456940019915,0.00852919520936443,0.00885009410686765,0.00947366508537616
0.491540965955948,3,523,2523,0.546009312114599,0.557659284953587,0.575554457735335,0.606480408034185,0.67263228071351
1.30993008869206,3,524,2524,1.68683994404925,1.78550653980829,1.95182943014472,2.28651724248303,3.24656763079112
-0.480333337162458,3,525,2525,-0.532999868059423,-0.544238998467565,-0.561484868283433,-0.591236107428605,-0.654652532655162
0.7464337023742,3,526,2526,0.854985098797146,0.879554502047078,0.91829434288581,0.988203851291959,1.15091630602772
1.6400734061206,3,527,2527,2.34252050235526,2.54531881550285,2.90319994847133,3.67906588898964,6.25082900847315
1.11656328339249,3,528,2528,1.37011470170586,1.43308223749974,1.53667795448457,1.73706138134489,2.26984606791033
-1.76651785348919,3,529,2529,-2.64522667893739,-2.90937471698959,-3.38455424690126,-4.44746221641412,-8.19422361978269
-1.35792937620043,3,530,2530,-1.77216559201109,-1.8820863534406,-2.06855182748859,-2.44763605005241,-3.55672003492624
-0.75553726294161,3,531,2531,-0.8665743014052,-0.891760542616651,-0.931512273713674,-1.00336440045541,-1.17112264953599
0.420336735361081,3,532,2532,0.464006156944578,0.473217378492318,0.487274652946842,0.511304193884785,0.561597256719133
1.58353318807031,3,533,2533,2.21756340226321,2.3974280127165,2.71222274155488,3.38554868203177,5.55943709125947
3.2372504304045,3,534,2534,12.1271727284573,16.9455743337831,28.7591179281691,73.0849678837944,527.493956636292
-0.0537095465672772,3,535,2535,-0.0583124447459714,-0.0592419214456658,-0.0606312538041689,-0.0629235371203641,-0.0673842963428663
-0.617130136051305,3,536,2536,-0.694815609629872,-0.71188342062003,-0.738429265159535,-0.785264985516922,-0.889609633173077
0.824835042591072,3,537,2537,0.956310139956072,0.986632572013996,1.03485702372349,1.12311976751958,1.33420758883539
0.683807853190444,3,538,2538,0.776417602133904,0.79707444661412,0.829427086035641,0.88716869968094,1.0187205057077
1.22839452518635,3,539,2539,1.54832608274423,1.63020533990138,1.766794530014,2.03701838613383,2.78723408962121
0.611666188037468,3,540,2540,0.688214878692623,0.70501249133867,0.731123422078871,0.777148996620687,0.879502927485625
-0.109481005368599,3,541,2541,-0.118966511295978,-0.120886888552549,-0.123760942684317,-0.128513119725981,-0.137802944776821
0.170381165156559,3,542,2542,0.185443882233641,0.188507821761727,0.193103788075926,0.200732997489036,0.215770428775866
1.31623929057153,3,543,2543,1.697888843425,1.79797352297202,1.96682560707919,2.30705717101201,3.28552415882198
1.64751345517735,3,544,2544,2.35941604641242,2.56542399593453,2.92937028122423,3.71980346457073,6.34908297900277
0.235578519022656,3,545,2545,0.257053026810927,0.261452257760343,0.268073650573308,0.279129383761764,0.301187088648582
-0.413163511308095,3,546,2546,-0.455825836413902,-0.464812626637796,-0.47851879720019,-0.501923428383691,-0.550804847482338
0.0693425070978077,3,547,2547,0.0752989287891098,0.0765023855468137,0.0783017254273829,0.0812718494636894,0.0870572870286636
0.812522601947556,3,548,2548,0.940163198510693,0.969513561314287,1.01612830616906,1.10125422746713,1.30396673677557
-1.07256688129721,3,549,2549,-1.30333758716016,-1.35998887241231,-1.45269934920575,-1.63048456405119,-2.09542402100827
0.206075532612513,3,550,2550,0.224581326462742,0.22835933076343,0.234036306011045,0.243488296822499,0.262235553187065
-1.21304197794201,3,551,2551,-1.52309102856605,-1.6021091847272,-1.73367085554943,-1.99313114990631,-2.70912754185356
-0.271284894287701,3,552,2552,-0.296526211092456,-0.301721370756804,-0.309558242683704,-0.322693622182,-0.349108463639842
0.154807483887031,3,553,2553,0.168412115076838,0.171175619525375,0.175318156439714,0.182186762937019,0.19569238972295
1.09019087608063,3,554,2554,1.32987563088659,1.38898730077213,1.48592932180385,1.67247109134022,2.16354209875089
0.449302673714971,3,555,2555,0.497183995531907,0.507339539850688,0.522878121548247,0.549555656929562,0.605879196572627
0.338171481151618,3,556,2556,0.371079974693413,0.377921995961378,0.388292846904716,0.405818172917517,0.441656104109677
1.84415934813823,3,557,2557,2.84904890809668,3.15897673499451,3.72339841724516,5.01150320936438,9.73597122615568
0.790395187486553,3,558,2558,0.911369474237388,0.939039005662707,0.982877009356636,1.06261241046967,1.25103262541099
-1.01681472667976,3,559,2559,-1.22115983991222,-1.27060478905554,-1.35098793327047,-1.50348036273793,-1.89412451787795
-0.447492386368304,3,560,2560,-0.49510345897338,-0.505198141666264,-0.520641063785118,-0.547147052241262,-0.60307759917259
-0.733255488793797,3,561,2561,-0.838286539586114,-0.861985382103555,-0.899299313374737,-0.966478063414807,-1.12212949611288
0.677684064694047,3,562,2562,0.768838663233914,0.789142291348391,0.820921111148199,0.877578010682535,1.00639143019828
0.737994770673029,3,563,2563,0.844281346959902,0.868290259373042,0.906111761694416,0.974261651976584,1.13241987070409
-0.0587570726587164,3,564,2564,-0.0637959886934082,-0.0648136764503381,-0.0663349811100144,-0.0688453481180787,-0.0737318964816107
0.510603757075231,3,565,2565,0.568230682233908,0.58060445609203,0.599646058446541,0.63265343640193,0.703683816929328
1.32815613077615,3,566,2566,1.71889373024066,1.82170649950875,1.99543151711919,2.34636946757234,3.36056200583407
0.619209903778308,3,567,2567,0.697331368353709,0.714502933051906,0.741215868633238,0.788363102862401,0.893474393654565
-1.23509513072169,3,568,2568,-1.55942103426363,-1.64257742990644,-1.78141471861909,-2.05646488232801,-2.82210336101691
-1.13616914019859,3,569,2569,-1.40045208631459,-1.46642697623686,-1.5752303114144,-1.78650709483335,-2.35245887343257
0.120423154274964,3,570,2570,0.130888038774335,0.133008189779693,0.136182307416578,0.141433719850031,0.151712198606632
-1.37814043574121,3,571,2571,-1.80899229387903,-1.92398520916297,-2.11957990137525,-2.51896523306455,-3.69733875514129
0.618238476591028,3,572,2572,0.696156069672387,0.713279110087322,0.739913893270409,0.786915407209628,0.891667995644578
-0.498108739160785,3,573,2573,-0.553651786182864,-0.565547522931064,-0.58383160619792,-0.615462620772147,-0.68326258146488
-0.438590091106726,3,574,2574,-0.48488600291571,-0.494685028516858,-0.509663615759532,-0.535337962571742,-0.589367794507934
0.536804059732073,3,575,2575,0.598973521069438,0.61239597418095,0.633104021604698,0.669152807212601,0.74738080956963
-0.881020313010415,3,576,2576,-1.03118623375101,-1.06629930441134,-1.12249564331164,-1.22641403259642,-1.47990662636652
0.457994128097873,3,577,2577,0.50718639535232,0.517637687158478,0.533641471654285,0.561154296972966,0.619395809926167
0.633620516017377,3,578,2578,0.714813511733908,0.732717942705686,0.760612497064017,0.809966729071559,0.920527940940838
-0.443107960196383,3,579,2579,-0.490068453344305,-0.500016772196427,-0.515229751027188,-0.541323682749071,-0.596311542698948
-0.0298797443137171,3,580,2580,-0.0324342854457102,-0.0329498379149965,-0.0337202461435028,-0.0349907496978126,-0.0374606424493774
1.10386042900945,3,581,2581,1.35065248796823,1.41173618181458,1.51207781725491,1.70568085662798,2.21797069608856
0.316295582517552,3,582,2582,0.346600033779797,0.35287873418956,0.362380016420407,0.378390883413801,0.410944976381381
-0.893387608458938,3,583,2583,-1.04794198634101,-1.08419198631237,-1.14228923724882,-1.24996893081988,-1.51379165523328
-0.795867299971897,3,584,2584,-0.918463692257294,-0.946541136641338,-0.99105222542872,-1.07209186462847,-1.26395823178369
-0.595807986867628,3,585,2585,-0.669127240579997,-0.685159854156351,-0.710041267097562,-0.7537819447694,-0.850545728130446
-1.10939282932024,3,586,2586,-1.35911026739984,-1.42100827463905,-1.52275575611958,-1.71928555388043,-2.24040772945875
-0.996198033788535,3,587,2587,-1.19142307024684,-1.23841242726652,-1.31461885693489,-1.45861885903759,-1.82473342270074
-0.623036494182645,3,588,2588,-0.70196492115766,-0.719328701067549,-0.746351319283301,-0.794076285789904,-0.900611109765522
-0.066658827315295,3,589,2589,-0.0723822108261575,-0.073538463686721,-0.0752671402157838,-0.0781203741247429,-0.0836771036418171
0.595176678703772,3,590,2590,0.668369490933129,0.684372231862657,0.709205688951407,0.752857412118361,0.849404304086109
-0.627111270615354,3,591,2591,-0.706905847002297,-0.724476199606132,-0.751831816052112,-0.800178557472301,-0.90824791229512
-0.829164989687205,3,592,2592,-0.962010293363036,-0.99268099213274,-1.0414828276606,-1.13087278485527,-1.34498049238402
1.72163897465508,3,593,2593,2.53387097999211,2.77451196314595,3.2044170932871,4.15525097590915,7.43314355564494
0.904557936296033,3,594,2594,1.06316470800035,1.1004685201216,1.16033065136068,1.27151173028093,1.54499787222328
1.39642369683038,3,595,2595,1.84278367707582,1.96254444265297,2.16674844555534,2.58537689082156,3.83006235944331
0.677331678244393,3,596,2596,0.768403081032847,0.78868653525872,0.820432596211299,0.877027614684922,1.00568501957937
-0.720931730397471,3,597,2597,-0.822752370275165,-0.845660474220073,-0.881681524844732,-0.946391217790994,-1.09569123236861
-0.673183814267148,3,598,2598,-0.763280320374623,-0.783327542370458,-0.814690123334714,-0.870561111564851,-0.997394752826789
0.932922813567727,3,599,2599,1.10220835961828,1.14230688484733,1.20686274746032,1.32739775794701,1.62691537557317
-0.850867697571112,3,600,2600,-0.990754623715512,-1.02322252318447,-1.0750093665859,-1.17024388147957,-1.40009409279251
-0.820945204758089,3,601,2601,-0.951199047931822,-0.981211475223039,-1.02892227179588,-1.1161831319378,-1.32459134830033
-0.748359423138071,3,602,2602,-0.857432923672752,-0.882131745838827,-0.921083785572114,-0.991400348498334,-1.15516854878921
-0.829253564484553,3,603,2603,-0.962127016563335,-0.992804874827849,-1.04161858358605,-1.13103173196413,-1.34520162649373
0.952917140430288,3,604,2604,1.13007549218932,1.17225042151176,1.24030565216921,1.3678526317528,1.68708258002584
0.231490369088347,3,605,2605,0.252546196036192,0.256857494367965,0.26334498065022,0.274172676227415,0.295757008009261
1.65772057096886,3,606,2606,2.38277243843548,2.59325971916864,2.96568438345201,3.77653397705775,6.48682604983592
2.12932205763527,3,607,2607,3.74511202312494,4.29570093046233,5.34826030091915,7.94945010539465,19.1419516945393
0.937892009895829,3,608,2608,1.10910706395297,1.14971324407538,1.21512372860024,1.33736826005199,1.64167638966456
-0.0691528039216722,3,609,2609,-0.0750927426437119,-0.0762928601583377,-0.0780872009115376,-0.0810490544963549,-0.0868183060128324
-0.577891718684308,3,610,2610,-0.647684323615092,-0.662886029831154,-0.686435161729865,-0.727709302783118,-0.818480303382665
-0.432887778773579,3,611,2611,-0.478353178438911,-0.487965951883807,-0.502652342291546,-0.527804261401135,-0.580643937005168
0.21294343764305,3,612,2612,0.232129674290557,0.236049602762055,0.241942008984182,0.251758894058423,0.271255531545993
-1.51656141460211,3,613,2613,-2.07696375719308,-2.23273907600692,-2.50277913659146,-3.07146087432275,-4.85271009122132
-1.18612655030269,3,614,2614,-1.47946051937897,-1.55367493441585,-1.67682342451568,-1.91836594043239,-2.5779524768958
-1.04268384055227,3,615,2615,-1.25896307939432,-1.31164600357485,-1.39755549061975,-1.56134565501492,-1.98495245214008
-0.665245815769894,3,616,2616,-0.753498962134216,-0.77310036023109,-0.803739833415838,-0.858247372280819,-0.981655010413956
-0.342142546874208,3,617,2617,-0.375534604178239,-0.382481676150239,-0.393014999510205,-0.410824179050748,-0.447281281305176
-0.126878771600105,3,618,2618,-0.137925619508603,-0.140164672944146,-0.143517523078887,-0.149066701248911,-0.159936485736539
-0.524839389911108,3,619,2619,-0.584904826358881,-0.597840438118567,-0.617774072357007,-0.65240721674213,-0.7272751406128
-0.449839828696583,3,620,2620,-0.497801524263348,-0.507975176237999,-0.523542223654173,-0.550270820957234,-0.606711397429579
1.10884216084164,3,621,2621,1.3582671471875,1.4200836786798,1.52169044589072,1.71792712299456,2.23816374120105
0.705562281952335,3,622,2622,0.803487126576855,0.82543984382616,0.859901799023978,0.921643079348397,1.06334977680571
0.216017585259851,3,623,2623,0.235510422209583,0.239494389581988,0.245484065869211,0.255465886495556,0.275301992859893
1.2510260436818,3,624,2624,1.58600115719945,1.67226497192958,1.81658203417049,2.10343011994865,2.90697167047465
0.906365242929095,3,625,2625,1.06563568767487,1.10311244295423,1.16326447800845,1.2750215414546,1.55010161843488
1.49320120276429,3,626,2626,2.02968937010904,2.17777821466404,2.43365405162346,2.96964341309158,4.63120637163402
0.656912554115511,3,627,2627,0.743261756783607,0.762403860356529,0.792299218511087,0.84540621542779,0.965306251690576
2.54015370373072,3,628,2628,5.63065203219754,6.86464116746021,9.42085076175616,16.6381464911478,57.4489057437859
0.251332588516054,3,629,2629,0.274444048012999,0.279188100151097,0.286335322781164,0.298288589509539,0.32221793732161
0.556306078318974,3,630,2630,0.622015310031836,0.636261015297061,0.65828155617581,0.696738248629177,0.780719513895332
0.0835705841227416,3,631,2631,0.0907679682647057,0.0922230516871766,0.0943992589110217,0.0979933243969859,0.105001765451805
0.720724131688878,3,632,2632,0.822491357044534,0.845386330760123,0.881385931789673,0.946054718438195,1.09524977367175
-0.210768663571971,3,633,2633,-0.229738761726406,-0.233613579292799,-0.239437489320432,-0.249138296654456,-0.268396300890895
0.194986010407684,3,634,2634,0.212405861091148,0.215957923613267,0.221292332503186,0.230165219391814,0.247727805874835
-0.0521546636883108,3,635,2635,-0.0566234218543803,-0.0575257688948625,-0.0588745186398155,-0.061099756454993,-0.0654296855769256
1.31185272453179,3,636,2636,1.69020170323077,1.78929853209702,1.95638847900724,2.2927566471081,3.25838329362006
0.26004510549758,3,637,2637,0.284078552951266,0.289017541874464,0.29646254101627,0.308925533657501,0.333923803232396
0.15573880384646,3,638,2638,0.169429948273975,0.172211247679014,0.176380619434579,0.183294177064489,0.196890074862394
-1.26102002747475,3,639,2639,-1.6028227683464,-1.69108802004838,-1.83894182442763,-2.13342946460342,-2.96166493762167
0.751485659853001,3,640,2640,0.861410963312699,0.886321097769567,0.925619732450422,0.996601527513707,1.16209685766217
1.11595560469394,3,641,2641,1.36918023327526,1.4320565066118,1.5354944359472,1.73554861141406,2.26733540194765
0.577910455254757,3,642,2642,0.647706682245124,0.662909239387314,0.686459733932022,0.727736392635711,0.818513487447112
0.0760100332178868,3,643,2643,0.0825467983002337,0.0838678733833004,0.085843332430028,0.0891049232705081,0.0954611954774211
-1.90740106446936,3,644,2644,-3.02647012593247,-3.37906691965205,-4.02783585845545,-5.53356460283924,-11.2442753168602
-1.71137570070851,3,645,2645,-2.50903047346922,-2.74457537129518,-3.16471785756623,-4.09158952259608,-7.27086188473705
-0.479001023218372,3,646,2646,-0.531456016434797,-0.542647012623498,-0.559816879882031,-0.589430817745737,-0.652528388453406
0.465153849503259,3,647,2647,0.515442979462539,0.526142371439532,0.542536864869368,0.570752534377258,0.630613500046176
-0.693259554043373,3,648,2648,-0.788150359838563,-0.809362259946229,-0.84261759394898,-0.902068541849333,-1.03794927040368
-0.592142705029942,3,649,2649,-0.664730095049305,-0.680589884674589,-0.705193914945885,-0.748420242972293,-0.843930705778766
-0.181079075448648,3,650,2650,-0.197158182591293,-0.200432220315923,-0.205345757313736,-0.213509046661472,-0.22962771587622
-1.61836408608727,3,651,2651,-2.29383224148607,-2.48752566127073,-2.82824771071105,-3.5630759592184,-5.97411554589183
-1.70896179676761,3,652,2652,-2.50322095464132,-2.73758185006304,-3.15545887060458,-4.07678066757552,-7.23329571031298
-0.640689527173072,3,653,2653,-0.723422037715616,-0.741695047878109,-0.770184760888103,-0.820653259953591,-0.933978067671699
0.275198485020537,3,654,2654,0.300865400299855,0.306151036540227,0.314126464158341,0.327500010721053,0.354418384383039
0.0650413137692525,3,655,2655,0.0706243845707455,0.0717522227256253,0.0734383679111812,0.0762212612903906,0.0816404199992787
-0.72718689187124,3,656,2656,-0.830627281119765,-0.853933953631668,-0.890606399654041,-0.956559247497301,-1.10905319852489
-0.343119956530754,3,657,2657,-0.37663156105613,-0.383604625015323,-0.394178162692178,-0.412057642579202,-0.448668267360926
-0.507124219582352,3,658,2658,-0.564165604150063,-0.576404859202583,-0.595233159051531,-0.627852579212892,-0.697970658286399
-1.261114743895,3,659,2659,-1.60298274140139,-1.69126715649539,-1.83915485186646,-2.13371579190183,-2.96218876270665
1.02743399918839,3,660,2660,1.23661098983495,1.28736359517032,1.36997601210614,1.52701760397869,1.93089000363877
1.59227147620687,3,661,2661,2.23648825465767,2.41973462817024,2.74085442907657,3.4291266593714,5.66022736624226
0.0529443613913356,3,662,2662,0.0574812369978593,0.0583973602388496,0.0597667171348159,0.0620259985263257,0.0664223550203103
-1.1939605764205,3,663,2663,-1.49208072258159,-1.56766602627248,-1.69321183052538,-1.93984772884958,-2.61539784266577
-1.14356239924895,3,664,2664,-1.41198816456056,-1.47912934750352,-1.58995642467921,-1.8054802991363,-2.38444171018805
-0.684741340643854,3,665,2665,-0.777574470844855,-0.798285598093886,-0.830726465983457,-0.888634990883134,-1.02060877016984
-1.09488948811859,3,666,2666,-1.33699796458357,-1.39678111030655,-1.49487991417299,-1.68382181836821,-2.18209064917802
-0.895647765895617,3,667,2667,-1.05101524472712,-1.08747638705629,-1.14592702591668,-1.2543071073393,-1.52005921780602
-0.333547445160368,3,668,2668,-0.365897143548471,-0.372617942688571,-0.382801430716597,-0.399999760644787,-0.435125836771516
-0.801716558114381,3,669,2669,-0.926065975384519,-0.954585041885788,-0.999825412468956,-1.08227995043394,-1.27789350096694
1.45582433465217,3,670,2670,1.95584292639635,2.0923447588827,2.32698157768979,2.81435836519293,4.30074380624321
0.141836347752934,3,671,2671,0.154244521346573,0.156762310981618,0.160534584689091,0.166783746351757,0.179048616715982
-0.339928449411776,3,672,2672,-0.373050470212235,-0.379938861728068,-0.390381417440735,-0.408031984015911,-0.4441429622301
-1.78297295371066,3,673,2673,-2.68720810035944,-2.96049673404196,-3.45338472352307,-4.56053935156227,-8.49574901183833
-0.0550553067321815,3,674,2674,-0.0597743687802632,-0.0607273425716625,-0.0621518259012492,-0.0645021876067022,-0.0690763050196101
0.955086044964606,3,675,2675,1.1331160225746,1.17552165656376,1.24396630957896,1.37229556565766,1.69373490705446
-1.6948708641618,3,676,2676,-2.46955562518424,-2.69711405552371,-3.10199556758331,-3.99156005250249,-7.01846913783405
-0.0488032925906691,3,677,2677,-0.0529831901719083,-0.0538271279903354,-0.0550885137864374,-0.0571694456108832,-0.0612178873037909
1.41248469236388,3,678,2678,1.87285143665873,1.99694603977884,2.20899842670825,2.64524996755568,3.95119116477476
1.29650881277763,3,679,2679,1.6634991597957,1.75920844122394,1.9202653627025,2.24344002920604,3.16542494926397
1.64803218352113,3,680,2680,2.3605980642126,2.56683152410395,2.93120426406058,3.72266290111819,6.35600028677463
0.150449142166557,3,681,2681,0.163650017246851,0.166330523135012,0.170347933941466,0.17700704365879,0.190092378169616
-0.00387484753713888,3,682,2682,-0.00420577281601999,-0.00427254271673378,-0.00437230719161138,-0.00453679712191821,-0.00485642722445846
0.718276326390008,3,683,2683,0.819415388798348,0.842156013421829,0.8779035154847,0.942091667099623,1.09005414820544
1.13825608461759,3,684,2684,1.40370306971509,1.47000536420749,1.57937657715085,1.79184435658045,2.3614399875015
0.93725397034972,3,685,2685,1.10822028171269,1.14876097190755,1.21406117196244,1.33608499037336,1.63977406370498
-0.854755339052092,3,686,2686,-0.995934745052647,-1.028733848731,-1.08107177686264,-1.17738835314018,-1.41016837287582
0.247863539801303,3,687,2687,0.270611259638886,0.275278549247533,0.282308614055643,0.294061620752206,0.317572193786002
-0.836739069519349,3,688,2688,-0.972008711267743,-1.00329676767421,-1.05312296015992,-1.14451539337472,-1.36400100148883
0.620315560027282,3,689,2689,0.698669551395612,0.715896479035757,0.742698594203021,0.790012148070414,0.895533022195542
1.30926127599143,3,690,2690,1.68567158564849,1.78418890968584,1.95024572207589,2.28435084538223,3.24246879618996
1.4936646658933,3,691,2691,2.03061875735224,2.17885669639197,2.43500671835018,2.9716268902854,4.63548519938004
-1.07951840794595,3,692,2692,-1.31377198443116,-1.37138285329917,-1.4657423569017,-1.64693561724815,-2.12202123632471
0.132193378086192,3,693,2693,0.143721790262701,0.146059347483244,0.149560349125556,0.155356579334911,0.166717921839821
-0.0909319182566939,3,694,2694,-0.0987753608737483,-0.100361633406792,-0.102734462455848,-0.10665444534939,-0.114303330425506
-1.19823479208906,3,695,2695,-1.49899339432737,-1.57533601163716,-1.70220740700063,-1.95166390577103,-2.63607899568788
0.318930736897605,3,696,2696,0.34954363623084,0.355888849954213,0.365492656904191,0.38168166024531,0.414620261799704
0.456659812963901,3,697,2697,0.505649367204469,0.516054871699061,0.531986595203877,0.559369920282894,0.61731360069342
-0.205613098159908,3,698,2698,-0.224073297007002,-0.227841800999969,-0.233504362348628,-0.242931958728014,-0.261629196960087
0.724984233567522,3,699,2699,0.827851969840909,0.851017641211288,0.887459579363632,0.952972319280504,1.10433461217777
0.450721949847529,3,700,2700,0.498815819572719,0.509019256485547,0.52463313151092,0.551445742468863,0.608078943041821
-1.19090871763944,3,701,2701,-1.48715671302021,-1.56220533906903,-1.68681228936957,-1.9314523033068,-2.60074008676973
-1.56438636283066,3,702,2702,-2.17657450867373,-2.34922751044234,-2.6505679957125,-3.29222783258519,-5.34581734313134
0.212422586000571,3,703,2703,0.231557000920857,0.235466111009868,0.241342088862533,0.251131128356872,0.270570499893652
0.30653501725697,3,704,2704,0.33570904303769,0.341744471099267,0.350871113392305,0.366232024735804,0.397387229770288
0.307884682126153,3,705,2705,0.337213902434616,0.343282683201459,0.352460656592655,0.367910529717822,0.399256827540821
-0.209547918619849,3,706,2706,-0.228396967936123,-0.232246533085181,-0.238032108505657,-0.247667976055522,-0.26679257650713
-1.47605112768019,3,707,2707,-1.99553649878456,-2.13820272119812,-2.38412164841504,-2.89725892532474,-4.47604908745131
1.13247194984282,3,708,2708,1.39470304579492,1.4601013885017,1.56790515478718,1.77708703661789,2.33663781779209
2.01256955712765,3,709,2709,3.34691414543194,3.78295734711007,4.59959253662462,6.55071590921406,14.3931012082439
0.333675732644582,3,710,2710,0.366040872441894,0.372765018875783,0.382953678795832,0.400161030031223,0.435306724545933
0.977966902830522,3,711,2711,1.16540696476985,1.21031348454657,1.28298725037557,1.41983659749994,1.76546869988097
0.0468452857292775,3,712,2712,0.0508565780016193,0.0516664304361384,0.0528768394329659,0.0548735843946071,0.0587578728090217
0.97937074975472,3,713,2713,1.16740111549326,1.21246513346177,1.2854057005088,1.4227940399543,1.76996445343981
-0.789223247684122,3,714,2714,-0.909852367710068,-0.937435190487324,-0.981130185000144,-1.06058868051391,-1.24827822669381
1.95373238227625,3,715,2715,3.16352988352482,3.55083163243922,4.26896922666161,5.95686438793756,12.5218914820558
0.00448538173618662,3,716,2716,0.00486845109514451,0.00494574207929037,0.00506122674865078,0.00525163609578,0.0056216327100383
0.201600690866496,3,717,2717,0.219666424372152,0.223352787092381,0.228890759420442,0.238107600758595,0.256373128678422
1.7068489459276,3,718,2718,2.49814619829269,2.73147527320489,3.14737886201636,4.06386950673587,7.20060024147941
-0.602260299968495,3,719,2719,-0.676881109598303,-0.693221573503137,-0.718597438563912,-0.763256016444406,-0.862261121852649
0.236183082825122,3,720,2720,0.257719714858385,0.262132002383586,0.268773284567141,0.279862906822678,0.301991035407649
-0.336287372361935,3,721,2721,-0.36896762655592,-0.375760112430374,-0.386054385015592,-0.403446017644803,-0.438992719674539
0.0188096612421098,3,722,2722,0.0204167288960507,0.0207410140799287,0.0212255686636492,0.022024558890115,0.0235773916910185
1.14164949931808,3,723,2723,1.40899826613136,1.47583596776974,1.58613622596548,1.80055376701009,2.37612208847013
1.75269323326629,3,724,2724,2.61044101466328,2.86713017824652,3.32790176778646,4.35497765511633,7.95049521265304
0.302748195827481,3,725,2725,0.331488670555968,0.337431002081669,0.346414419605328,0.361527263401633,0.392150250514715
0.696717121812226,3,726,2726,0.792453140792819,0.813871126645916,0.84746192009086,0.907548992246363,1.04504492552688
0.0828384906918854,3,727,2727,0.089971781287788,0.0914138572479995,0.0935705746709292,0.0971323494096759,0.104077400203854
1.26018610451915,3,728,2728,1.60141474541174,1.68951143360124,1.83706715095753,2.13091016088964,2.95705743734733
2.73835948721901,3,729,2729,6.92455815224106,8.73967373898606,12.6670415888468,24.5953928051507,103.098863249028
0.138017996072099,3,730,2730,0.150076857487313,0.152523041483921,0.156187508484315,0.162256580445612,0.174161832915395
-0.511809296995512,3,731,2731,-0.569640043923293,-0.582060678471733,-0.601176611528117,-0.634319256226477,-0.705668039745225
-1.03349836234674,3,732,2732,-1.24547642121281,-1.29698916619362,-1.38089904804424,-1.54059346306609,-1.95220772044897
-0.848331539856601,3,733,2733,-0.987380443955829,-1.0196338147458,-1.07106386868237,-1.16559832459939,-1.39355554965418
1.29138549409061,3,734,2734,1.65464708104324,1.74924841837559,1.90833545952373,2.22721364179837,3.13505692562069
0.779213592779488,3,735,2735,0.896926412406523,0.923777921077181,0.966267687730007,1.04339539283015,1.22494861941779
0.1930479208496,3,736,2736,0.210279548100803,0.213792517966647,0.219067704880578,0.227840617730789,0.245199261406442
0.111588893069605,3,737,2737,0.121262407003018,0.123221103514472,0.126152691792736,0.131000529396908,0.140479536764228
1.33090557890231,3,738,2738,1.72376540575707,1.82721692915957,2.00208426901595,2.35553681437371,3.37815012144669
1.19948021049001,3,739,2739,1.501011231528,1.57757576829671,1.70483577631307,1.95511973332313,2.64213879183662
2.31375091947264,3,740,2740,4.48448963979036,5.27704816019598,6.8452813004818,10.9478676614651,30.7714246142437
1.42169411378914,3,741,2741,1.89025748426126,2.01690018438333,2.23357697491255,2.68024763858144,4.02263612307592
0.114324169981152,3,742,2742,0.124242110630744,0.126250646962144,0.129257082281734,0.134229410181026,0.143954795530969
0.4654882699539,3,743,2743,0.515829012026288,0.526540092616638,0.542953003395326,0.571201832893728,0.631139328377978
0.824580280498267,3,744,2744,0.955975113030868,0.986277158880545,1.03446782357827,1.12266463933881,1.33357600073046
-0.869184384376714,3,745,2745,-1.01524525030309,-1.04929890349285,-1.10372695322033,-1.2041559372353,-1.44811310749424
-0.553581148278031,3,746,2746,-0.618787400615515,-0.632915811665121,-0.654749131312173,-0.692861698183729,-0.776017879516849
-0.673791932682585,3,747,2747,-0.764030864233941,-0.784112578769096,-0.815531138305905,-0.871507775675051,-0.998607345657867
0.0954725493411996,3,748,2748,0.103716004501958,0.105383574972153,0.107878301865207,0.112000487042621,0.120047310704549
0.188406710182346,3,749,2749,0.205189426738685,0.208609242597759,0.213743367285337,0.222278314677709,0.239152195552871
-0.868101858973986,3,750,2750,-1.01379184200552,-1.04774997615228,-1.10201873934177,-1.20213385553129,-1.44523562558775
0.694144125410316,3,751,2751,0.789250614863256,0.810515083118852,0.843855970499158,0.903469105328141,1.03976143316253
1.38682635273894,3,752,2752,1.82498843807391,1.94222479713632,2.14186716732171,2.55028797534216,3.7597221378944
-1.02391138795697,3,753,2753,-1.23147529448342,-1.28179084121677,-1.36365778018683,-1.51917686087107,-1.91861527999194
-0.30813151888067,3,754,2754,-0.337489160762387,-0.343564051164619,-0.352751428631125,-0.368217603098341,-0.399598929803993
-0.827535687293578,3,755,2755,-0.959864063376182,-0.990403318209226,-1.03898719465908,-1.12795150810076,-1.34091825610402
-1.60857082643492,3,756,2756,-2.27216130117267,-2.46187139674374,-2.79510832587811,-3.51211764043951,-5.8539815036265
-1.436998014617,3,757,2757,-1.91945340285003,-2.05043468003926,-2.27500188984931,-2.73950945364566,-4.14468520485395
-2.06872831520901,3,758,2758,-3.53244636996912,-4.02040852007172,-4.94324295466093,-7.18374103067026,-16.4846876170031
-1.31481732219984,3,759,2759,-1.69539432681344,-1.79515782432608,-1.96343684186467,-2.30241150429222,-3.27669806665478
-1.23580989538703,3,760,2760,-1.56060749234555,-1.64390115608059,-1.78298021480167,-2.05854990328206,-2.82585144092126
-1.07655532499042,3,761,2761,-1.30931908534589,-1.36651921426031,-1.46017265857538,-1.63990601676193,-2.11064152295157
-1.25930588287123,3,762,2762,-1.59992941985823,-1.68784849547499,-1.83509016673444,-2.12825418195569,-2.95220283734775
-1.32076723845604,3,763,2763,-1.70584889843991,-1.80696245582687,-1.97765120561422,-2.32191422949618,-3.3138092012399
-0.791257872823904,3,764,2764,-0.912486744901203,-0.940220250683528,-0.984163782656653,-1.0641035617887,-1.25306329090904
0.074106747994101,3,765,2765,0.0804776448245451,0.0817650936202317,0.0836901943632983,0.0868684251482195,0.0930613551959911
-0.269583081455029,3,766,2766,-0.294640148476205,-0.299796173612515,-0.307573139299305,-0.320605613568455,-0.346803177661337
0.208622411389977,3,767,2767,0.227379818019784,0.231210271009709,0.236966837159316,0.246553573874798,0.265577293937055
-0.649996105552585,3,768,2768,-0.734789001009455,-0.75355657618735,-0.782845794604384,-0.834813862840338,-0.951870329792036
-1.03066254864549,3,769,2769,-1.24132697261252,-1.29248304065402,-1.37578397432723,-1.53423285305532,-1.94220966713044
-0.227442977938859,3,770,2770,-0.248086691716627,-0.252311540311011,-0.258667451494104,-0.269271288199199,-0.290391776253122
-0.176092831158532,3,771,2771,-0.191696640274335,-0.194872358672177,-0.199637232410848,-0.207550361817173,-0.22316199918526
-0.0362280280824506,3,772,2772,-0.0393268800386779,-0.0399523593429617,-0.040887089431167,-0.0424287363380564,-0.0454263775699135
-0.441800397425615,3,773,2773,-0.488567944894927,-0.498472896884144,-0.513617773303065,-0.539589748403508,-0.594298950991593
0.661917695580835,3,774,2774,0.749406641928195,0.768823544305831,0.79916400764645,0.853108453159531,0.97510441978233
-0.421824876781938,3,775,2775,-0.465704974252914,-0.47496321251209,-0.489094087869945,-0.513254762495449,-0.563844623158568
-0.164791272879478,3,776,2776,-0.179327793684629,-0.182283182733776,-0.186715227864149,-0.194069205876553,-0.208551261891061
-1.97713104427551,3,777,2777,-3.23516815633887,-3.64120022697853,-4.39704463795548,-6.18509532187297,-13.2303492196368
-0.665885467479271,3,778,2778,-0.754286073348969,-0.77392309391196,-0.804620315871742,-0.859236654439366,-0.982917272316292
-0.987927166632768,3,779,2779,-1.17958833323917,-1.22562265603851,-1.30020810688429,-1.44092326744173,-1.79760886145632
-1.16734866292017,3,780,2780,-1.44946856704112,-1.52048568827805,-1.63805451732368,-1.86778108149344,-2.49055907897451
0.101930457430061,3,781,2781,0.110744949650985,0.112528676430336,0.115197639432593,0.119609049570438,0.128225915776469
-0.105817902490875,3,782,2782,-0.114977402389456,-0.116831367376186,-0.119605731294058,-0.12419222432069,-0.133154666429241
-0.354021063378131,3,783,2783,-0.388880306654205,-0.396146953157532,-0.407175121655532,-0.425850518696113,-0.46420408753502
1.83106113930636,3,784,2784,2.81361997963804,3.115338544231,3.66365814922596,4.91073103695513,9.45368559849418
-1.14563721638693,3,785,2785,-1.41523518849462,-1.48270690615023,-1.59410794063143,-1.81083772516992,-2.39350096457283
-0.421501409032764,3,786,2786,-0.465335661841155,-0.474583666926954,-0.488698521686312,-0.512830648663482,-0.563355880006903
1.33874093886369,3,787,2787,1.73770153948237,1.84299283949664,2.02115324583437,2.38186487360289,3.42885029350312
1.72815730759715,3,788,2788,2.54976622551865,2.79369656924494,3.22991326636023,4.19627813871118,7.53840276322004
0.387348762484069,3,789,2789,0.426498699060669,0.434707017087748,0.447198299796979,0.468449117904036,0.512500829654578
-0.80925932422182,3,790,2790,-0.935898782613763,-0.9649959754977,-1.01119193811317,-1.09550319333028,-1.29604748776287
-1.15546404047955,3,791,2791,-1.43067142894483,-1.49972810332213,-1.6138838660735,-1.83640988523584,-2.43691430383193
-0.322292366807613,3,792,2792,-0.3533007939216,-0.359731382421703,-0.369466846195363,-0.385884770263486,-0.419318191580694
0.194322888312217,3,793,2793,0.211678286562514,0.215216960493317,0.220531085206372,0.229369725263673,0.246862430690086
0.663077561583838,3,794,2794,0.750832258395411,0.77031329712669,0.80075768974437,0.854897807242062,0.977384105882008
-0.76196301124215,3,795,2795,-0.874781428498035,-0.900410816750648,-0.940890289410392,-1.01414191542725,-1.18554670447973
-0.215958692314155,3,796,2796,-0.235445643608615,-0.239428381132514,-0.245416189003622,-0.255394840397618,-0.275224419523922
0.24824625243213,3,797,2797,0.271034008184126,0.275709742887589,0.282752694112164,0.294527719829258,0.318084305317704
-1.17585538241927,3,798,2798,-1.46301069199997,-1.53546091363624,-1.65552865813101,-1.89054037159501,-2.5297432246567
-0.0948053876148916,3,799,2799,-0.102989993128971,-0.104645599555209,-0.107122385059022,-0.111214802075621,-0.119203011518493
0.075678619015777,3,800,2800,0.0821864897193564,0.0835017065021452,0.0854683918177482,0.0887154579769276,0.0950432645325961
-0.0657810861934464,3,801,2801,-0.0714283159832889,-0.072569146337147,-0.0742747378897973,-0.0770897913797162,-0.082571842964023
0.621368673433061,3,802,2802,0.699944622484208,0.717224414788894,0.744111698132299,0.791584128514814,0.89749642910534
-0.978791218561083,3,803,2803,-1.1665777134989,-1.2115766558968,-1.28440697863971,-1.42157258123389,-1.76810718097273
2.40938644297423,3,804,2804,4.93212620354888,5.88808558107305,7.81567174965238,13.0188517182948,39.83174251112
1.87283513493667,3,805,2805,2.92816611379084,3.25680241124384,3.85807411082682,5.240711006137,10.3888105851156
1.08108381312664,3,806,2806,1.31612762294708,1.37395652305161,1.46869094818712,1.65065984218361,2.12805895012718
-0.278949513350732,3,807,2807,-0.305026846188421,-0.31039983714425,-0.318509113921899,-0.332112948863016,-0.35951906835202
-0.46100296463119,3,808,2808,-0.510654299873731,-0.521209357115307,-0.537376501827686,-0.565183050850443,-0.624100729332562
-0.28960910127336,3,809,2809,-0.31686640181027,-0.322491117073812,-0.330986503965372,-0.345255800009711,-0.374076116455214
0.0509444871083889,3,810,2810,0.0553088973512876,0.0561901427248472,0.0575073288483505,0.0596804265254815,0.0639086331772313
-1.28177204493108,3,811,2811,-1.6381220530224,-1.73067513812457,-1.88612482050035,-2.19708458841496,-3.07895682697572
-1.23692642069146,3,812,2812,-1.56246198346085,-1.64597047289089,-1.78542795882108,-2.06181101395558,-2.83171735332231
-0.592145905926855,3,813,2813,-0.664733932730881,-0.680593872639762,-0.705198144054201,-0.748424919047848,-0.843936470161184
0.545460697738323,3,814,2814,0.609184289132089,0.622967549498186,0.644250374815797,0.681352336030703,0.762090930866123
1.22429819141644,3,815,2815,1.54156773067229,1.62267478838973,1.75790587051121,2.02521804206183,2.76615281025906
0.0707626773639621,3,816,2816,0.0768425445679788,0.078071012181809,0.0799077971044184,0.0829398742572118,0.0888465797063832
0.492225351869253,3,817,2817,0.546805030773362,0.558480438697856,0.576415844158539,0.607414683231206,0.673736717962848
0.445239430291865,3,818,2818,0.492515503684535,0.502534793486145,0.517859251882063,0.544152900728974,0.599597438294423
0.0190555317237364,3,819,2819,0.0206836244814806,0.0210121531318155,0.0215030490370949,0.0223124973862885,0.0238856629366693
0.77641047788188,3,820,2820,0.893316740132786,0.919966398532096,0.962123806546924,1.03860967343088,1.21847753171782
1.06257341647696,3,821,2821,1.28841182337916,1.3437080223379,1.43409275502668,1.60708098825764,2.05779236721704
-0.179743543288536,3,822,2822,-0.195695072539287,-0.198942707476767,-0.203816313537097,-0.211912385082116,-0.227894713212767
0.457881121131156,3,823,2823,0.507056199425008,0.517503607932082,0.53350128026614,0.561003119886924,0.619219360520522
0.194860874824182,3,824,2824,0.212268558801814,0.215818093773071,0.221148673206674,0.230015094255629,0.247564485603292
-1.83871526435343,3,825,2825,-2.83427020340359,-3.1407609096,-3.69843573929791,-4.96932725309324,-9.6174715160933
-0.361922973193678,3,826,2826,-0.397775847732949,-0.40525963181817,-0.416624524512612,-0.435890772901704,-0.475543849117971
-0.070042969282962,3,827,2827,-0.0760602663219925,-0.0772760562989315,-0.0790938605038151,-0.0820945328421089,-0.0879397616854995
-0.886970406562981,3,828,2828,-1.03923492052116,-1.07489112021331,-1.13199513989849,-1.23770823999177,-1.49612325229845
1.40869570418131,3,829,2829,1.86572528725615,1.98878498575731,2.19896126468427,2.63099321217497,3.9222224773163
0.145151730667645,3,830,2830,0.157864246809635,0.160444471712737,0.164310779947517,0.170717123065496,0.183296268467646
-0.856467481293394,3,831,2831,-0.998219144858606,-1.03116502239951,-1.08374726087474,-1.18054384258607,-1.41462503144933
-0.443676496808038,3,832,2832,-0.490721037676832,-0.500688253145183,-0.51593091093057,-0.542078003033892,-0.597187378791294
-0.976435073528036,3,833,2833,-1.1632327430261,-1.2079679487038,-1.28035157098261,-1.41661496740017,-1.76057578291465
-0.66214757487601,3,834,2834,-0.749689142605462,-0.76911874278746,-0.799479780860135,-0.853462959299151,-0.975555967940225
0.158218631350546,3,835,2835,0.172140546719848,0.17496933230858,0.17921032678584,0.186243898149475,0.20008096493389
-0.22152923584752,3,836,2836,-0.241574993964919,-0.245674590088739,-0.251839997740516,-0.262120082193695,-0.282571245227662
-0.437612944917177,3,837,2837,-0.483765885781298,-0.493532823344627,-0.508461052572699,-0.534045312280498,-0.587869700408408
-0.886591438250051,3,838,2838,-1.03872158733023,-1.0743429817486,-1.13138881178161,-1.23698678471707,-1.49508566957135
-0.386619622468128,3,839,2839,-0.425672819000613,-0.43385979140975,-0.446317828591132,-0.467509897963728,-0.511430670329372
-1.41920685444061,3,840,2840,-1.88554451286585,-2.01149443415447,-2.22691321886289,-2.67074694060542,-4.00319460874426
-0.344314003551368,3,841,2841,-0.377971936198623,-0.384976826282068,-0.395599612743194,-0.413565209341907,-0.45036399135197
-1.95385326556328,3,842,2842,-3.16389572239673,-3.55129210055717,-4.26961973365272,-5.9580177073107,-12.5254374245292
-0.713166652171977,3,843,2843,-0.813004213433741,-0.835425419142916,-0.870651485787402,-0.93384632859903,-1.0792653899481
-1.00413816841473,3,844,2844,-1.20283534783237,-1.25075762597824,-1.32854937438388,-1.47576798190454,-1.85115354766083
-0.496312538190171,3,845,2845,-0.551560269899913,-0.563388420878663,-0.581565515796042,-0.613002461908573,-0.680348325494451
0.0321057371332181,3,846,2846,0.0348510449528712,0.0354051194570999,0.0362331083434029,0.0375986151154374,0.0402533826714459
-0.926376142925886,3,847,2847,-1.09314667728262,-1.13258472488717,-1.19602960807351,-1.31434520048533,-1.60765846505453
0.564755806387419,3,848,2848,0.632042378917585,0.64665658327403,0.669265778490889,0.708805830951209,0.795390656349358
-0.815876592723979,3,849,2849,-0.944552742280496,-0.974165251289691,-1.02121382664755,-1.10718430604285,-1.31214762773301
-0.28473501866342,3,850,2850,-0.311450244843021,-0.316959212534332,-0.325276984129708,-0.3392399476659,-0.367408390333069
1.84302439767505,3,851,2851,2.84596165544838,3.15516996864592,3.71817868545774,5.00267611402008,9.71112797746364
2.61157903286482,3,852,2852,6.0609451639956,7.47914106039532,10.4622692605175,19.1034876745613,70.632583144713
-0.146801322476157,3,853,2853,-0.159665635158678,-0.162277017741965,-0.166190265064399,-0.172675102784942,-0.185411335276555
1.18660611340323,3,854,2854,1.48023123110087,1.5545289322476,1.6778229833349,1.91967447889754,2.58022776684441
0.316540480506305,3,855,2855,0.346873538377354,0.35315840506589,0.362669190410098,0.378696564212642,0.411286267330229
-0.577779571003414,3,856,2856,-0.647550498965165,-0.6627471127438,-0.686288089850798,-0.727547164178899,-0.818281695327502
0.0820618545733843,3,857,2857,0.0891271821004783,0.0905554667174064,0.0926915208298619,0.0962190634673158,0.103096924905976
-0.858801708536897,3,858,2858,-1.00133656071135,-1.03448344109654,-1.08740035112997,-1.18485477104947,-1.42072067487756
1.02544700580459,3,859,2859,1.2337128491834,1.28421852050974,1.36640970186548,1.52259083823786,1.92395651818995
-0.371414486923188,3,860,2860,-0.408480036943847,-0.416229593829356,-0.428007168824152,-0.447999089363471,-0.489254603859991
-0.923172945953197,3,861,2861,-1.08872402853292,-1.12784233262825,-1.19074975502857,-1.30799284262583,-1.59831407117438
-0.434866292259832,3,862,2862,-0.480618809856949,-0.490295932961869,-0.505083248788542,-0.530415535378515,-0.583665771041741
-0.550684869548569,3,863,2863,-0.615359528569533,-0.629364085146867,-0.650999791295619,-0.688749362231742,-0.771036235731452
0.385031413553396,3,864,2864,0.423874348722955,0.432014945030861,0.444400764531563,0.465465252618243,0.509101821213268
-1.45194284467791,3,865,2865,-1.94829700476807,-2.08364377665733,-2.31617104021444,-2.79874708348863,-4.26801982350139
-2.16986415679238,3,866,2866,-3.89519014602513,-4.49191310585983,-5.64109211131415,-8.51571693241054,-21.1928238209709
-1.96394966900802,3,867,2867,-3.19460658101688,-3.5899842379214,-4.32435728605762,-6.05528100270039,-12.8257298370173
-0.642123253436454,3,868,2868,-0.725170677687524,-0.743519183656591,-0.772130874704068,-0.822827958086417,-0.936720679253104
-0.684115989041041,3,869,2869,-0.776799428226919,-0.797474178040711,-0.829855918623357,-0.887652582260985,-1.01934354414326
0.364373517720977,3,870,2870,0.400537461435692,0.408089340064634,0.419559911501303,0.439011828382765,0.479074233368387
0.828362141218775,3,871,2871,0.960952523761788,0.991558392934189,1.04025272244102,1.12943271610498,1.34297751062842
0.274751303974259,3,872,2872,0.300369454882148,0.305644718819895,0.313604258331811,0.326950483083071,0.353811046445722
2.01466400001025,3,873,2873,3.35364430698329,3.79152555734734,4.6118984774527,6.57311113619901,14.4654178758767
1.32180362170894,3,874,2874,1.70767445265159,1.8090248264171,1.98013651395856,2.3253285522799,3.32032207203072
-0.420568517281953,3,875,2875,-0.464270712490178,-0.4734892466245,-0.487557967280759,-0.511607898686396,-0.561947098772844
2.12219335654855,3,876,2876,3.71938479121265,4.26222440907553,5.29864025487846,7.85453296585214,18.8052167658643
-0.349374720156746,3,877,2877,-0.383656325774756,-0.390797004361382,-0.401630012889413,-0.419963486246162,-0.457567214048405
0.264904602585207,3,878,2878,0.289457674870161,0.294506758456149,0.302120095549667,0.31487170694096,0.340477126569386
0.114604018624676,3,879,2879,0.124546996556085,0.126560639499803,0.129574744680273,0.134559832415553,0.144310482348947
0.455235303425415,3,880,2880,0.504009027824979,0.514365804526469,0.530220854784122,0.557466435782289,0.615093515058438
-0.0383628328166127,3,881,2881,-0.0416449213646596,-0.0423074157239531,-0.043297483745274,-0.0449304616400245,-0.0481059470748594
-2.15837834051915,3,882,2882,-3.85201114718226,-4.43529959531452,-5.55625337054631,-8.35059439105793,-20.5874486823873
1.79299857165996,3,883,2883,2.71309930002766,2.99210045613215,3.4960841132513,4.6310762862637,8.68578511051618
0.465390687215573,3,884,2884,0.515716365533143,0.526424034496222,0.54283156959714,0.571070720048731,0.630985876146501
-0.431940855661787,3,885,2885,-0.477269229437436,-0.486851307194911,-0.501489565186607,-0.52655549507906,-0.579199565353856
0.0924821466988809,3,886,2886,0.100462024830345,0.102076020026718,0.104490411817195,0.108479325443853,0.116263814708542
-0.0663045016316143,3,887,2887,-0.0719971396721562,-0.0731471658380292,-0.0748665218907208,-0.0777043402205354,-0.0832309165335204
-2.54877970076351,3,888,2888,-5.68066271816496,-6.93557234060981,-9.53987283043332,-16.9154351817666,-58.88577898774
-1.88473102676172,3,889,2889,-2.96162853942929,-3.29833256294073,-3.91555980056558,-5.33939276517575,-10.6744259082823
-0.870334392933259,3,890,2890,-1.01679009627785,-1.05094547394824,-1.10554318500992,-1.20630656341958,-1.45117549651165
-1.27556423700891,3,891,2891,-1.62750957863819,-1.71876103406207,-1.87190220193408,-2.17784660394068,-3.04333164615315
0.0983320172775116,3,892,2892,0.106828004374934,0.108546928343021,0.111118675588763,0.11536868115969,0.1236673055675
-0.771490755922722,3,893,2893,-0.886992044026695,-0.91329051796079,-0.954869989255157,-1.03024071570378,-1.20718497464086
1.04548419430479,3,894,2894,1.26308886497214,1.31613310056546,1.40266054404282,1.56771823230169,1.99504606634057
-0.149335414164257,3,895,2895,-0.162433401382635,-0.165092770139197,-0.169078324635469,-0.17568412455168,-0.188662618669337
-0.366272660561879,3,896,2896,-0.402678642709582,-0.410283543044621,-0.421836427863192,-0.441433038903321,-0.481814759029157
2.22070221756652,3,897,2897,4.09286042197876,4.75271579614276,6.03547235644119,9.29439813354975,24.1269687043157
0.964155381829856,3,898,2898,1.14586803169466,1.18925018472291,1.25934451030049,1.39099192066291,1.72182516092973
1.58244387096411,3,899,2899,2.21521389168004,2.3946609516234,2.70867541548466,3.380160186242,5.54701984489469
0.715598621911861,3,900,2900,0.816053997114225,0.838626764843377,0.874100202893862,0.937766136841614,1.08439079567012
-0.381137614346339,3,901,2901,-0.41946769031929,-0.427495271533712,-0.439705173996624,-0.460459089508903,-0.503404680128396
-0.369994171695443,3,902,2902,-0.406876905120812,-0.414586341852939,-0.426301582234191,-0.446183784613177,-0.487196570867025
-1.12229650867876,3,903,2903,-1.37894821213779,-1.44278249611002,-1.54787749644087,-1.7513918361432,-2.29367922882715
-1.80971442197284,3,904,2904,-2.75680583867212,-3.04557965069391,-3.56859507504905,-4.7515352663715,-9.01373717053482
-1.60648794250885,3,905,2905,-2.26757532210341,-2.45644795691855,-2.78811292090747,-3.50138651776449,-5.82879551201032
-2.720313382463,3,906,2906,-6.79310818201723,-8.54557853984141,-12.3218774016373,-23.7125842986085,-97.6076020014132
-0.526587981246897,3,907,2907,-0.586957770134321,-0.599963687303276,-0.620009073305766,-0.654846261985704,-0.730197444268344
0.571605725163089,3,908,2908,0.640190834524482,0.655109151703701,0.678204675055807,0.718641313198399,0.807387694558971
-0.172193449548639,3,909,2909,-0.187427471220371,-0.19052678168963,-0.195176184256206,-0.202895180852583,-0.21811405652416
-0.452961914462169,3,910,2910,-0.501392441827496,-0.511671782511376,-0.527405020178892,-0.554431859338647,-0.611556572985676
0.0312052753633876,3,911,2911,0.0338734024839531,0.0344118911318052,0.0352165827251354,0.0365436498007157,0.0391236096385837
0.192798854986762,3,912,2912,0.210006326434006,0.213514280779589,0.218781870660072,0.227541961747107,0.244874461752148
-0.125295149241551,3,913,2913,-0.136198938175327,-0.138408749056039,-0.141717632269864,-0.147193533918176,-0.157917689211014
-1.50263321631428,3,914,2914,-2.04867104136586,-2.19982103303244,-2.46133078293941,-3.01029818955041,-4.71919675689441
-0.597254790512491,3,915,2915,-0.670864423946993,-0.686965664478823,-0.711957263343812,-0.755902375171041,-0.853164828924221
1.04577942535554,3,916,2916,1.2635242188278,1.31660667133807,1.40319949277464,1.56839133003291,1.99611324740869
0.247954282243343,3,917,2917,0.270711492662554,0.275380784106654,0.28241390346382,0.294172129290292,0.317693607843659
0.269521138448395,3,918,2918,0.2945715084116,0.299726111490331,0.307500900600814,0.320529636797409,0.346719311446781
0.32908106173482,3,919,2919,0.360895331415505,0.367500151257253,0.377504501439035,0.394390537032763,0.42883820000437
0.704582960999554,3,920,2920,0.802263567065753,0.824156543031825,0.858521117407633,0.92007732640042,1.06131217967904
1.11789233123379,3,921,2921,1.37215967932921,1.43532721821988,1.53926878024501,1.74037404144537,2.27534741515578
-0.598054245558427,3,922,2922,-0.671824696189621,-0.687963957133646,-0.713016610369337,-0.757075028268236,-0.854613993968218
-0.153471505595331,3,923,2923,-0.16695217957226,-0.169690193842591,-0.173794296257205,-0.180598534545116,-0.193974952456327
1.42656923662729,3,924,2924,1.89952098461643,2.02753150723282,2.24669367038874,2.69897471228524,4.06105920956907
-0.650573609813011,3,925,2925,-0.73549562954477,-0.754294247498025,-0.783633683569365,-0.835696043795875,-0.952987625691935
0.0652839723697153,3,926,2926,0.0708880860228331,0.0720201852405391,0.073712708184431,0.0765061487660719,0.0819459327869668
1.26627232765573,3,927,2927,1.61170940855782,1.70104290885801,1.85078672578596,2.1493647973837,2.99086990879808
0.456357507217408,3,928,2928,0.505301208106067,0.515696358391132,0.531611788191646,0.558965837633893,0.616842212255987
-1.09268227273527,3,929,2929,-1.33364968493166,-1.39311657430586,-1.49067044649688,-1.67848137123032,-2.17335660958186
-0.499025622446022,3,930,2930,-0.554719823435227,-0.566650168611584,-0.584989047819388,-0.61671948915475,-0.684752231648815
-2.22008126979388,3,931,2931,-4.09037962758374,-4.74942632536981,-6.03046233469308,-9.28439370921012,-24.0884557184522
-0.0767036034831249,3,932,2932,-0.0833008543448153,-0.0846341936396116,-0.0866280208550001,-0.0899200213491329,-0.0963358974859895
0.130553209577948,3,933,2933,0.141932760190371,0.144239856584389,0.147695036510563,0.15341483308738,0.164624001582807
-1.92071510885284,3,934,2934,-3.06522155526958,-3.42747855067181,-4.0954898091454,-5.6514714971456,-11.5953241364858
-1.52710822788819,3,935,2935,-2.09859936164936,-2.25796213388441,-2.53463274149705,-3.11869086427356,-4.95673748569566
-1.31207973578587,3,936,2936,-1.6905989379941,-1.78974667579996,-1.956927403525,-2.29349449638276,-3.25978161843678
-0.565320572315927,3,937,2937,-0.632713531268633,-0.647352625698006,-0.670001606606968,-0.709614955078556,-0.796376256738964
-0.743454068514464,3,938,2938,-0.85120150378587,-0.875571775060163,-0.9139852244207,-0.983268963890195,-1.14436002284164
-0.341899371898343,3,939,2939,-0.375261718832235,-0.382202332471652,-0.392725664532558,-0.410517380464749,-0.446936356339918
-1.21759180720063,3,940,2940,-1.5305428381266,-1.6103995520991,-1.74343346739038,-2.00604144079969,-2.73201944871798
-1.48067077417,3,941,2941,-2.00469071641918,-2.14879964523269,-2.39736471513201,-2.91656453665337,-4.51724140969467
0.166784387280398,3,942,2942,0.181508152780528,0.184502152130379,0.188992490273784,0.196444310587079,0.211123656396062
-0.055864464886141,3,943,2943,-0.0606534018379602,-0.0616205110124906,-0.0630661414855326,-0.0654514465854175,-0.070093778948421
-0.0195003032967441,3,944,2944,-0.0211664315919034,-0.021502636987015,-0.0220050048750594,-0.0228333730254486,-0.0244433233142714
-1.1092080665209,3,945,2945,-1.35882734839407,-1.42069800806182,-1.52239825707814,-1.71882966098371,-2.23965455105671
-1.16193805407488,3,946,2946,-1.44089338457115,-1.51101201242024,-1.62701581876499,-1.85343805370573,-2.4659797285337
1.00502000778363,3,947,2947,1.20410590234485,1.25213277390112,1.33010237281882,1.47768243087508,1.85411110187547
-2.38344885629429,3,948,2948,-4.80583845186479,-5.7144810321718,-7.53717809914491,-12.4149776737856,-37.1089623546266
-0.572349085215884,3,949,2949,-0.641076193316926,-0.656027806661637,-0.679176604803014,-0.719711543277228,-0.808695286926889
-0.0140488266419935,3,950,2950,-0.0152489091918224,-0.0154910592644036,-0.0158528777744537,-0.0164494639909121,-0.0176088335176471
1.84093563141375,3,951,2951,2.84028851546404,3.14817671876882,3.70859386475746,4.98647827877428,9.66559835749884
0.933034176747064,3,952,2952,1.10236276988209,1.14247261196462,1.20704751952808,1.3276206050359,1.62724480936518
-0.615197773828914,3,953,2953,-0.692479788173809,-0.709451648408341,-0.735843011623885,-0.782390855454893,-0.886027613582687
-0.87252092467354,3,954,2954,-1.01972971532441,-1.05407921859886,-1.10900077849698,-1.21040268579468,-1.45701383931958
-1.3744399140067,3,955,2955,-1.80220852978338,-1.91625739400225,-2.11015058286479,-2.50574398018368,-3.67112258826478
-0.172142677540601,3,956,2956,-0.187371895244041,-0.19047021357466,-0.195118117124641,-0.202834594533166,-0.218048377559232
0.562209011592501,3,957,2957,0.629017337429106,0.643519707636357,0.665950180257947,0.705161092931015,0.790953953764641
1.25096108973317,3,958,2958,1.58589220193279,1.67214314126634,1.81643746977581,2.10323651230632,2.90661991536591
-0.64436832158528,3,959,2959,-0.727910690622277,-0.746377921344179,-0.775181484324215,-0.826238278318569,-0.941025363863637
-0.500814760379377,3,960,2960,-0.556804709163353,-0.568802799209563,-0.587248960700994,-0.619174125821078,-0.687663027120072
-1.16910089406465,3,961,2961,-1.45225198573591,-1.5235622451193,-1.64164195402509,-1.87244811736062,-2.49857602003964
-0.174435623753719,3,962,2962,-0.189882073934013,-0.193025268682004,-0.197740984690488,-0.205571450480881,-0.221015770271814
0.783222731002895,3,963,2963,0.902096799380661,0.929239235644745,0.972208258889901,1.05026218161857,1.23425088595467
-0.313272650672131,3,964,2964,-0.343224981834015,-0.349427821656038,-0.358812220272424,-0.374620142422155,-0.406736756146455
-0.212530318181928,3,965,2965,-0.23167544886636,-0.235586795864292,-0.24146617050625,-0.251260967190565,-0.270712177622372
-0.72754696862139,3,966,2966,-0.83108120853205,-0.854410998674065,-0.89112124397125,-0.957146282175252,-1.1098259539853
0.685220090364694,3,967,2967,0.778167945394346,0.798906957559163,0.831393152619622,0.889387441129154,1.02157810399048
1.4057357285986,3,968,2968,1.86017245368544,1.98242908034423,2.19115036120226,2.61991281357243,3.89976219006206
0.775523626816019,3,969,2969,0.892175625672142,0.918761688673612,0.960814409875446,1.0370981918901,1.21643580464293
-0.209771775549151,3,970,2970,-0.228643007794932,-0.232497199955612,-0.238289798984373,-0.247937563396765,-0.267086597848614
-0.500635133040038,3,971,2971,-0.556595341399803,-0.568586617221245,-0.587021986298948,-0.618927558894679,-0.687370547087729
-1.48417909095331,3,972,2972,-2.01166501494337,-2.15687838371699,-2.40747060389986,-2.931320024616,-4.54881829396105
1.01365207034441,3,973,2973,1.21657594188796,1.26563713175673,1.34536671280283,1.49652759555708,1.8833113767239
0.935143709797089,3,974,2974,1.10528941870548,1.1456141530668,1.21055075690495,1.33184713488752,1.63349706078894
-0.104914571836616,3,975,2975,-0.113993814586879,-0.115831436383566,-0.118581272434858,-0.123127013515166,-0.132008985666351
-0.532565328091909,3,976,2976,-0.593983608835404,-0.607232032488506,-0.627663100980521,-0.663205120040829,-0.740228349752182
-1.34187703032411,3,977,2977,-1.74330152749064,-1.84933733722659,-2.0288315706351,-2.39248764256702,-3.44938550996143
0.691571146921423,3,978,2978,0.786051322497997,0.807163181060801,0.840255728917945,0.899398164050714,1.03449635435458
0.248548430123978,3,979,2979,0.271367813119565,0.276050219902928,0.28310335258055,0.294895776740745,0.318488724933195
-0.643519190874862,3,980,2980,-0.72687409967935,-0.745296353490516,-0.774027221898577,-0.824947711193542,-0.939395800138975
-1.03194733716983,3,981,2981,-1.24320608497939,-1.29452348192206,-1.37809981798441,-1.53711189953162,-1.94673292699288
-2.31192023028653,3,982,2982,-4.47638648293111,-5.26609990181004,-6.82814980678864,-10.9121607513849,-30.6222296932725
-0.243876992636385,3,983,2983,-0.266209027616529,-0.270788691387442,-0.277685088340923,-0.289209813106663,-0.312243830221424
-1.68646399542286,3,984,2984,-2.4496691104565,-2.67325639463928,-3.07056755578002,-3.94169477628576,-6.89384514089891
-2.15446668104802,3,985,2985,-3.83742662502326,-4.41620658980229,-5.52770447882698,-8.29522326231863,-20.3857901159859
-1.32576684310373,3,986,2986,-1.71466799288085,-1.81692853849673,-1.98966640007494,-2.33843277952382,-3.3453623784933
-1.68698804811005,3,987,2987,-2.45090446388637,-2.67473741341244,-3.07251654646898,-3.9447821436935,-6.90153789989452
-1.60680149918098,3,988,2988,-2.26826517822924,-2.45726366735906,-2.78916482926565,-3.50299959759825,-5.83257890920934
0.391064719746531,3,989,2989,0.430709741848653,0.439027381175649,0.451688987044185,0.473240948266262,0.517964528333764
2.54241767892775,3,990,2990,5.64372757758478,6.88317382563051,9.45191787427826,16.7104103769147,57.8222191553878
0.660203643576637,3,991,2991,0.747300990027651,0.766623426389048,0.796810843542763,0.85046723403282,0.971741788260803
0.556604637299046,3,992,2992,0.62236914613975,0.636627748255213,0.658668879088569,0.697163430253992,0.78123552366849
-1.49908045199288,3,993,2993,-2.04150447610869,-2.19149475820903,-2.45086901118654,-2.99491316842903,-4.6858272325113
-0.478096700743743,3,994,2994,-0.530408428487687,-0.541566837421265,-0.55868525872242,-0.588206281933819,-0.651088181365251
-0.780482856016096,3,995,2995,-0.898562338848202,-0.92550566797544,-0.968146665277551,-1.04556655225063,-1.22788763843622
-1.31669108561721,3,996,2996,-1.69868194123396,-1.79886886094243,-1.96790339432219,-2.30853521985148,-3.28833407461252
-0.868915927909429,3,997,2997,-1.01488474729256,-1.04891469128932,-1.10330320155385,-1.20365426753478,-1.44739904805332
1.50750402763602,3,998,2998,2.05852941011341,2.21128256226687,2.47574657745409,3.03153286154556,4.7653960322087
1.94842518253559,3,999,2999,3.14751133216018,3.53068000252918,4.24052200699239,5.90648800728606,12.3673473289395
1.29948257563111,3,1000,3000,1.66865181626098,1.76500946556941,1.92721991919495,2.25291316578337,3.18320402468135
0.291663252036529,4,1,3001,0.319150305898536,0.324824134025991,0.333394923088336,0.347794373814511,0.37689210714533
1.56033685569273,4,2,3002,2.16798835989392,2.33915032979636,2.63771494772635,3.27286322991185,5.30187185853033
0.985293478617194,4,3,3003,1.17583102907,1.22156478498101,1.29564048935904,1.43532397355055,1.78905511154808
-1.24969322292392,4,4,3004,-1.58376641355923,-1.66976637236947,-1.81361759876274,-2.09946090285412,-2.89976335133507
1.43614741554752,4,5,3005,1.9178216955298,2.04855836606819,2.27268016909258,2.73617889172654,4.13779040053358
0.323092371383114,4,6,3006,0.354195266891793,0.360646260310853,0.370413200342444,0.386885882105918,0.420437778911335
0.518306911895357,4,7,3007,0.57724472401259,0.589920204859992,0.60944060142302,0.643319941603109,0.71640567027937
0.411655715122964,4,8,3008,0.454108108041764,0.463048182625836,0.476681317748714,0.49995609291622,0.548544744338069
-0.997535098192745,4,9,3009,-1.19334131990882,-1.24048666504448,-1.31695803814605,-1.46149553114199,-1.82915610373358
1.6851359298869,4,10,3010,2.44654099876831,2.6695068258323,3.06563436990436,3.93388315030367,6.87439472812135
1.38834111576801,4,11,3011,1.82778863330593,1.94542022462629,2.14577629476298,2.55579242945044,3.77072471302514
0.614492842454973,4,12,3012,0.691628063495312,0.708565027979625,0.734900219193771,0.781343417038969,0.884722989251398
-1.69903630858546,4,13,3013,-2.47946379623103,-2.70901387985578,-3.11769666839818,-4.01653643884432,-7.08119030125256
0.269350092026246,4,14,3014,0.294381972445667,0.299532649585928,0.307301429824932,0.320319846616348,0.346487742675386
1.00315037595639,4,15,3015,1.20141287343224,1.24921822546738,1.32681118002177,1.4736258608365,1.84784620832133
1.17656072518056,4,16,3016,1.46413686431529,1.53670704615297,1.65698411611124,1.89243904858048,2.53302220909636
1.80627022468513,4,17,3017,2.74774479359737,3.03447926992582,3.55351803931429,4.72641893540719,8.94500366953361
-1.50092829907834,4,18,3018,-2.04522938507911,-2.19582183982774,-2.45630477065235,-3.00290430413048,-4.70314889039883
-1.64108781729365,4,19,3019,-2.3448177584718,-2.54805096722135,-2.90675341758497,-3.68459012321969,-6.2641204179647
0.419227354430291,4,20,3020,0.462740113540758,0.471916387710723,0.4859189653868,0.50985108414475,0.559923777045239
0.132750729965651,4,21,3021,0.144329777592078,0.146677698420665,0.150194291530228,0.156016534073909,0.167429684779441
-0.710645171718787,4,22,3022,-0.809845312686384,-0.832110268336999,-0.867081399491087,-0.929791010671158,-1.07396953180068
-1.95544479737474,4,23,3023,-3.16871639052029,-3.55736068441223,-4.27819488477588,-5.97322671300074,-12.572230933892
-0.845703790492967,4,24,3024,-0.983888672988229,-1.01592104014493,-1.06698366899619,-1.16079761200527,-1.38680861053509
-0.650205910632205,4,25,3025,-0.735045699169418,-0.753824547259541,-0.78313200131145,-0.835134308588977,-0.952276143427879
0.230495993537008,4,26,3026,0.251450352239788,0.255740355875669,0.262195425235993,0.27296794822119,0.294437881663805
1.4863865323518,4,27,3027,2.016063162661,2.16197536624343,2.41385090831131,2.94064616585543,4.56881785986682
-0.988849206561185,4,28,3028,-1.180905021855,-1.22704497419952,-1.30180961378174,-1.44288758324287,-1.80061295813283
0.978864160597592,4,29,3029,1.16668133584586,1.21168846443974,1.28453265487997,1.42172627404349,1.76834083987517
0.461979017920327,4,30,3030,0.511779857709259,0.522368730469712,0.538589127247938,0.566491469031432,0.625629858573907
0.931878126584374,4,31,3031,1.10076028516844,1.14075278165047,1.20513022494344,1.32530858297562,1.62382803491313
-2.35539924619317,4,32,3032,-4.67343955258028,-5.53349325276773,-7.24917252192777,-11.7984374539429,-34.3969575317131
1.216945726281,4,33,3033,1.52948330657273,1.60922046807899,1.74204442214809,2.0042032769274,2.72875578994179
-0.243076734815025,4,34,3034,-0.265325620464841,-0.26988776912567,-0.27675745679863,-0.288236592122504,-0.31117554233845
-0.148010410987565,4,35,3035,-0.160986142677739,-0.163620402302468,-0.167568119098212,-0.174110613679801,-0.186962292354721
-0.923613399852503,4,36,3036,-1.08933173170087,-1.12849386953117,-1.19147495804639,-1.30886500056528,-1.59959596099056
-0.715846154249888,4,37,3037,-0.816364579065445,-0.83895282063086,-0.874451518931176,-0.938165572362729,-1.08491344341155
0.814537185759846,4,38,3038,0.942798987186192,0.972306572304376,1.01918148286383,1.10481380562922,1.30887554360774
1.1078523902471,4,39,3039,1.3567524335387,1.41842275629904,1.51977704036982,1.7154878693734,2.2341363752295
0.524747323376775,4,40,3040,0.584796764668225,0.597728682653987,0.617656446345416,0.652278874130721,0.727121426680609
0.868064236834458,4,41,3041,1.01374134386039,1.04769616244615,1.10195939707772,1.20206362082679,1.44513571202457
1.35954118717072,4,42,3042,1.77508249371174,1.88540028144516,2.07257923161203,2.45324611537422,3.56770674363069
-0.247066421331408,4,43,3043,-0.269730827177865,-0.274380545843639,-0.281383801273651,-0.29309100510124,-0.316505891263197
-1.17502108270808,4,44,3044,-1.46167928052694,-1.53398783490225,-1.65380840562801,-1.88829686049731,-2.52587071565603
-0.0468868771290599,4,45,3045,-0.0509017496914881,-0.0517123258644476,-0.0529238172165076,-0.0549223495444974,-0.05881012261354
-1.18457667751053,4,46,3046,-1.47697133281601,-1.55091714177876,-1.67359625739762,-1.91414269043029,-2.57061408629623
-1.15743627295617,4,47,3047,-1.43378099487953,-1.5031596751264,-1.61787560683284,-1.84158197347691,-2.44572929461554
-0.147011596396047,4,48,3048,-0.159895276447275,-0.162510635183139,-0.166429873169412,-0.172924730534518,-0.185681021644863
0.313832834483032,4,49,3049,0.343850279748625,0.350067142082605,0.359473142189664,0.375318559702217,0.407515953941026
0.317189311451762,4,50,3050,0.347598217800735,0.353899436344977,0.363435423900774,0.379506578454694,0.412190749543004
-0.505949479853036,4,51,3051,-0.562794095567617,-0.574988180452788,-0.593744879372721,-0.626234140654908,-0.696046448271116
1.70871021990188,4,52,3052,2.50261620429568,2.73685402018494,3.15449560055332,4.07524085552113,7.22939360184734
0.364379090969517,4,53,3053,0.400543743739379,0.408095777647255,0.419566590112017,0.439018930585739,0.479082269959354
-0.473992450378146,4,54,3054,-0.525657186629316,-0.536668551696399,-0.553554917448334,-0.582657078563849,-0.644567776246663
1.04301087021022,4,55,3055,1.25944455265704,1.31216956075218,1.39815101135774,1.56208874117862,1.98612850848291
-0.923076330660548,4,56,3056,-1.08859074479545,-1.12769943942375,-1.19059071296128,-1.30780158750459,-1.59803301144367
-0.305200945438054,4,57,3057,-0.334221917802615,-0.340224467620156,-0.349300519077986,-0.364573780212231,-0.395540827917561
0.562568994124537,4,58,3058,0.629444770140135,0.643962907468424,0.66641857367675,0.705675871982578,0.791580293487506
-1.69118394908277,4,59,3059,-2.46081606072802,-2.6866249612143,-3.08816979476237,-3.96960222152122,-6.96349334045066
-0.975363661113422,4,60,3060,-1.16171308874934,-1.20632880725238,-1.27851010005075,-1.41436501031152,-1.75716136096857
1.02271935494109,4,61,3061,1.22973971560332,1.27990810519139,1.36152412971644,1.51653104273576,1.91447940897122
2.21418466130278,4,62,3062,4.066905220823,4.71832022988711,5.98313089438235,9.19001930015531,23.7261837099153
0.738668040898471,4,63,3063,0.845133931367029,0.869187165606569,0.907081248010079,0.975370088969426,1.13388737126508
0.523980968294728,4,64,3064,0.583897381600889,0.596798583620228,0.616677533165496,0.651210860184806,0.725842506806144
0.217480459389446,4,65,3065,0.23711964441347,0.241134198856251,0.247170348474218,0.257231011163369,0.277229552721343
0.431558762045021,4,66,3066,0.476831915645938,0.486401626056044,0.501020493318372,0.526051786893864,0.578617090889015
0.354950462335334,4,67,3067,0.389925833649448,0.397217828091266,0.408285284097411,0.427029560304699,0.465534376132015
-0.0194572410872791,4,68,3068,-0.0211196867271803,-0.0214551488439048,-0.0219564059871489,-0.0227829422669165,-0.0243893309074181
0.107695491017984,4,69,3069,0.117021978967946,0.118909956666379,0.121735372664382,0.126406702936766,0.135536734910323
0.930889882763805,4,70,3070,1.0993911678915,1.13928358606398,1.20349264758934,1.32333449544624,1.6209125561947
-0.458222771159742,4,71,3071,-0.507449827922597,-0.517908979756218,-0.533925135939827,-0.561460198414823,-0.619752871202718
0.882347882388213,4,72,3072,1.03297999676654,1.06821363225467,1.12461139390957,1.22892783911616,1.48351114592107
0.400476680667047,4,73,3073,0.44139131580057,0.449989917516798,0.46308969449808,0.485417605653219,0.531877551464157
-0.963536786174725,4,74,3074,-1.14499629409255,-1.18831123090321,-1.25829193646614,-1.38971059111408,-1.71989505402376
-2.32518901082864,4,75,3075,-4.53549806349273,-5.34606022753024,-6.9534814172461,-11.1740916966984,-31.7223406873933
-0.910576589371165,4,76,3076,-1.07140224899067,-1.10928466041347,-1.17011698611647,-1.28322657806151,-1.56205424577655
-0.0784921552298793,4,77,3077,-0.085245490586169,-0.0866104828847976,-0.0886517205719932,-0.0920222223954913,-0.0985920061731883
-1.08337959275675,4,78,3078,-1.3195863003081,-1.37773626017964,-1.47302293245004,-1.65613483452346,-2.13694611345482
-0.3895513752335,4,79,3079,-0.428994353363615,-0.437267362409485,-0.449859422644844,-0.471288389676485,-0.51573742532692
-1.23669724786037,4,80,3080,-1.56208122578879,-1.64554558118072,-1.7849253171006,-2.06114124278648,-2.83051223954394
-0.734809862626698,4,81,3081,-0.840251405835233,-0.864051574447798,-0.901531335490104,-0.969027257697426,-1.12549687123989
-1.16895512865865,4,82,3082,-1.45202031880055,-1.52330615199457,-1.64134328574632,-1.87205946087699,-2.49790803526468
1.39544344632139,4,83,3083,1.84096026107734,1.96046097313063,2.16419471487433,2.58176964099978,3.82280901322552
1.66749195959443,4,84,3084,2.40532618007356,2.62018533939482,3.00090044409968,3.83177295521325,6.62196573903793
1.30730880199547,4,85,3085,1.68226393760352,1.78034663966068,1.94562890131905,2.27803839692937,3.23053651435511
-0.258219676035582,4,86,3086,-0.282058934653721,-0.286956822696754,-0.294339007407196,-0.306694388861514,-0.331466634123072
0.418234610567744,4,87,3087,0.46160746150961,0.470752536677738,0.48470629184778,0.508551473166396,0.558427605076421
-0.296045436957164,4,88,3088,-0.324025241525893,-0.329804510600234,-0.338537257981697,-0.353216489493704,-0.382911458128974
0.869189324664853,4,89,3089,1.01525188492268,1.04930597455442,1.10373475214362,1.20416517055558,1.44812625092874
0.819662514545093,4,90,3090,0.949515642471682,0.979426434759503,1.02696889045409,1.11390159030736,1.32143304949365
0.757913596486876,4,91,3091,0.869606804510583,0.894956174415872,0.934975722016745,1.00734264874684,1.17644115620144
-0.227641173653792,4,92,3092,-0.248305013299215,-0.25253408135444,-0.258896412803456,-0.26951116800767,-0.290654259914826
0.175456398456035,4,93,3093,0.190999740004958,0.19416295909423,0.198908939664894,0.2067902950765,0.222337606074636
0.0899650495191568,4,94,3094,0.0977234669185591,0.09929246620523,0.101639400956295,0.105516445471723,0.113080887198685
0.876299615570143,4,95,3095,1.02481723474667,1.05950443894849,1.11498960339458,1.21750350539336,1.46715247482181
0.074792822787506,4,96,3096,0.0812234905134379,0.0825230556789412,0.0844663010826677,0.0876745655394361,0.0939263381278111
-0.732252190113113,4,97,3097,-0.837018947954035,-0.860652578532632,-0.897859803186296,-0.964834519611724,-1.1199598976539
-2.22532213451991,4,98,3098,-4.11137072385622,-4.77727295036417,-6.07290252300193,-9.36923182545669,-24.4157106255035
-1.90132329359254,4,99,3099,-3.008946487331,-3.35721460298569,-3.99737825036875,-5.48070451624621,-11.0881188915827
-3.22735837180184,4,100,3100,-11.9857503286862,-16.7109392972489,-28.2646724914301,-71.4171235422762,-509.544335742882
-0.478302372646847,4,101,3101,-0.530646660992425,-0.541812475328726,-0.558942587047558,-0.588484722169023,-0.651415618660644
0.257418219094683,4,102,3102,0.281172390364682,0.286052276607122,0.293406954330531,0.305715226550559,0.330388584721031
0.638704332054054,4,103,3103,0.721002292586399,0.739171182378372,0.767492708921614,0.817646149363995,0.930188744723051
0.298212702644718,4,104,3104,0.326437530658565,0.332269286121315,0.341082691920035,0.355901370307111,0.385894465853305
-0.0450176802913186,4,105,3105,-0.0488716967575881,-0.0496497589744359,-0.0508126271917268,-0.0527308696607978,-0.0564621291668764
0.0833889814011099,4,106,3106,0.0905704639477589,0.0920223200998362,0.0941936916380176,0.0977797450983533,0.104772456643444
-0.0986154100897349,4,107,3107,-0.107136451785301,-0.108860471982094,-0.1114398634991,-0.115702557843064,-0.124026189262262
1.22601198671383,4,108,3108,1.54439299829191,1.62582233721898,1.76162012506941,2.03014690843219,2.77495106317306
0.270967909563622,4,109,3109,0.296174869973068,0.301362730780089,0.309188428667989,0.322304610546833,0.34867890448415
-0.526141739619579,4,110,3110,-0.586433756104885,-0.599421704046602,-0.619438524960002,-0.654223549702953,-0.729451153011246
-0.354034611668339,4,111,3111,-0.38889554639237,-0.396162562041712,-0.407191302650624,-0.425867702608455,-0.464223473217725
-0.337973995555449,4,112,3112,-0.370858530026487,-0.377695349947067,-0.388058158947274,-0.405569442142872,-0.441376771370915
-0.276731537585436,4,113,3113,-0.302565893909536,-0.307887156395359,-0.315917163487541,-0.329384589357297,-0.356501694295755
-0.615207234623892,4,114,3114,-0.692491220478545,-0.709463549434299,-0.735855667192319,-0.78240491681481,-0.886045130427679
0.415690769130114,4,115,3115,0.458706330782444,0.467771778643221,0.481600959819948,0.505224408173364,0.554599609556239
-1.28481900845779,4,116,3116,-1.64334767344837,-1.73654564283909,-1.89313992081001,-2.20658932740617,-3.09661422602551
1.43852051121117,4,117,3117,1.92237667385913,2.05379680447312,2.27916329021449,2.74548178921688,4.15705947756345
-0.470913486766478,4,118,3118,-0.522096295602747,-0.532998261109641,-0.549712069769153,-0.578503025741818,-0.63969326463662
-0.702445121277954,4,119,3119,-0.799594204410729,-0.821357232448342,-0.855510031916461,-0.916663902654995,-1.05687363114347
0.631172951988421,4,120,3120,0.711837977953434,0.729616197359174,0.757307088667187,0.806280421932335,0.915898767499271
-1.25656034321315,4,121,3121,-1.59530219839032,-1.68266931044537,-1.82893530988069,-2.11999080922345,-2.93711784281694
0.142033766412832,4,122,3122,0.154460035058434,0.156981535600562,0.160759397450849,0.167017897292006,0.179301428269086
-0.694018266267992,4,123,3123,-0.789094044536564,-0.810351026722247,-0.843679730066026,-0.903269765205442,-1.0395034614556
-1.80473370909233,4,124,3124,-2.74371186191104,-3.02954089675357,-3.54681494315102,-4.71526416769387,-8.9145370594881
1.37951169172911,4,125,3125,1.81151078409146,1.92685529763605,2.12308396036756,2.52388309732528,3.70710784264093
0.370405836298007,4,126,3126,0.407341507998335,0.415062560388031,0.426795846632898,0.446709808508188,0.487792839669373
-1.19908567949312,4,127,3127,-1.50037183158899,-1.5768660059732,-1.7040027911891,-1.95402434683634,-2.64021747921939
0.0782501385288503,4,128,3128,0.0849823443786468,0.0863430513128036,0.0883778699918392,0.0917377424692503,0.0982866830212506
0.0905758679760392,4,129,3129,0.0983879938714141,0.0999679039877573,0.10233119494055,0.106235361005668,0.113853138011355
-1.24024081737213,4,130,3130,-1.56797522776106,-1.65212431393566,-1.79271064461686,-2.07152132100434,-2.84921021536858
1.00465904699777,4,131,3131,1.20358575477687,1.25156978954496,1.32946654606571,1.47689855555828,1.85289992737428
-0.163465951447599,4,132,3132,-0.177878190249146,-0.180807962299932,-0.185201338746773,-0.192490433887654,-0.206841745158681
-1.697735954123,4,133,3133,-2.47636677944764,-2.70529339421036,-3.1127859056083,-4.00872009920127,-7.06154030922783
-2.09664486297419,4,134,3134,-3.62875150589157,-4.14466873242373,-5.12519789139131,-7.52516939096445,-17.6527317853353
0.887721503234921,4,135,3135,1.0402526054491,1.07597787340151,1.13319737498962,1.23913898288831,1.49818160155644
-0.200356931581191,4,136,3136,-0.218300803769819,-0.221961809072514,-0.227461333161208,-0.236613172400623,-0.254745701915094
-1.34786142083072,4,137,3137,-1.75402289003618,-1.8614924486231,-2.04355726211722,-2.4128947305048,-3.48896196159359
-0.592371757976552,4,138,3138,-0.665004726024093,-0.680875272625644,-0.705496563678412,-0.748754885975493,-0.844343254277502
-0.0439827341092837,4,139,3139,-0.0477477291687675,-0.0485077994347438,-0.0496437629635033,-0.0515175827088152,-0.0551622635343447
-0.833478478466474,4,140,3140,-0.967700144349476,-0.998721152429267,-1.04810410911274,-1.13862966452182,-1.35578511404681
0.304734874642779,4,141,3141,0.333702457608761,0.339693541903674,0.34875195333447,0.363994659261598,0.394896142210053
-0.506850514679298,4,142,3142,-0.563846012409159,-0.576074732149186,-0.594886330992858,-0.627475388279523,-0.697522124689724
-1.30905167882772,4,143,3143,-1.68530555102964,-1.7837761366369,-1.94974964342333,-2.28367235499912,-3.24118548196634
-1.94427862425871,4,144,3144,-3.13505423787584,-3.51502274941243,-4.21844792172008,-5.86747766229904,-12.2481306860058
-1.828348699125,4,145,3145,-2.8063376532873,-3.10638182655454,-3.65142236661713,-4.89016036641846,-9.39642235282235
0.996824414376105,4,146,3146,1.19232154548128,1.23938392327741,1.31571437118702,1.45996594846818,1.82680401862178
-2.59358068603203,4,147,3147,-5.94896721882903,-7.31832063551552,-10.187502924439,-18.4445836343951,-67.0201579032016
-1.12291867340742,4,148,3148,-1.37990868810077,-1.44383765575714,-1.54909651714194,-1.75295330540873,-2.29628155117245
0.549526692014761,4,149,3149,0.613989640337272,0.627944903344879,0.649501982839299,0.68710719105791,0.76904863552094
-0.35233483031788,4,150,3150,-0.386983878219686,-0.394204664061576,-0.405161765699628,-0.423712607497859,-0.461792839316427
0.49822688682305,4,151,3151,0.553789395720989,0.565689587904735,0.583980725108265,0.615624537805296,0.683454456840611
-0.821510826592745,4,152,3152,-0.951941685598453,-0.98199902321418,-1.02978421559914,-1.1171901311213,-1.32598604346079
-0.561325301982818,4,153,3153,-0.627968253640058,-0.64243197380525,-0.664800694677569,-0.703897927966072,-0.789417452675028
-0.743616915589646,4,154,3154,-0.851408168577662,-0.875789288189717,-0.914220515273692,-0.983538328229969,-1.14471762266838
-0.71478968525992,4,155,3155,-0.815039229294947,-0.837561489676922,-0.872952483086454,-0.936461382455509,-1.08268403279608
0.158356276419501,4,156,3156,0.172291018619598,0.175122444415108,0.179367421653531,0.186407668321938,0.200258155935709
1.77008023429842,4,157,3157,2.65426167428897,2.92036411045113,3.39932520047622,4.47166289378313,8.25843075370956
1.69914114986595,4,158,3158,2.47971364889028,2.70931406803213,3.11809296592732,4.01716739772352,7.08277736048867
-0.208479493102972,4,159,3159,-0.227222758114095,-0.231050262297524,-0.236802352932105,-0.246381510691398,-0.265389672522555
0.0573759674230054,4,160,3160,0.0622954912763468,0.0632890205007441,0.0647741786024923,0.0672248048628258,0.0719946788912379
-0.538867024431315,4,161,3161,-0.601404400850853,-0.614912177656016,-0.635756084297737,-0.672053619399948,-0.750873774649554
0.16124548357235,4,162,3162,0.175449898652818,0.178336852242592,0.18266560748087,0.189846310475315,0.203979353381337
-1.78192292286008,4,163,3163,-2.68451020524857,-2.95720688231262,-3.44894633740442,-4.55322441404519,-8.4761268145424
-0.162160124498181,4,164,3164,-0.176450084552916,-0.179354660453414,-0.183710009153534,-0.190935313011129,-0.205158145410062
-0.210904314346534,4,165,3165,-0.229887875732988,-0.233765502444677,-0.239593677293873,-0.249301710421315,-0.268574562806801
0.52278011551899,4,166,3166,0.582488489058011,0.59534167037595,0.615144315676272,0.649538395472426,0.723840573946229
0.069318984618641,4,167,3167,0.0752733623998698,0.0764764050830225,0.07827512505634,0.0812442235228986,0.0870276539181169
0.617005928446006,4,168,3168,0.694665421468161,0.71172705197972,0.738262944651101,0.785080115934913,0.889379134477144
-0.216396247636539,4,169,3169,-0.235926938648148,-0.239918816381535,-0.245920510632977,-0.255922717284326,-0.275800814056001
-0.605144322408796,4,170,3170,-0.680352383090732,-0.696831953447487,-0.722431389903118,-0.767505437922437,-0.86752697985335
-0.376080601740696,4,171,3171,-0.413750146429082,-0.421632387940852,-0.433616208869086,-0.453971421859857,-0.496031767546724
-1.14175266092698,4,172,3172,-1.40915941853323,-1.47601345601414,-1.58634206796737,-1.80081913951886,-2.37656996435231
-1.44644986752893,4,173,3173,-1.93765688497924,-2.07138410812178,-2.30095589019501,-2.77681471467571,-4.22220104138728
1.66900963334322,4,174,3174,2.40884641450878,2.62439205597507,3.00641031648863,3.8404354430352,6.64324878035311
-0.0441799593681707,4,175,3175,-0.047961916582462,-0.04872541492972,-0.0498665046425369,-0.0517487880816992,-0.05540996349749
1.35303898092119,4,176,3176,1.76333638030371,1.8720603282935,2.05637623347724,2.43069627869824,3.52362128944708
-0.592144947161839,4,177,3177,-0.664732783229252,-0.680592678123552,-0.705196877308158,-0.748423518421252,-0.843934743552773
0.756069438857669,4,178,3178,0.86725316011141,0.892475857189168,0.932287432038362,1.00425456775849,1.17231212533898
-0.111432466730412,4,179,3179,-0.121092018077279,-0.123047868284054,-0.125975182647965,-0.130815913118251,-0.140280860993942
1.48700261441238,4,180,3180,2.01729202530076,2.16339981134392,2.41563460472546,2.94325483817176,4.57441781179881
-0.955299630897919,4,181,3181,-1.13341563168655,-1.17584404332578,-1.24432715090082,-1.37273367598411,-1.69439135908691
1.43375540712314,4,182,3182,1.91323879536873,2.04328979956285,2.26616341344747,2.72683624735936,4.11847214997511
0.0670643257058938,4,183,3183,0.0728229014048252,0.0739862818288574,0.0757256275245566,0.0785965082975977,0.0841877580168224
0.118971057675411,4,184,3184,0.129305473942895,0.131398988837625,0.134533081929319,0.139717855367201,0.14986417138074
-0.701528621880637,4,185,3185,-0.79845052878255,-0.820158042966898,-0.854220391187038,-0.915202476883248,-1.05497478206205
-0.505231892069304,4,186,3186,-0.561956538874269,-0.574123092273758,-0.592836155965218,-0.625246112805194,-0.694872192184806
-0.446783526531393,4,187,3187,-0.494289037348276,-0.504359956868443,-0.51976553602686,-0.546204577087494,-0.601981840795905
-1.30037028519029,4,188,3188,-1.67019204068888,-1.76674399215122,-1.92930024378023,-2.25574886897487,-3.18853318481499
-1.38198068979064,4,189,3189,-1.81605187200724,-1.93203188006231,-2.12940678011984,-2.53276342555207,-3.72477223664182
0.44877475259357,4,190,3190,0.496577164637325,0.506714934261782,0.522225575855467,0.548852998477784,0.605061703693176
1.61227636422004,4,191,3191,2.28033993733139,2.4715483195022,2.80759911879735,3.53130112000399,5.89910295200633
0.648649315512112,4,192,3192,0.733141661659247,0.751837003757389,0.78100938693332,0.832758124268572,0.949267908558495
-0.653434798293693,4,193,3193,-0.738998758944907,-0.757951790032754,-0.78754107885952,-0.840072757777222,-0.958535394858719
-0.960150263589005,4,194,3194,-1.1402290268069,-1.18317757510021,-1.25253912871293,-1.3827117907664,-1.70936547251501
-0.682265635667523,4,195,3195,-0.774507244418138,-0.795074663879223,-0.827281981345588,-0.88474874882475,-1.01560605670202
0.317093188274431,4,196,3196,0.347490852453658,0.353789647126837,0.363321898750669,0.379386562884919,0.412056727454171
-1.19254844255537,4,197,3197,-1.48980110718446,-1.56513766468405,-1.69024826119116,-1.93595877542239,-2.60860428694697
1.17527366681126,4,198,3198,1.46208228996771,1.5344337083538,1.6543290626229,1.88897582040863,2.52704243520482
-1.52971755285311,4,199,3199,-2.10398058710439,-2.26424240872512,-2.54257663280321,-3.13049984139574,-4.98287325213537
-0.677842088964192,4,200,3200,-0.769034014817645,-0.789346695049303,-0.821140214416056,-0.877824882814387,-1.00670832047786
0.82473186516203,4,201,3201,0.956174450920785,0.986488625262153,1.03469939092878,1.12293542892772,1.33395176852698
1.70244236664011,4,202,3202,2.48759281964511,2.71878341515423,3.13059953676402,4.03709348021162,7.13296307997617
-0.292467290438096,4,203,3203,-0.320044486455051,-0.325737592502078,-0.334337984840216,-0.348788552622468,-0.37799531170575
-0.295397711342745,4,204,3204,-0.323304457573761,-0.329068083938756,-0.337776797381482,-0.352414491838161,-0.382020715884821
-0.113623107027479,4,205,3205,-0.123478349923296,-0.125474099535581,-0.128461330697202,-0.133401712247062,-0.143063853108962
0.00455703778591791,4,206,3206,0.00494622716011557,0.00502475297961495,0.0051420826942853,0.00533553415389071,0.00571144221600258
0.943558571109574,4,207,3207,1.11699570525427,1.1581875185743,1.22458465091101,1.34880518634745,1.65866299456058
-0.728177750782327,4,208,3208,-0.831876558993856,-0.855246892502859,-0.892023434174208,-0.958175101283983,-1.11118061078661
-0.742554145367458,4,209,3209,-0.850059688539507,-0.874370082457692,-0.912685414968665,-0.981781121787591,-1.14238536292559
-0.0925222305791489,4,210,3210,-0.100505638310717,-0.102120350780625,-0.104535817993101,-0.108526515355144,-0.116314514400678
0.96557518924188,4,211,3211,1.14786994215253,1.19140671078517,1.26176243181343,1.39393624300294,1.72626306228306
-0.325312680516291,4,212,3212,-0.356678450910934,-0.363186252735138,-0.373040844111487,-0.38966606485393,-0.423548232658916
-0.533671634420777,4,213,3213,-0.595285356655779,-0.608579036077904,-0.629082115827185,-0.66475584100763,-0.742091978450734
-1.09245367741425,4,214,3214,-1.33330316600584,-1.39273738517266,-1.49023497467007,-1.67792912140013,-2.17245414780567
-0.621661001531585,4,215,3215,-0.700298645969127,-0.717593135686866,-0.744504099680176,-0.792020711611372,-0.89804189288905
-0.160996845982161,4,216,3216,-0.175178020929341,-0.178060187700084,-0.182381719721814,-0.189550309742161,-0.203658972588525
0.799597324488075,4,217,3217,0.923309312516349,0.951667703717901,0.996642671158843,1.07858208198934,1.27283034856835
1.06605241113086,4,218,3218,1.29359795836308,1.3493626608197,1.44055109628329,1.61519572813298,2.07081299142596
0.318829707154039,4,219,3219,0.349430754959931,0.355773411978558,0.365373277239682,0.381555429795089,0.414479235134056
1.1234206967844,4,220,3220,1.38068396199645,1.44468941928965,1.55008066617057,1.75421416068509,2.29838365177476
-1.05397242374198,4,221,3221,-1.27563542515463,-1.32978803412803,-1.41821273679487,-1.58716717710757,-2.02596289762531
-2.41429453041996,4,222,3222,-4.95645237208458,-5.92163340833291,-7.86973693004758,-13.1369453043296,-40.3717644439001
-0.960545398938523,4,223,3223,-1.14078482306078,-1.18377598297375,-1.25320952947398,-1.38352702165562,-1.71059084931269
-1.92779675845041,4,224,3224,-3.0860392714023,-3.4535355665027,-4.13200482440615,-5.71538930243722,-11.7871963905107
-0.841220180628509,4,225,3225,-0.977940792524302,-1.00959904250702,-1.06004000019046,-1.15263582242785,-1.37536127328217
-0.101836183782698,4,226,3226,-0.110642321323571,-0.112424347782178,-0.115090759652316,-0.119497933224198,-0.128106442101261
-0.620904031703804,4,227,3227,-0.699381993406442,-0.716638445438014,-0.743488124641239,-0.790890401995034,-0.896629844726437
-0.824740122372905,4,228,3228,-0.956185309773478,-0.986500144903447,-1.03471200573011,-1.12295018071007,-1.33397224012
-1.82136881014554,4,229,3229,-2.78768315640294,-3.08345848471508,-3.62014709486697,-4.83768811548345,-9.25090947426868
0.662704262480438,4,230,3230,0.750373361112827,0.76983373896924,0.800244649996935,0.854321724836938,0.976650020436077
0.667687938596175,4,231,3231,0.7565050849586,0.776242769946108,0.807103210081988,0.862027137488174,0.986479882348578
-0.078450849464423,4,232,3232,-0.0852005783785189,-0.0865648392298518,-0.0886049812819849,-0.0919736688049343,-0.0985398948161106
-0.658362754008309,4,233,3233,-0.745041015062329,-0.764262411841341,-0.794286173294476,-0.847634661046684,-0.968138652437734
-0.495844024336782,4,234,3234,-0.551014900886572,-0.562825469349091,-0.580974735691378,-0.612361216208098,-0.679589053568983
-0.161083269169721,4,235,3235,-0.175272521380266,-0.17815635180992,-0.182480394237643,-0.189653194018605,-0.20377032967931
-0.836626700416813,4,236,3236,-0.971860117025628,-1.00313893784449,-1.05294979811005,-1.14431223419208,-1.36371715831625
-1.08773417340672,4,237,3237,-1.32615963803648,-1.3849228495346,-1.4812648887584,-1.66656285830071,-2.15390972414295
-0.633200664446171,4,238,3238,-0.714302908580002,-0.732185638341587,-0.760045169289804,-0.809333884402181,-0.919732850535712
-2.16055824830771,4,239,3239,-3.86016537284665,-4.44598097670036,-5.57223867025366,-8.3816409462662,-20.7008146655226
-0.0927048060276513,4,240,3240,-0.100704291672466,-0.102322271497033,-0.104742637556674,-0.108741460443688,-0.116545448205067
-0.458122701270886,4,241,3241,-0.507334529833669,-0.517790241072068,-0.533800981705702,-0.561326309999127,-0.619596587247579
0.388799629025724,4,242,3242,0.428142456450342,0.436393351169646,0.448950957341495,0.470319007706554,0.514632136731449
-0.538849724614236,4,243,3243,-0.601384009390347,-0.614891068970546,-0.635733833422452,-0.672029276761304,-0.750844450391618
0.924693322335209,4,244,3244,1.09082230339942,1.13009209302059,1.19325411865896,1.31100517085578,1.60274300011902
1.88350651635505,4,245,3245,2.95816638388414,3.29403144143905,3.90959767586817,5.32913471617046,10.6446098340413
-0.239079385617678,4,246,3246,-0.260914393052031,-0.265389422435141,-0.272126303801309,-0.283378881239696,-0.305845911572626
-0.595509682251645,4,247,3247,-0.668769170032423,-0.684787662755774,-0.709646406350075,-0.753345032519572,-0.850006277693768
0.505256439252912,4,248,3248,0.561985187104308,0.574152681540113,0.592867236625074,0.625279903767418,0.694912346728287
-0.954443469175229,4,249,3249,-1.13221484909222,-1.17455201975891,-1.24288109611549,-1.37097813993445,-1.69176142991011
-0.714149307019938,4,250,3250,-0.814236142491723,-0.836718486155729,-0.872044328863374,-0.935429153678656,-1.08133426641102
0.870661853525329,4,251,3251,1.01723014274162,1.05141453343514,1.10606063894753,1.20691941626248,1.45204854429397
-0.535481740904216,4,252,3252,-0.597416176629986,-0.610784154554615,-0.6314054832141,-0.667295553637973,-0.745146000149051
-0.70004111990551,4,253,3253,-0.796595192433141,-0.818212854878488,-0.852128827948998,-0.912832991427312,-1.05189795627207
-2.35525335887629,4,254,3254,-4.67276197888193,-5.5325697330193,-7.24770912797875,-11.7953257587879,-34.3834468832545
0.753490098386511,4,255,3255,0.863964303926782,0.889010717901216,0.928532958047262,0.999944169370706,1.16655554490544
0.760526896427144,4,256,3256,0.872945240330646,0.898475025934363,0.938790873465996,1.01172766429737,1.18231128986971
-1.02548124567069,4,257,3257,-1.23376276235797,-1.2842726800088,-1.36647110396996,-1.52266703139519,-1.92407578310357
-0.519770663457005,4,258,3258,-0.578959863998692,-0.591693289478466,-0.611305701860332,-0.645352794036565,-0.718834706701109
-1.02429968183942,4,259,3259,-1.23204089566344,-1.28240445826068,-1.36435327755204,-1.5200395235154,-1.91996444402639
-0.540723196655023,4,260,3260,-0.60359291399498,-0.617177813422157,-0.638144555259655,-0.674667094164867,-0.754023315982514
0.616785694360275,4,261,3261,0.694399136874328,0.711449813094864,0.737968067483068,0.784752364409481,0.888970520581046
0.818741863110075,4,262,3262,0.94830798648282,0.978146009970537,1.02556795521579,1.11226579179346,1.31917004141524
0.0673621747650389,4,263,3263,0.0731466043913191,0.0743152212833965,0.0760624055359183,0.0789462517529078,0.0845628657849887
-0.385539310661878,4,264,3264,-0.424449417753955,-0.432604827104988,-0.445013711872852,-0.466118942213019,-0.50984624709541
0.142389052779243,4,265,3265,0.154847895044065,0.157376076135688,0.161163998309211,0.167439310470157,0.179756441081974
1.0862142561923,4,266,3266,1.32386334983258,1.38241187500332,1.47838437415593,1.66291662726531,2.14797283222287
-0.164448331861537,4,267,3267,-0.178952676119609,-0.181901432158774,-0.186323464247209,-0.193660639606728,-0.208108830256033
-0.901775933098442,4,268,3268,-1.05936548871876,-1.09640442404855,-1.15582268815534,-1.26612234205534,-1.53717162795425
-0.0554789601244411,4,269,3269,-0.0602346039797723,-0.0611949779751032,-0.0626305322329143,-0.0649991871888539,-0.0696090147453062
-0.717019203597729,4,270,3270,-0.817836839094687,-0.840498530309493,-0.876117143225061,-0.94005966357474,-1.08739270340293
-0.958632322723977,4,271,3271,-1.13809498049471,-1.18088017152413,-1.24996576895546,-1.37958340356122,-1.70466593408705
-2.64195560590637,4,272,3272,-6.25563890009565,-7.76023074855454,-10.9461775551568,-20.2781635224515,-77.2283154551557
-0.713630940735771,4,273,3273,-0.813586219619838,-0.836036294852176,-0.871309474356339,-0.934594018891372,-1.08024254969511
-1.13723561297051,4,274,3274,-1.40211288030063,-1.46825490344489,-1.57734810571385,-1.78923274483172,-2.3570438288843
0.533339777370531,4,275,3275,0.594894827729609,0.608174919583647,0.628656377513684,0.66429055363288,0.741532715016132
1.22685399999665,4,276,3276,1.54578227648787,1.6273703709423,1.7634473742328,2.03257278766207,2.77928513747932
0.757384178577393,4,277,3277,0.868930935587462,0.89424388610748,0.934203634541746,1.00645559127909,1.17525466756643
0.245647308687597,4,278,3278,0.268163634581473,0.272782133617196,0.279737762185652,0.291363618266542,0.314608647126912
0.854117346705785,4,279,3279,0.995083989856733,1.02782854398835,1.08007568743842,1.17621394248364,1.40851081405866
1.12797191615891,4,280,3280,1.38772335009314,1.45242590674283,1.55902413377848,1.76568194762254,2.31753463649644
0.0591297374446508,4,281,3281,0.0642008810098286,0.0652250904413793,0.0667561533881064,0.0692826494357357,0.0742007027561323
0.886008549654013,4,282,3282,1.03793222020974,1.07350013755491,1.13045656732289,1.23587768256394,1.49349103110469
0.484459635697443,4,283,3283,0.537784877034336,0.549174028160546,0.566656870687857,0.596836482337934,0.661248890295593
1.11851292492736,4,284,3284,1.37311514372317,1.4363762634456,1.5404796692943,1.74192280400124,2.27792109768931
1.19146152321819,4,285,3285,1.48804791134038,1.56319350015789,1.68797004212642,1.93297047468593,2.60338846235191
0.00951578939927489,4,286,3286,0.0103285446940783,0.0104925356873605,0.0107375659572285,0.0111415749398176,0.0119266588514687
-0.746164816352191,4,287,3287,-0.854643468964293,-0.879194846735572,-0.917905136989505,-0.987757973125576,-1.15032350684676
-0.0140016005198166,4,288,3288,-0.0151976469921825,-0.0154389825821393,-0.0157995840331521,-0.0163941633065627,-0.0175496318828293
-1.38639307655518,4,289,3289,-1.82418806260362,-1.94131159030362,-2.14075024610468,-2.54871581170486,-3.75658179654301
-0.324224440051061,4,290,3290,-0.355461240495294,-0.361941166182828,-0.371752743031253,-0.388303095581541,-0.422023119162048
0.0736677740777883,4,291,3291,0.0800004388282272,0.0812801380008022,0.083193633816846,0.0863526568299296,0.0925079591916387
-0.385010153871814,4,292,3292,-0.423850278735913,-0.431990255357755,-0.444375109988581,-0.465437893848196,-0.509070667449343
-1.64009948223304,4,293,3293,-2.3425795297809,-2.54538901149863,-2.9032912348151,-3.67920777463093,-6.25117026069325
-0.277096083383836,4,294,3294,-0.302970316013694,-0.30830006547609,-0.316343076420519,-0.329832874629405,-0.35699736009075
0.16169066522696,4,295,3295,0.175936706932661,0.178832235151308,0.183173929841508,0.190376333088197,0.204553058479026
-0.692701627060087,4,296,3296,-0.787456589311788,-0.808635388065677,-0.841836855810119,-0.901185703528448,-1.03680739715811
-0.458357614167673,4,297,3297,-0.507605195492225,-0.518068984738858,-0.534092440407957,-0.561640623707997,-0.619963485273257
-0.814396152703522,4,298,3298,-0.942614387471026,-0.972110942937128,-1.01896759965139,-1.10456438472163,-1.30853140177227
-1.16110156534047,4,299,3299,-1.43957027625518,-1.50955089051096,-1.6253144170365,-1.85122972330193,-2.46220324941979
-0.67215546500435,4,300,3300,-0.762011517686194,-0.782000521798466,-0.813268630626582,-0.86896135245083,-0.995346429495865
0.131961616059763,4,301,3301,0.143468980171428,0.145802229810818,0.149296751187845,0.155082170627771,0.166421984471775
-0.303072752635669,4,302,3302,-0.331850277337928,-0.337800560149853,-0.346796207229686,-0.361930223880559,-0.392598599567822
1.0353841677406,4,303,3303,1.24823949999856,1.29999062715297,1.38430763645317,1.54483524586659,1.95888524518527
2.02756426125777,4,304,3304,3.39541437961071,3.84478019241452,4.68854454952,6.71305913437404,14.9201491709171
0.389037646138648,4,305,3305,0.42841216786596,0.43667006042037,0.449238568782563,0.470625893617007,0.514982019449512
0.193610290863893,4,306,3306,0.21089648747358,0.214420788916995,0.219713140701133,0.228515025753728,0.245932754162976
0.398385064657285,4,307,3307,0.439015597100808,0.44755125109267,0.460552805395014,0.482706622595429,0.528776350912553
1.35735590913653,4,308,3308,1.7711286136827,1.88090842529577,2.06712065168019,2.44564327220398,3.55282040515866
1.76231941911888,4,309,3309,2.63461617864646,2.89647799500149,3.36723724949361,4.41913596284926,8.11929693137647
1.95287162724055,4,310,3310,3.16092617639531,3.54755474507911,4.26434056463184,5.94865972717163,12.4966758770569
1.1696884768792,4,311,3311,1.45318605760127,1.52459485396314,1.64284632382817,1.87401555931755,2.50127064679948
0.498398498709607,4,312,3312,0.553989284546688,0.565895950518605,0.584197337370985,0.615859746870446,0.683733200720718
-1.3557364869176,4,313,3313,-1.76820261630813,-1.87758526944118,-2.06308404283087,-2.44002496728533,-3.541834553052
-0.804545120802882,4,314,3314,-0.929749402319381,-0.958484120518742,-1.00408082690045,-1.08722736371247,-1.28467682804304
-0.792848622788292,4,315,3315,-0.914548056483251,-0.942399854661723,-0.986538548005906,-1.06685640116115,-1.25681466359386
-0.600445433584315,4,316,3316,-0.674698439524929,-0.690951844436017,-0.716187834759597,-0.760586615221217,-0.858956746623523
-0.512990639310426,4,317,3317,-0.571021594290557,-0.583488276641474,-0.602677263557366,-0.635952887952945,-0.707614849784849
-0.937509317465462,4,318,3318,-1.10857514179401,-1.1491420305281,-1.21448634748598,-1.33659845350548,-1.64053513610928
-0.726868896140544,4,319,3319,-0.830226458181732,-0.853512730575076,-0.89015182224968,-0.956040973557843,-1.10837107797844
0.351044153492194,4,320,3320,0.385532746429321,0.392718541308351,0.403621432135912,0.42207729593037,0.45994924154021
1.29265989155523,4,321,3321,1.656846025662,1.75172188772318,1.9112968696666,2.23123876576792,3.14257995211545
-0.362408117508252,4,322,3322,-0.398322464886414,-0.405819701272789,-0.417205468074703,-0.436508381692858,-0.476242254255374
0.24055939845763,4,323,3323,0.262547361588548,0.267054575219986,0.273840510279213,0.285176745285393,0.307817933839595
1.36552647544633,4,324,3324,1.78594424102623,1.89774758964511,2.08759786439485,2.47419634652183,3.60884594265687
-0.537849796892651,4,325,3325,-0.600205567457829,-0.613671220664568,-0.634448049733658,-0.670622755490495,-0.7491504490358
1.05463699856213,4,326,3326,1.27662034540086,1.33086057681542,1.41943536899092,1.58869840727097,2.02840412364747
-0.59582964180012,4,327,3327,-0.6691532355193,-0.685186874558343,-0.710069933794747,-0.753813665443593,-0.850584896098119
-0.0231692916563558,4,328,3328,-0.0251492770939118,-0.0255488331407386,-0.0261458743747472,-0.0271303890186472,-0.0290439655137751
-0.654053976507759,4,329,3329,-0.739757341673255,-0.758743923723317,-0.788387513816668,-0.841021230429387,-0.959738654466497
-1.6752035596808,4,330,3330,-2.4232616056993,-2.64162991337666,-3.02901035195979,-3.87602265056229,-6.73094052026155
0.0149660838230266,4,331,3331,0.0162445616857049,0.0165025321628895,0.0168879908053384,0.0175235602349615,0.0187587041039104
1.09783099999734,4,332,3332,1.34146705837531,1.40167395435134,1.50050319312679,1.69096201356756,2.19378768127562
0.988022661950512,4,333,3333,1.17972467138858,1.22576992448691,1.30037391625024,1.44112661358849,1.79791976595062
0.594192399145887,4,334,3334,0.667188395355671,0.683144649192269,0.707903487016438,0.75141682207046,0.847626404371034
-0.631093298502409,4,335,3335,-0.711741185776638,-0.729515309810174,-0.757199593730528,-0.806160573064711,-0.915748353832274
0.421498176516107,4,336,3336,0.465331971328346,0.474579874188523,0.488694568911899,0.512826410726666,0.563350996535011
1.484298729285,4,337,3337,2.01190318824486,2.15715435453614,2.4078159723851,2.931824647796,4.54989961711065
-0.0473706858468284,4,338,3338,-0.051427209560392,-0.0522462054898603,-0.0534702887663537,-0.0554896153542368,-0.0594179304698342
-0.644168018407582,4,339,3339,-0.727666138305939,-0.746122751340862,-0.774909152557869,-0.82593376537459,-0.940640804153604
-1.75912715409324,4,340,3340,-2.62657566066737,-2.88671147461293,-3.35413599492439,-4.39773857559226,-8.06286011288156
0.688656804103072,4,341,3341,0.782431430985581,0.8033715217629,0.836184660705723,0.894797827444393,1.0285547867733
1.14340249492386,4,342,3342,1.4117380941781,1.47885386213242,1.58963681500976,1.80506800756117,2.38374505346001
-0.617009504666334,4,343,3343,-0.694669745637276,-0.71173155407392,-0.738267733239624,-0.78508543850689,-0.889385770569722
0.982942041628974,4,344,3344,1.17248094485373,1.21794777992058,1.29157096381103,1.43033911749708,1.78145177450018
0.314816446447272,4,345,3345,0.344948375244944,0.351189898148369,0.360633891885577,0.376545270265578,0.408884822782516
0.230294998897442,4,346,3346,0.251228865076287,0.255514568791148,0.261963092915151,0.272724477633501,0.294171322534158
-0.566717696868181,4,347,3347,-0.634374356110126,-0.649075165122324,-0.671822807810708,-0.711617958255469,-0.798817166637732
-0.987527768315481,4,348,3348,-1.17901819144682,-1.22500682381281,-1.29951477338676,-1.44007303867696,-1.79630911064579
-0.586657731823735,4,349,3349,-0.658159950854714,-0.673763860452142,-0.69795746715449,-0.740423527346516,-0.834084924142674
-1.47883576722958,4,350,3350,-2.00105051433946,-2.1445848024998,-2.39209563823478,-2.90887918970911,-4.50082663956672
0.506910000801168,4,351,3351,0.563915469290749,0.57614647817065,0.594961705795708,0.627557360140983,0.6976195967389
0.141829549888103,4,352,3352,0.154237100462575,0.156754762332566,0.160526843644523,0.166775683806535,0.179039911735086
-0.34162733049358,4,353,3353,-0.374956455532625,-0.381889848131902,-0.392402009385077,-0.410174201295645,-0.446550557614608
-0.459244180085527,4,354,3354,-0.50862684193404,-0.519121157048273,-0.535192665334896,-0.562827233610578,-0.62134889662616
-0.100109666141495,4,355,3355,-0.10876289584672,-0.110513807563905,-0.113133538737916,-0.117463200989226,-0.125918844934421
1.63029440038622,4,356,3356,2.32047697326823,2.51912645437689,2.8691801648298,3.62629370405516,6.12437195869006
0.977395377594503,4,357,3357,1.16459555250186,1.20943808889343,1.28200348268661,1.41863394617029,1.7636416067142
0.34215426156828,4,358,3358,0.375547750463423,0.382495133642621,0.393028938461759,0.410838959562146,0.447297899210498
-0.342491793732255,4,359,3359,-0.375926543528623,-0.382882896748783,-0.393430579207465,-0.411264858568927,-0.44777676604285
-0.817653866464415,4,360,3360,-0.94688147187936,-0.976633692754653,-1.02391356251842,-1.11033456924324,-1.31649983984241
0.545688551404782,4,361,3361,0.609453415826152,0.623246271904541,0.644544393169341,0.681674409662635,0.76248000765809
-0.0618836228871259,4,362,3362,-0.0671930785928778,-0.0682655212897723,-0.0698687604554122,-0.0725145690335256,-0.0776657406838548
0.696865918981075,4,363,3363,0.792638442381501,0.81406533404591,0.847670627689969,0.907785207152389,1.0453510361399
0.501527161130703,4,364,3364,0.557635165256566,0.569660308486668,0.5881493197528,0.620152282289464,0.688823528739594
0.597543010869529,4,365,3365,0.671210592456164,0.687325531974206,0.71233912831029,0.75632506120313,0.85368712413759
-0.445656831784133,4,366,3366,-0.492994858626254,-0.503028087048332,-0.518374444025515,-0.544707336315227,-0.600241659150779
-0.956786775079955,4,367,3367,-1.13550267244472,-1.17808997142666,-1.24684135476686,-1.37578704689927,-1.69896882174836
0.189880856724957,4,368,3368,0.206805878844826,0.210255212315338,0.215434026421174,0.224044337687785,0.241071640414351
-0.425086995686783,4,369,3369,-0.469431031299943,-0.478792888949087,-0.493086029389697,-0.517535973822213,-0.568781240008986
-1.74668306014794,4,370,3370,-2.59545389952743,-2.84896175312995,-3.30359996442391,-4.31546883952886,-7.84717492251536
-0.812994490197297,4,371,3371,-0.94078037909015,-0.970167505345692,-1.01684307845945,-1.10208737913768,-1.30511519255386
-1.83928893084422,4,372,3372,-2.83582392000333,-3.1426751215527,-3.70105723721037,-4.9737518576176,-9.62987914511121
-1.26974845577629,4,373,3373,-1.61760847298401,-1.70765525862673,-1.85866195134028,-2.15997622105794,-3.01037618354011
-2.26028425897657,4,374,3374,-4.25453496970335,-4.9679703108535,-6.36525329891236,-9.95912345178361,-26.7322037534966
-2.6151255219961,4,375,3375,-6.08330251553928,-7.51132496256182,-10.5174408905315,-19.2365046572572,-71.3695245233582
-0.994615877622129,4,376,3376,-1.18915501644636,-1.23596036869181,-1.31185433556781,-1.45522065816509,-1.81951368155056
0.147389441880762,4,377,3377,0.160307933729816,0.162930439850899,0.166860446767155,0.173373316584541,0.186165671249082
0.470597056055773,4,378,3378,0.521730502391202,0.532621268681193,0.549317417082528,0.57807653561939,0.639193123248868
0.0657970783824767,4,379,3379,0.0714456953886562,0.0725868066655475,0.0742928187044909,0.0771085676123358,0.0825919792667331
-0.533508236481941,4,380,3380,-0.595093065297693,-0.608380053233821,-0.62887248473145,-0.664526732528853,-0.741816586381181
-0.077995224472522,4,381,3381,-0.0847051778746385,-0.0860613718410366,-0.0880894306916961,-0.0914381097517208,-0.0979651022109007
-0.84654327959706,4,382,3382,-0.98500372096776,-1.0171065519337,-1.06828631424826,-1.1623299077548,-1.38896100249749
0.425976061304203,4,383,3383,0.470447047235901,0.479837278485952,0.494174864862067,0.518704082297117,0.570129125237118
-0.272229767231343,4,384,3384,-0.297573596258303,-0.302790538481581,-0.310660761017678,-0.323853447362436,-0.350389362872301
-0.247358968830795,4,385,3385,-0.270053939947231,-0.274710104343717,-0.281723194186917,-0.293447198768615,-0.316897179351657
-0.941929941628723,4,386,3386,-1.11472603799045,-1.15574879495381,-1.22186102668009,-1.34551071741741,-1.65376392785624
-0.30474294629123,4,387,3387,-0.333711453524258,-0.339702736293372,-0.348761453071932,-0.364004687878318,-0.394907305563772
-0.692997978836594,4,388,3388,-0.787825077781498,-0.809021453548872,-0.842251524074399,-0.901654585044442,-1.03741381399218
-0.40575324319648,4,389,3389,-0.447389625833911,-0.456148339570709,-0.469498090372821,-0.492269459658236,-0.539725037757401
0.391812620586274,4,390,3390,0.431557706365257,0.439897457479175,0.452593525104758,0.474206449966493,0.519066181325554
0.876787079868353,4,391,3391,1.02547422458493,1.06020519902495,1.11576343557922,1.218421577992,1.46846493977306
0.191470267986453,4,392,3392,0.208549011737044,0.212030243694041,0.217257361034388,0.225949156655856,0.243142448325405
-2.31957327230543,4,393,3393,-4.51037235418936,-5.31204604040046,-6.90010682213716,-11.0623448786828,-31.2513978530715
-1.61276215066581,4,394,3394,-2.28141403818431,-2.47281964319186,-2.80924098092647,-3.53382483054875,-5.90504828660889
-0.42250541477756,4,395,3395,-0.466482057402438,-0.475761849499289,-0.489926471095324,-0.514147286511347,-0.564873331046808
-0.451299514124683,4,396,3396,-0.499480048035722,-0.509703019112522,-0.525347608870826,-0.552215334796723,-0.608974941872421
-0.760292909091339,4,397,3397,-0.872646175148162,-0.898159763163008,-0.938449004720518,-1.01133461175106,-1.18178478331544
-2.12636950520933,4,398,3398,-3.73443284659434,-4.28179937102253,-5.32764272331921,-7.90997423666811,-19.0016559182169
-1.18745897909733,4,399,3399,-1.48160247275128,-1.55604849502674,-1.67960179722669,-1.92200369105233,-2.58427962213474
0.151201896672981,4,400,3400,0.164472378143714,0.16716718687453,0.171206156012631,0.177901348558788,0.191059023335888
0.576724301472971,4,401,3401,0.646291496485117,0.661440257497615,0.684904611733587,0.726022136863864,0.816414126726358
0.237093252331049,4,402,3402,0.25872351462006,0.263155484727332,0.26982675295644,0.280967476700553,0.303201834124832
0.105447200991013,4,403,3403,0.114573759148407,0.1164210157311,0.119185311456081,0.12375507601362,0.13268448306404
-0.993463407864154,4,404,3404,-1.18750416800108,-1.23417588062467,-1.30984295617732,-1.45274928502324,-1.81572081043254
0.279743665139015,4,405,3405,0.305908206742484,0.311299772844598,0.319437520753803,0.333090367188756,0.360600401974241
0.440189299364988,4,406,3406,0.486719786778796,0.496571482466551,0.511632744310696,0.537455035714599,0.591822447745019
0.262486931489153,4,407,3407,0.286780994395747,0.291775180060782,0.299304562008013,0.311912189021863,0.337214546211628
0.463805717310447,4,408,3408,0.513887130781761,0.524539494201131,0.540859895464756,0.568942190177213,0.628495453354069
-2.17391250396353,4,409,3409,-3.91053642374822,-4.51206523201795,-5.67135849346155,-8.5748321699759,-21.4110042149222
1.07251839952325,4,410,3410,1.30326496525967,1.35990960733801,1.45260867395805,1.63037032702642,2.09523974624304
1.32117422343287,4,411,3411,1.70656562804979,1.80777212375797,1.97862684639299,2.32325441219236,3.31636505649568
1.20016809381726,4,412,3412,1.50212644952305,1.57881380282281,1.70628891273831,1.95703098806618,2.64549236655215
1.51671740010278,4,413,3413,2.07728240686162,2.23311024492282,2.50324728492798,3.07215359091258,4.85423002197428
1.03538822008344,4,414,3414,1.24824544068358,1.29999708111878,1.38431496716175,1.54484437124342,1.95889961920818
-0.105937810943951,4,415,3415,-0.115107968230005,-0.116964103625235,-0.119741725028328,-0.124333630605799,-0.133306762076066
-0.240770958322783,4,416,3416,-0.262780812656938,-0.267292633701834,-0.274085591984618,-0.285433806942031,-0.30809994497396
-1.34742403772348,4,417,3417,-1.7532377195361,-1.86060190597567,-2.04247771002735,-2.41139713340596,-3.48605193450642
0.0981011670985855,4,418,3418,0.106576748487861,0.108291522004254,0.110857043753199,0.115096715932454,0.123374976743228
-0.295823614572037,4,419,3419,-0.323778390478235,-0.329552300233992,-0.338276813135963,-0.352941812536939,-0.38260637100859
1.40645883742309,4,420,3420,1.86152784374086,1.9839802216157,2.19305609516328,2.62261510527796,3.90523543137455
0.19405607912136,4,421,3421,0.211385559827771,0.214918850623364,0.220224820178558,0.229049692817326,0.246514311238811
0.56846881397171,4,422,3422,0.636457036987047,0.651235482216769,0.674107267947108,0.714131255446493,0.801882024526134
0.855911789181241,4,423,3423,0.997477516705344,1.03037569623065,1.08287853320994,1.17951909181487,1.41317724220572
0.507785247422347,4,424,3424,0.564937557378434,0.577202284054068,0.596070965279271,0.628763807782852,0.699054439302069
0.25595938734995,4,425,3425,0.279558947646338,0.284406134450745,0.291710855028166,0.303933592076037,0.328427497002783
0.380265636773729,4,426,3426,0.41848137335828,0.426483778445442,0.438654506232133,0.459339300852642,0.502131275009242
2.18143263294173,4,427,3427,3.93922124955498,4.54977649763824,5.72809109774784,8.68593220964548,21.8231045872676
0.0903446868531771,4,428,3428,0.0981364828242907,0.099712262820295,0.10206936231082,0.105963261570582,0.113560847642586
0.453335796202902,4,429,3429,0.50182266063893,0.51211470873238,0.527867933302899,0.55493065537623,0.612137743905294
1.21330248025301,4,430,3430,1.52351708072533,1.60258303831262,1.73422860498805,1.99386817357118,2.71043249370158
0.420087689732718,4,431,3431,0.463721912927892,0.472925281494331,0.486970264319991,0.510977909991383,0.561221436003727
0.0968170651257348,4,432,3432,0.105179199000898,0.106870900445269,0.109401817082344,0.113584055644109,0.121749157684776
-1.806391909944,4,433,3433,-2.74806443031251,-3.03487072783682,-3.55404950095482,-4.72730366054379,-8.94742165726479
0.00644582925377124,4,434,3434,0.00699634285606405,0.00710741934511512,0.00727338527109747,0.00754702874791179,0.00807876873869128
-0.665624924399537,4,435,3435,-0.753965444279626,-0.773587948726783,-0.804261637504561,-0.858833637290826,-0.982403000080101
0.891923613860849,4,436,3436,1.04595315430705,1.08206694784983,1.13993629089257,1.24716447753151,1.50974438086974
1.19598531790264,4,437,3437,1.49535292961847,1.57129615187648,1.69746834107977,1.94543669213034,2.62517244074258
0.19711203075836,4,438,3438,0.214738883422516,0.21833396223378,0.22373355376069,0.232716524564699,0.250503872585194
-0.735583914652071,4,439,3439,-0.841230345406949,-0.865081107043136,-0.902643681721197,-0.970298036913595,-1.12717653871394
-0.452322108658241,4,440,3440,-0.500656324901657,-0.510913945261066,-0.526613022569703,-0.553578540248095,-0.610562512043841
0.935615288960529,4,441,3441,1.10594409911611,1.14631700704232,1.21133470926331,1.33279330908872,1.63489781533088
0.24316555517124,4,442,3442,0.265423664702829,0.269987756133491,0.276860406243381,0.288344597662653,0.311294089551421
-1.3230686295949,4,443,3443,-1.70990454975496,-1.81154465085022,-1.98317386946316,-2.3295030440548,-3.32829138942621
0.195019522606434,4,444,3444,0.212442631944372,0.215995371444334,0.221330806023999,0.230205424766105,0.247771545641616
0.866704484307931,4,445,3445,1.01191683805541,1.04575200959128,1.09981575743739,1.19952701092655,1.44152867670506
0.433127975058053,4,446,3446,0.478628172731756,0.488248742947722,0.502947360166717,0.52812112572882,0.58101050997455
-0.247028708941403,4,447,3447,-0.269689175577633,-0.274338063567985,-0.281340051645004,-0.293045090456337,-0.316455454545812
0.225041978893325,4,448,3448,0.245442326183421,0.249616171414049,0.255894490343563,0.266366410205264,0.287213959050613
-1.241215177843,4,449,3449,-1.56959834126598,-1.6539365735647,-1.79485632700696,-2.07438442858451,-2.85437559029199
-0.14306861166323,4,450,3450,-0.155589788933769,-0.158130755793493,-0.161937933241427,-0.168245426798569,-0.180626884337074
0.044266508052967,4,451,3451,0.0480559091335641,0.0488209119152825,0.0499642512969243,0.0518502491320798,0.0555186635372283
0.898509061059299,4,452,3452,1.0549108667617,1.09164081806749,1.15054152451957,1.25981411950496,1.52802749350799
1.25102950799575,4,453,3453,1.58600696845526,1.67227146994147,1.81658974477526,2.10344044649036,2.90699043264231
0.215912626833654,4,454,3454,0.235394974753961,0.239376750385238,0.245363096935585,0.255339269646775,0.275163743885129
1.96186546006235,4,455,3455,3.18824167876662,3.58195911704059,4.31299172856088,6.03505045629542,12.7630664447453
1.35632150172932,4,456,3456,1.76925923155034,1.87878520941136,2.06454142821494,2.44205302069613,3.54579869482389
0.95688304396215,4,457,3457,1.1356378317243,1.17823543377177,1.24700421546361,1.37598488024568,1.69926554723002
0.201565344153933,4,458,3458,0.219627611762643,0.223313253165297,0.228850131709348,0.238065123612404,0.256326866482523
0.231761722485346,4,459,3459,0.252845263861252,0.257162379580837,0.263658722440707,0.274501493818315,0.296117093669201
0.867637299689389,4,460,3460,1.01316835373837,1.04708556657532,1.10128609725986,1.20126678724704,1.44400231573134
0.929045535510807,4,461,3461,1.09683786843845,1.13654408711333,1.20043993138092,1.31965601706787,1.61548454141222
1.44319797856063,4,462,3462,1.93137907067688,2.06415575998792,2.29199424258152,2.76391832842925,4.19534420766966
1.45788352558235,4,463,3463,1.95985538766833,2.09697360112011,2.33273673182979,2.82267876774554,4.31822229960409
0.498666078819895,4,464,3464,0.554300973842786,0.566217739000971,0.584535115935443,0.616226539065156,0.684167919736687
-2.60002392504957,4,465,3465,-5.98877126938397,-7.37541461171938,-10.2848728946702,-18.6774023307111,-68.2893131104803
-0.670432753837029,4,466,3466,-0.759887098451514,-0.779778884387162,-0.810889264100373,-0.866284445558632,-0.991921252038256
2.08346836136169,4,467,3467,3.58294719156221,4.08548405278641,5.0383548828794,7.36168357942511,17.0900142875879
0.509341883083076,4,468,3468,0.566755987746143,0.57908085172986,0.598044886754108,0.63091114808462,0.701609529828512
0.208207030720944,4,469,3469,0.226923343245191,0.230745227628854,0.236488789112183,0.246053504037818,0.265032020033017
-1.46027912516033,4,470,3470,-1.96453144690106,-2.10236989879067,-2.33944962847912,-2.83239213614186,-4.33865987562888
-0.947462752901176,4,471,3471,-1.12244447883432,-1.16404400030063,-1.23112849202406,-1.3567271325745,-1.67046320840783
-2.50884513077549,4,472,3472,-5.45342481947298,-6.61434088461987,-9.00340555527724,-15.6750553816334,-52.5518815309872
-2.3150337474816,4,473,3473,-4.49017776091066,-5.28473589228747,-6.85731634889747,-10.9729704146071,-30.8764587313492
0.100408248850352,4,474,3474,0.10908790898073,0.110844198318525,0.113471996957548,0.1178150536107,0.126297108228067
-2.35830760311137,4,475,3475,-4.68697096768333,-5.55194213516883,-7.27841960202222,-11.8606720739886,-34.6675496752275
0.580305330889416,4,476,3476,0.650565650070627,0.66587727811691,0.689602465131434,0.731201976625475,0.822760957899622
0.25680642091119,4,477,3477,0.280495710237177,0.285361872491081,0.292695581887179,0.304967949159714,0.32956596381804
-0.839352342605865,4,478,3478,-0.975466642432541,-1.00697013705142,-1.05715405197714,-1.14924657303968,-1.37061627858536
-2.06339670390889,4,479,3479,-3.51436889166741,-3.99715939904437,-4.90935890828762,-7.12063121982275,-16.2718075675402
-0.13566943615281,4,480,3480,-0.147514069976398,-0.149916368053001,-0.153514782637927,-0.159473573451067,-0.171158847665323
0.687278110973159,4,481,3481,0.780720385518213,0.801579618938431,0.8342612690888,0.892625481904758,1.02575211051602
0.148306466925571,4,482,3482,0.161309501039187,0.163949367456118,0.167905532833062,0.174462161215195,0.187342147816283
-0.881947937255475,4,483,3483,-1.03243948263612,-1.0676367594592,-1.12397377419419,-1.22817015757452,-1.48242441976498
-1.03932379680777,4,484,3484,-1.25402144375748,-1.30627366697052,-1.39144685545247,-1.55372784968108,-1.97291015606382
-1.37671635762629,4,485,3485,-1.80637949098654,-1.92100828041479,-2.11594656778426,-2.51386860782796,-3.68722460508556
-0.171095812304855,4,486,3486,-0.186226038863396,-0.189303915845206,-0.193920936661141,-0.201585519418361,-0.216694418353884
-0.850436679788636,4,487,3487,-0.99018089890954,-1.02261225405601,-1.07433831046702,-1.16945352687555,-1.39898101097227
-1.69117681590783,4,488,3488,-2.460799179578,-2.68660470726629,-3.08814311051044,-3.96955987420153,-6.96338746506352
-0.330383061136229,4,489,3489,-0.362352979866032,-0.368991497288878,-0.379047883339114,-0.396024598901969,-0.430669105160733
1.33431703352347,4,490,3490,1.72982344267947,1.83407243596006,2.01036666484385,2.36696275099334,3.40011889543446
-1.53393621524726,4,491,3491,-2.11270485247068,-2.2744299773766,-2.55547357164233,-3.14969753316825,-5.02546869507968
0.558966537927753,4,492,3492,0.62516951679981,0.639530463451704,0.66173501930098,0.700530150341924,0.785323775608257
-0.849634189126809,4,493,3493,-0.9891130212398,-1.02147642952731,-1.07308947446577,-1.16798292885252,-1.39691065276319
0.798734223504254,4,494,3494,0.922187353715476,0.950480525888895,0.995347787037584,1.0770782171299,1.27077294167746
1.45221816112559,4,495,3495,1.94883149423001,2.08425990384632,2.31693622060092,2.79985129868585,4.27033143419241
0.827031878627006,4,496,3496,0.959200738603867,0.989699445476541,1.03821609571229,1.12704915678669,1.33966422997555
-0.121205338025395,4,497,3497,-0.131740565617515,-0.133875080748212,-0.137070784704662,-0.142358143561664,-0.152707939076705
-0.450733176355962,4,498,3498,-0.498828729697088,-0.509032546062434,-0.524647017698807,-0.551460699152619,-0.608096354608953
1.39548484318064,4,499,3499,1.84103723854164,1.96054892263569,2.16430250381188,2.58192187033751,3.82311500882919
2.04445905780875,4,500,3500,3.45095609718466,3.91579683176606,4.79118008238702,6.90169706001952,15.5407232823725
0.542741863061975,4,501,3501,0.605974425294371,0.61964357894308,0.640744551787725,0.677513077334619,0.757455833349412
0.346617897715649,4,502,3502,0.38055905463907,0.38762558120674,0.398343770951178,0.416476261576437,0.453639987995491
-0.12768899048131,4,503,3503,-0.138809107148745,-0.141063140920371,-0.144438516907025,-0.150025244538785,-0.160969684238106
-0.319861719653444,4,504,3504,-0.350583927538057,-0.356952726144132,-0.366592896858413,-0.382845109585313,-0.415920262661119
0.279816321972129,4,505,3505,0.305988847854196,0.311382114811607,0.319522469878,0.333179804858909,0.360699358287898
0.141580532879686,4,506,3506,0.153965264045107,0.156478246375861,0.160243281077428,0.166480346333356,0.17872104624688
-1.26697620476054,4,507,3507,-1.61290276671651,-1.70238029351864,-1.85237905316143,-2.15150929856616,-2.99480823352173
-0.457736105147669,4,508,3508,-0.506889131333116,-0.517331558080151,-0.533321389466123,-0.56080913658223,-0.618992959594256
0.059310395612309,4,509,3509,0.0643971640742537,0.0654245355009049,0.0669603297577401,0.0694946461570414,0.0744279757574336
-2.04316258770114,4,510,3510,-3.44665984472797,-3.91029530711188,-4.78321183408181,-6.88700164179946,-15.4920664419396
-0.443966741351148,4,511,3511,-0.491054225542259,-0.501031097418671,-0.516288922482617,-0.542463184693877,-0.597634678560304
2.83182422519274,4,512,3512,7.65593982526006,9.83333954776962,14.6479311708101,29.8150391115948,137.546107965965
0.733290929968559,4,513,3513,0.838331326374591,0.862032475215644,0.899350180606961,0.96653614796246,1.12220619279494
0.614756133994502,4,514,3514,0.691946157922422,0.708896149249767,0.735252309241018,0.781734569080343,0.885210134328262
0.686636428304987,4,515,3515,0.779924327424943,0.80074601510532,0.833366617598486,0.891615271736671,1.02444943516906
0.358811144999038,4,516,3516,0.394271012051695,0.401668844374975,0.412900400507637,0.431932546634716,0.47107017646483
0.380416283406155,4,517,3517,0.418651760473211,0.426658511649323,0.438836001692824,0.459532726783497,0.502351211228718
2.04021065268753,4,518,3518,3.43689897286771,3.8978012511418,4.7651265456112,6.85367918418179,15.3819299450938
0.539277663271667,4,519,3519,0.601888456351956,0.615413266141926,0.636284298856336,0.672631514048107,0.751569995075108
0.171830388189366,4,520,3520,0.187030063649116,0.190122281048054,0.194760966931245,0.20246195405255,0.217644425092121
1.77623296473411,4,521,3521,2.66993592357011,2.93944557641323,3.4250055150871,4.51382286482705,8.37070951448243
0.0790635709216168,4,522,3522,0.0858668056228526,0.0872419187535342,0.0892983167281118,0.0926939238337846,0.0993129414184877
-0.690345094693872,4,523,3523,-0.784527950297288,-0.805567406261789,-0.838542165469319,-0.897461438858267,-1.03199391682655
-0.960884905748558,4,524,3524,-1.1412624656628,-1.18429026728367,-1.25378572370717,-1.38422777230049,-1.7116443874416
-1.58009645830624,4,525,3525,-2.21015808192247,-2.3887083529827,-2.70104753524511,-3.36858114164916,-5.52037118954296
0.542797627984285,4,526,3526,0.606040234584536,0.61971172136406,0.640816411824513,0.677591751740187,0.757550763096781
-0.365190003885634,4,527,3527,-0.40145790217858,-0.409032549323379,-0.420538464802985,-0.440052502832463,-0.480251964349588
0.165677302292014,4,528,3528,0.180297011110565,0.183269551429209,0.187727489542336,0.195124923134494,0.209694584077147
-1.62642874588449,4,529,3529,-2.31181386993583,-2.50884490113266,-2.85584901112452,-3.60567114987813,-6.07520815539781
0.923552788821949,4,530,3530,1.08924809729525,1.1284042006475,1.1913751474625,1.30874495765536,1.59941950289823
0.981051074773423,4,531,3531,1.16978999510194,1.21504315648343,1.28830420329649,1.42634020636661,1.7753603003618
0.601593245635841,4,532,3532,0.676078712813534,0.692387135344394,0.717711516469302,0.762274458015313,0.861045762445039
0.85133865921832,4,533,3533,0.991381651594767,1.02388952211431,1.07574285665531,1.17110787791361,1.40131120162274
0.292702803319125,4,534,3534,0.320306425746127,0.32600518432186,0.334614257375405,0.349079816351493,0.378318557393171
0.0217088888239651,4,535,3535,0.0235639252316283,0.0239382598544139,0.0244976086025275,0.0254199542181127,0.0272126345877293
0.0891923324296535,4,536,3536,0.096882835627312,0.098438039611194,0.100764295115997,0.104607052572404,0.112104079690834
-0.187741695270572,4,537,3537,-0.204460299034723,-0.207866820094965,-0.212980819232679,-0.22148183464723,-0.238286669678404
0.567526521671393,4,538,3538,0.635336181894,0.650072810906887,0.672877727209704,0.71277844080332,0.800232035793119
1.3114857857321,4,539,3539,1.68955975176481,1.78857434111135,1.9555176456586,2.29156450632555,3.25612449260929
1.16158032410183,4,540,3540,1.44032746258286,1.51038703877564,1.62628803317183,1.85249334860735,2.46436392478118
2.03730147963839,4,541,3541,3.4273083239789,3.88553203772766,4.74738125603599,6.82102547797629,15.274266681958
0.724839957319961,4,542,3542,0.827670271080442,0.850826731516404,0.887253614134563,0.952737615994232,1.10402604931457
0.466564916827025,4,543,3543,0.517072052489901,0.527820825080345,0.544293131993237,0.572648920520765,0.632833342178895
-2.25026946525264,4,544,3544,-4.21296136000881,-4.91245487852661,-6.27983845981466,-9.78579659720946,-26.0441729616401
-1.71939795870361,4,545,3545,-2.52842754727762,-2.76794715921748,-3.19570242505778,-4.14125312950536,-7.39735159137596
0.418558364215667,4,546,3546,0.46197681265799,0.471132054766373,0.485101719125882,0.508975227407461,0.558915395512402
0.357930406029445,4,547,3547,0.393279444989266,0.400653055001847,0.41184704642052,0.430813271373262,0.46980588961718
-0.970137377206103,4,548,3548,-1.15431287173716,-1.19834967980852,-1.26955114082699,-1.4034292814008,-1.74059802045083
-0.061333273021218,4,549,3549,-0.0665950804142734,-0.067657878230371,-0.0692466840212306,-0.0718686309468349,-0.0769731714059081
-2.00180572661989,4,550,3550,-3.31255046705525,-3.73926260457531,-4.53694842397411,-6.43703216897058,-14.0279403015721
0.394350004812822,4,551,3551,0.434435627368189,0.442850670578936,0.455664111577866,0.477484755172461,0.522808734959078
-0.403256951522977,4,552,3552,-0.444550979369012,-0.453233710222806,-0.466464808748423,-0.48902561644972,-0.53600815575775
-1.15073352360901,4,553,3553,-1.42322869836542,-1.49151836274652,-1.60434050592878,-1.82405871590566,-2.4159105809449
-0.196723886151652,4,554,3554,-0.21431290533712,-0.217900120277878,-0.223287794362835,-0.232250634628268,-0.249996866257842
-0.715285849514769,4,555,3555,-0.815661601781841,-0.838214829919355,-0.873656371819193,-0.937261548976002,-1.08373065481138
-0.588240298933123,4,556,3556,-0.660054390819083,-0.675731793036486,-0.700043247120428,-0.742727511813021,-0.836919180879242
-0.802095577949451,4,557,3557,-0.926559273645522,-0.955107157374057,-1.00039513646902,-1.08294210439762,-1.27880075441375
-0.358271723302487,4,558,3558,-0.393663690931849,-0.401046682486243,-0.412255222504261,-0.431246976672108,-0.470295746390927
0.0219955991649637,4,559,3559,0.0238751635893206,0.0242544491720024,0.0248211968663709,0.0257557458864804,0.0275721564912109
-0.0492067297338327,4,560,3560,-0.0534213818213336,-0.0542723463171595,-0.0555442414340952,-0.0576425305298994,-0.0617248223715424
0.162494443699517,4,561,3561,0.176815693209041,0.179726715711427,0.18409179352826,0.191333416390734,0.205589109851383
0.738146017933055,4,562,3562,0.844472855691921,0.868491718882538,0.906329515706657,0.974510599149227,1.13274941584543
0.515901262419342,4,563,3563,0.574427519738291,0.587008197654364,0.606378089455489,0.639983169629669,0.712421702220972
-0.0826215547464893,4,564,3564,-0.089735858269181,-0.091174081148465,-0.0933250254670224,-0.0968772358272179,-0.103803512815059
-0.162416276823981,4,565,3565,-0.176730209560155,-0.179639724533425,-0.184002527176628,-0.191240333713163,-0.205488341975489
-0.876080606956249,4,566,3566,-1.02452211231397,-1.05918966669993,-1.11464202844783,-1.21709118480525,-1.46656314800489
-1.25016238455658,4,567,3567,-1.58455282761707,-1.6706455838506,-1.81466063213897,-2.10085725216414,-2.90229844806083
0.640187212693999,4,568,3568,0.722809605361488,0.741056224528771,0.769503303550854,0.819891924546323,0.933018354986945
-0.37059814872035,4,569,3569,-0.407558564752707,-0.41528504706204,-0.4270267695077,-0.446955579614848,-0.488071456296017
0.853227672362249,4,570,3570,0.99389805082449,1.02656666504103,1.07868743820753,1.17457751626279,1.40620218214487
1.00446138387888,4,571,3571,1.2033009646649,1.25126155590945,1.32911844920119,1.47646944390373,1.85223701814107
3.11112278252043,4,572,3572,10.4630700139031,14.2217365116175,23.1310641729874,54.6982043374918,341.574602225928
0.995317799367124,4,573,3573,1.1901609923727,1.23704790105983,1.31308035193533,1.45672749367636,1.82182759189886
0.146250915569179,4,574,3574,0.159064551918013,0.161665531442396,0.165563105639812,0.17202173116662,0.184705496030698
1.2890105261485,4,575,3575,1.65055434115608,1.74464595645398,1.90282728531145,2.21973193546152,3.1210911721758
-0.57457097447127,4,576,3576,-0.643723783425404,-0.658775263618061,-0.682083885021267,-0.722913821021507,-0.812610322745927
-0.738037031483528,4,577,3577,-0.844334856238476,-0.868346548706088,-0.906172603361519,-0.974331208238189,-1.13251194353963
-0.905745379472342,4,578,3578,-1.06478794692386,-1.10220530955939,-1.16225777661024,-1.27381699064839,-1.54834941903303
-1.18035858785303,4,579,3579,-1.47020942747564,-1.54342853284872,-1.66483834414258,-1.90269303934441,-2.55075746631449
-0.929081318374124,4,580,3580,-1.09688738284834,-1.13659720693343,-1.2004991152916,-1.31972731365584,-1.6155896903465
-0.147250828166763,4,581,3581,-0.160156547686096,-0.16277643138636,-0.166702487064303,-0.173208747773762,-0.185987869458694
-0.764359102462669,4,582,3582,-0.877847530043508,-0.903643825268617,-0.944397562082721,-1.0181771293963,-1.19095998419655
-0.511261644450178,4,583,3583,-0.568999738324546,-0.581399068709798,-0.600481207376164,-0.633562348508477,-0.704766339192118
0.00448639297899595,4,584,3584,0.00486954870629651,0.00494685711697648,0.00506236782441584,0.00525282010314489,0.00562290014225764
1.52969391756878,4,585,3585,2.10393179290516,2.26418545029278,2.54250456365768,3.13039265270281,4.98263579543077
0.447408233315216,4,586,3586,0.495006766381649,0.505098625987868,0.520537111524797,0.547035145615275,0.602947477674507
2.68023472565745,4,587,3587,6.51163518972754,8.13260716344558,11.5942139529884,21.8788753936084,86.5280226503266
-1.07825636511193,4,588,3588,-1.31187444040017,-1.36931005277415,-1.46336825324239,-1.64393839044832,-2.11716657543506
0.432618336984809,4,589,3589,0.478044721051975,0.487648753481549,0.502321436841226,0.527448866147629,0.580232824819738
0.197564293145003,4,590,3590,0.215235252455547,0.218839500086279,0.224252987403594,0.233259432613015,0.251094735477832
-0.51549718732004,4,591,3591,-0.573954510342244,-0.586519316307311,-0.605864015628558,-0.639423203189795,-0.711753503386506
-1.05182824871769,4,592,3592,-1.27246027796962,-1.32633102188719,-1.4142730153253,-1.582235288885,-2.0181070968437
-0.00952723693576168,4,593,3593,-0.0103409701932159,-0.0105051585219132,-0.0107504836516742,-0.0111549788241522,-0.011941007603646
0.351563933787008,4,594,3594,0.386117099987532,0.39331697477817,0.404241678076129,0.422735753988991,0.460691483599937
0.549132078692966,4,595,3595,0.61352300568333,0.627461503844864,0.648991845206681,0.686547969446724,0.768372004587045
0.112184115130238,4,596,3596,0.121910774010648,0.123880304963051,0.126828162389941,0.131703055604497,0.141235591081823
-0.331859476242549,4,597,3597,-0.364006326335583,-0.370683166414868,-0.380798742656743,-0.397878640627848,-0.432747274829442
0.163493678337536,4,598,3598,0.177908515388636,0.18083882290709,0.185233007579158,0.192523458685894,0.206877501652792
-1.15492718043272,4,599,3599,-1.42982564650314,-1.49879489534701,-1.61279860005439,-1.83500431180697,-2.43452073111823
-0.292960606502369,4,600,3600,-0.320593168270742,-0.326298117373401,-0.33491669770269,-0.349398676284741,-0.378672450677412
0.647901225666571,4,601,3601,0.732226978247451,0.750882295048953,0.779989947728786,0.831617196831289,0.947824300561165
-0.540574849076203,4,602,3602,-0.603417959720268,-0.616996683122681,-0.637953587047051,-0.674458101817452,-0.753771366161055
0.184907434410496,4,603,3603,0.201353372260436,0.204703377613174,0.209731842189965,0.218088697498525,0.234600406067293
-1.32057048154855,4,604,3604,-1.70550246996724,-1.80657112358749,-1.97717968647418,-2.32126660208794,-3.31257437521462
-1.06104133233912,4,605,3605,-1.28613129026522,-1.34122225819344,-1.43125505526785,-1.60351839349715,-2.05208515719657
-0.618776229915652,4,606,3606,-0.69680663102559,-0.713956519484277,-0.740634542364341,-0.787716675671564,-0.892667697625087
1.48737113736574,4,607,3607,2.0180273823676,2.16425227369109,2.41670218787883,2.94481648688906,4.57777135431927
-0.0871058225104891,4,608,3608,-0.0946131064374031,-0.0961311011109863,-0.098401585189085,-0.102151887158689,-0.109467195177676
-0.383560555524507,4,609,3609,-0.422209322382103,-0.43030711396699,-0.442626292442492,-0.463573094708341,-0.506947685515095
-0.719608565272068,4,610,3610,-0.82108913373837,-0.843913656802036,-0.87979817990754,-0.944247534578449,-1.09287971149407
-0.786633640644419,4,611,3611,-0.906502833344803,-0.933894869211601,-0.977275279751188,-1.05612490572426,-1.24220906119513
-1.04450913106507,4,612,3612,-1.26165154188903,-1.3145697278445,-1.40088155758172,-1.56549689414099,-1.99152561180803
-0.98423672620317,4,613,3613,-1.17432494727038,-1.21993858003828,-1.29381061621253,-1.43308207156219,-1.78563419549267
-1.22622499621582,4,614,3614,-1.54474437925765,-1.62621385378615,-1.76208222765471,-2.03076033351037,-2.77604677326131
1.27078493642576,4,615,3615,1.6193701319191,1.7096305735836,1.86101568301275,2.16315031731191,3.01621999198846
-0.757244252123867,4,616,3616,-0.868752327131315,-0.894055659237031,-0.933999615354614,-1.00622121199082,-1.1749412282932
1.91953025130719,4,617,3617,3.06175251897884,3.42313981590875,4.08941656911198,5.64085953368743,11.5635748300429
1.2185587256057,4,618,3618,1.5321293696975,1.6121653002734,1.74551400065717,2.00879545260337,2.73691187437639
1.33544829490276,4,619,3619,1.73183560855306,1.83635025611706,2.01311999064165,2.37076427214466,3.4074397729189
-0.217222184923329,4,620,3620,-0.23683551063732,-0.240844659500252,-0.246872595339868,-0.256919321472202,-0.276889142412946
0.460925823600181,4,621,3621,0.510565355202907,0.521117743116339,0.53728068454385,0.565079673402619,0.623979936912081
1.60768887781149,4,622,3622,2.27021849038127,2.45957356867855,2.79214403534471,3.50756925043405,5.84330161788974
-0.283874683752407,4,623,3623,-0.310494673498885,-0.315983324231231,-0.324269932420894,-0.338179185773306,-0.366233486834525
-1.52195116910812,4,624,3624,-2.08799724954013,-2.24559660474029,-2.51900640682172,-3.09549695588596,-4.90555061319509
-0.155471719582818,4,625,3625,-0.169138045124969,-0.17191423912819,-0.176075911644501,-0.182976571455482,-0.196546564540194
-0.595587280119481,4,626,3626,-0.668862311336071,-0.684884476366044,-0.709749115319546,-0.75345867707484,-0.850146586319194
1.05307830523912,4,627,3627,1.27431091290492,1.32834582896147,1.41656895740599,1.5851090185204,2.02268323130061
0.596549223618397,4,628,3628,0.670017141088876,0.68608488518163,0.711022700103854,0.754868015283335,0.851887000843033
1.52131789041289,4,629,3629,2.08669836568738,2.24408240201079,2.51709425442028,3.09266200724475,4.89930744464081
0.724050711834329,4,630,3630,0.826676498884497,0.849782625829967,0.886127242244534,0.951454230199265,1.10233919891906
0.721219507770519,4,631,3631,0.823114228148774,0.846040543802715,0.882091346168834,0.946857781440575,1.0963034028112
-0.215205397329009,4,632,3632,-0.234617107042085,-0.238584124128741,-0.244548050411223,-0.254486197197016,-0.274232369493127
0.661344222873985,4,633,3633,0.74870200167828,0.768087256685001,0.79837644345775,0.852224366919771,0.973978545287257
0.361016847331752,4,634,3634,0.396755052292282,0.404213748661447,0.415539716481465,0.434737605176377,0.474240090638134
0.068598759627827,4,635,3635,0.0744905672555842,0.0756809344311104,0.0774606784090094,0.0803983842551503,0.086120379920566
-0.430183851832482,4,636,3636,-0.475258641513695,-0.484783938457741,-0.499333179021096,-0.524240129272819,-0.576522774905215
-0.54611684431781,4,637,3637,-0.609959340184569,-0.62377024698916,-0.645097143175594,-0.682279941536059,-0.763211613405785
0.873464734400314,4,638,3638,1.02099955721345,1.055433144592,1.11049500820863,1.21217364750196,1.4595403504245
-2.88051935339532,4,639,3639,-8.07344429051491,-10.4676037287644,-15.8233090222748,-33.0286789271047,-160.347235488402
0.502277916359583,4,640,3640,0.558510513507694,0.570564214915759,0.589098464516453,0.621183575003124,0.690047423749789
0.420741764953124,4,641,3641,0.464468466685338,0.473692469185208,0.487769749589262,0.511834930221261,0.562208637658955
1.76516649756048,4,642,3642,2.64180702444975,2.90521717675438,3.37896965466612,4.43832181467839,8.17001937005416
0.842094627123872,4,643,3643,0.979099834731232,1.01083075655764,1.06139244257758,1.15422472832632,1.37758750094107
1.73071797562164,4,644,3644,2.55603598679148,2.80126987776024,3.23998996940439,4.21252347619689,7.58022738221053
-0.525591829234714,4,645,3645,-0.585788101289973,-0.59875393117138,-0.618735594244283,-0.65345642306615,-0.728531974997502
0.218509055662699,4,646,3646,0.238251317564181,0.242287422955313,0.248356322046629,0.258472559712934,0.278585663616473
-0.447153473622156,4,647,3647,-0.494714057854433,-0.504797374337026,-0.520222434383908,-0.546696398824549,-0.60255361738465
1.66519972368801,4,648,3648,2.40001816613509,2.61384430450309,2.99259911494728,3.81873193153308,6.58997125396349
-0.673220440012584,4,649,3649,-0.763325519226913,-0.783374817267196,-0.814740767348235,-0.870618113758506,-0.997467757295843
-0.168293375272668,4,650,3650,-0.183159178513034,-0.186182478825414,-0.190717063828641,-0.19824317590136,-0.213072427909415
1.37832525549963,4,651,3651,1.80933159048713,1.92437183862738,2.12005186868935,2.5196274806059,3.69865372218345
-1.89423671081426,4,652,3652,-2.98864410184855,-3.33192821189985,-3.96219704304431,-5.41981865701586,-10.9092004607055
0.0570183123230398,4,653,3653,0.061906929151639,0.0628942049910033,0.0643700070142007,0.0668051712283043,0.0715448521900093
0.82934764031709,4,654,3654,0.962250994224585,0.992936458183978,1.041762780307,1.13120056602277,1.34543652787838
-0.413341334046164,4,655,3655,-0.45602845761191,-0.465020767718757,-0.478735569172049,-0.502155549065502,-0.551071585769029
-1.14286514469664,4,656,3656,-1.41089792869568,-1.47792835267834,-1.58856314333206,-1.80368315149779,-2.38140557703632
0.7607358231739,4,657,3657,0.87321230011876,0.898756555787373,0.939096172411985,1.0120786917643,1.18278155824531
-1.09043910866059,4,658,3658,-1.3302514096869,-1.38939838893374,-1.48640121862064,-1.67306908897736,-2.16451788920398
-1.92082899407716,4,659,3659,-3.0655552009763,-3.42789589325419,-4.09607409690201,-5.6524927271437,-11.5983810941178
-1.02581994646762,4,660,3660,-1.23425655560282,-1.28480849458771,-1.36707859284002,-1.52342090189608,-1.92525595342999
-0.756835340317001,4,661,3661,-0.868230434330763,-0.893505675743236,-0.933403511966972,-1.00553645029593,-1.17402561940491
0.290373257403043,4,662,3662,0.31771593689821,0.323358899290708,0.331882298046573,0.346199938930786,0.375123268377943
-0.113586446491153,4,663,3663,-0.123438411703526,-0.125433492902311,-0.128419720216967,-0.133358431946529,-0.143017267424294
0.881971967209805,4,664,3664,1.03247195542039,1.06767141588039,1.12401207887074,1.228215672456,1.48248969358475
0.501204430962826,4,665,3665,0.557258933132339,0.569271815243585,0.587741405469148,0.619709105863493,0.688297696413122
1.66660005221428,4,666,3666,2.40325957667858,2.61771624346548,2.99766746514454,3.82669263941184,6.60949521819416
-0.82200762293561,4,667,3667,-0.95259411718279,-0.982690947318306,-1.03054156554953,-1.11807506202149,-1.32721203977253
0.0107814115050361,4,668,3668,0.0117022937414637,0.0118881030562427,0.0121657345766646,0.0126234997370614,0.0135130561012621
-0.694410925140325,4,669,3669,-0.78958254243113,-0.810862887042865,-0.844229614866876,-0.903891742657447,-1.04030843421955
-0.722645950266673,4,670,3670,-0.824908492153675,-0.847925256236089,-0.884123838138124,-0.949172170736578,-1.09934142170698
-0.535336828322113,4,671,3671,-0.597245545580172,-0.610607563793785,-0.631219406216249,-0.667092117562752,-0.74490128258305
-0.809401098620676,4,672,3672,-0.936083921016094,-0.965192074478707,-1.01140616363904,-1.09575266861982,-1.2963907196041
-0.783449498756234,4,673,3673,-0.902389521511366,-0.929548492322865,-0.972544761588897,-1.05065136490107,-1.23477871135247
-1.2025275507171,4,674,3674,-1.50595548739873,-1.58306542451438,-1.71128082844605,-1.96360015991727,-2.6570308123542
-0.252339832107943,4,675,3675,-0.275557259423154,-0.280323689928776,-0.287505078019623,-0.299516775041335,-0.323568435546269
0.657947904166972,4,676,3676,0.744531935983454,0.763730622626249,0.793717605818895,0.846996916001241,0.967327861770333
-0.0101637333198613,4,677,3677,-0.0110318436854454,-0.011207004403899,-0.01146872459462,-0.0119002534508962,-0.0127388203537583
0.277779242554708,4,678,3678,0.303728266079925,0.309073936114477,0.317141342614597,0.330673117177553,0.357926522613415
0.810381350657818,4,679,3679,0.937364323870516,0.966548356137949,1.01288794306476,1.09747852743207,1.29876592424121
0.62437932073326,4,680,3680,0.703592400891653,0.721024039760269,0.74815602669038,0.796085144534196,0.903123528948024
0.902663081612116,4,681,3681,1.06057643981396,1.09769966577546,1.15725916083727,1.26783920920677,1.5396633888609
0.997052293400957,4,682,3682,1.19264849017842,1.23973745748009,1.31611306772951,1.46045626738882,1.82755788312471
-0.300622746649451,4,683,3683,-0.329121088187785,-0.33501147613533,-0.343915015756237,-0.358889609223823,-0.389216396683815
-1.26259128295164,4,684,3684,-1.60547790920443,-1.69406154043695,-1.84247847473901,-2.13818428818968,-2.97036813180285
-1.47592644497213,4,685,3685,-1.99528988984485,-2.13791735570957,-2.38376522702643,-2.89673981547608,-4.47494337493371
-0.871376235881264,4,686,3686,-1.01819038291377,-1.05243814087929,-1.10718995235128,-1.20825712975641,-1.45395477929665
-0.776020708431383,4,687,3687,-0.89281516825995,-0.919436860875306,-0.961548231757366,-1.03794522481726,-1.21757986571056
-1.6045977388326,4,688,3688,-2.26342054936561,-2.45153612412695,-2.78178055734103,-3.49168026024254,-5.8060487287898
-0.891952050865887,4,689,3689,-1.04599177213302,-1.08210820720922,-1.13998196975775,-1.2472189104395,-1.50982290302344
-1.1033973679926,4,690,3690,-1.34994585872637,-1.41096182121429,-1.51118657713738,-1.7045464664207,-2.21610351327603
-0.48650695545313,4,691,3691,-0.540161033682103,-0.551625153138142,-0.569226468792552,-0.599620396762147,-0.664531761189362
0.117343621547976,4,692,3692,0.127532000916719,0.129595709834195,0.132685021380229,0.137795253248079,0.147793805901939
-0.158113442200111,4,693,3693,-0.172025556491753,-0.174852324735977,-0.179090276082956,-0.18611874712638,-0.199945560097061
-0.65042990529835,4,694,3694,-0.735319780153861,-0.754110669624829,-0.78343760301359,-0.835476486249863,-0.952709523637943
0.0393605912287232,4,695,3695,0.0427283571159238,0.0434081606430049,0.0444241073374719,0.0460997996076324,0.0493584754807153
0.11536942864222,4,696,3696,0.125380914221912,0.12740853133652,0.130443625935006,0.135463635087379,0.145283440899668
0.956967233655782,4,697,3697,1.1357560377546,1.17836265186673,1.24714665204939,1.37615790834581,1.69952508223689
0.929040557509946,4,698,3698,1.09683098021981,1.1365366973435,1.20043169803356,1.31964609873001,1.61546991392602
-0.69674616734036,4,699,3699,-0.792489311214838,-0.813909035261949,-0.847502658763496,-0.907595099549368,-1.04510467411845
-2.27308339188928,4,700,3700,-4.30834208952981,-5.03998839723932,-6.47642874226816,-10.1859199027258,-27.6416301809461
-0.193219116172604,4,701,3701,-0.210467351248604,-0.213983769625291,-0.219264180153317,-0.22804590946053,-0.24542253156408
-0.211703525245214,4,702,3702,-0.23076645709644,-0.234660646877238,-0.240513969187238,-0.250264613498915,-0.269625044842846
-0.367472840402463,4,703,3703,-0.404032217065722,-0.411670737811678,-0.423275828643047,-0.442964244375294,-0.48354870600912
0.428562025902854,4,704,3704,0.473403506451355,0.482876591751232,0.497343998617425,0.522104857791989,0.574055628776598
1.67114171005045,4,705,3705,2.41379962608883,2.63031307170665,3.01416915318248,3.85264277773177,6.67328281610751
0.861578258466712,4,706,3706,1.00504924541211,1.03843657662562,1.09175398331308,1.18999607779132,1.42800119559783
0.536147283548307,4,707,3707,0.59819993312349,0.611595308210898,0.632260248220658,0.668230131411243,0.746270412401052
-0.339452599473415,4,708,3708,-0.37251672351154,-0.379392539327141,-0.38981564670763,-0.407432239241193,-0.443469125887901
-0.634151944417,4,709,3709,-0.715459918942003,-0.733391848674082,-0.761330786008515,-0.810768052239677,-0.921534929580225
-0.29655671192409,4,710,3710,-0.324594239819002,-0.33038587048833,-0.339137612223419,-0.353849675656609,-0.383614809243151
0.0317520264650838,4,711,3711,0.0344670150114978,0.0350149667565621,0.035833803451819,0.0371842092502577,0.0398095879433525
0.993269211843113,4,712,3712,1.18722609589021,1.23387532219204,1.30950422455547,1.45233317408682,1.81508246365175
0.959802468210407,4,713,3713,1.13973991541697,1.1826509873872,1.25194922765476,1.38199453128526,1.70828760219971
1.53795329322724,4,714,3714,2.12104004849146,2.28416983107583,2.56781612208675,3.16809980152847,5.06642322222893
1.23524494754276,4,715,3715,1.55966967232273,1.6428548231941,1.78174275615446,2.05690173844385,2.82288851176082
-0.317491582756389,4,716,3716,-0.347935853646784,-0.354244697468913,-0.363792438274964,-0.379884012695716,-0.412612254567125
0.940945627583192,4,717,3717,1.11335522795134,1.15427609999019,1.22021666330521,1.34352249076442,1.65080966187358
-0.468669813606845,4,718,3718,-0.519503279860537,-0.530326012740452,-0.546914895546195,-0.575480689382933,-0.636150266128336
-0.268520614211602,4,719,3719,-0.293462901326465,-0.29859455783609,-0.30633422801824,-0.319302658284015,-0.345365084818251
-0.627155983291254,4,720,3720,-0.706960103349107,-0.724532733563438,-0.751892022606414,-0.800245624640305,-0.908331925578479
0.652028851262538,4,721,3721,0.737276911749308,0.75615393841083,0.785620233586729,0.837920846442391,0.955806751665416
0.467477010966811,4,722,3722,0.518125385776839,0.528906162811458,0.545428910585534,0.573875552924687,0.634269810914973
-1.2533391836428,4,723,3723,-1.5898844055206,-1.6766078495434,-1.82173662117841,-2.11033632750307,-2.91952942823715
0.386414951522426,4,724,3724,0.425441016723624,0.433622003556776,0.446070718930609,0.467246317442477,0.511130387295989
-1.19856857624376,4,725,3725,-1.49953403327784,-1.57593607148328,-1.70291151387235,-1.95258953094873,-2.63770158044106
-0.0142488298829582,4,726,3726,-0.0154660054892582,-0.0157116049602457,-0.0160785778191564,-0.0166836636319888,-0.0178595541460415
0.589135020694841,4,727,3727,0.661125873582734,0.676844945931619,0.701223230844148,0.744031272895378,0.838523894639615
0.4325251571034,4,728,3728,0.477938053322774,0.487539064130625,0.502207009321842,0.527325973508625,0.580090674673275
-0.796141939384787,4,729,3729,-0.918820197731677,-0.946918247680317,-0.99146335066452,-1.07256894097273,-1.26460977253156
-1.00801542474009,4,730,3730,-1.20842634852547,-1.25680997861926,-1.33538638152068,-1.48420021939718,-1.86419241238618
0.215829824236309,4,731,3731,0.235303898324028,0.239283945138022,0.245267665267368,0.255239383124196,0.275054682779042
0.409874927381739,4,732,3732,0.452080158260371,0.460965262667215,0.474512478188665,0.497634549787114,0.545879176414766
-1.71566481874574,4,733,3733,-2.51938389951665,-2.75704623294939,-3.18124280008042,-4.11805609125574,-7.33817347250291
-0.253612815180228,4,734,3734,-0.276964398280343,-0.281759169778986,-0.288983833549928,-0.301069561139062,-0.325276272051364
-0.189037258959645,4,735,3735,-0.205880813598022,-0.209313247341735,-0.214466474402602,-0.223033633038545,-0.239973076221448
0.116641721244707,4,736,3736,0.126767175851244,0.128818044668443,0.131888066792442,0.136966195949032,0.146901134922266
-1.18560367282724,4,737,3737,-1.47862046884702,-1.55274416897516,-1.67573412701706,-1.91694017152362,-2.57547418179826
1.27983898910316,4,738,3738,1.63481253376676,1.72695854775256,1.88168601719639,2.19107588437174,3.06781340252611
0.705893254939803,4,739,3739,0.803900750139472,0.825873688067505,0.860368606819505,0.922172543097021,1.06403902592373
0.83033671955298,4,740,3740,0.963554777259248,0.994320301565318,1.04327940667022,1.13297658490776,1.34790828653394
0.744051131452833,4,741,3741,0.851959288680287,0.876369354020259,0.914848017904799,0.984256756078998,1.14567153572064
0.197088217126428,4,742,3742,0.21471274807848,0.218307344286977,0.223706204428087,0.232687939751951,0.250472764121494
-1.01974977186819,4,743,3743,-1.22542112308642,-1.27522453789192,-1.35621844215458,-1.50995609623957,-1.90421511868398
-0.194197118411909,4,744,3744,-0.211540298438696,-0.215076434567638,-0.220386714614426,-0.229218864065154,-0.246698327562539
-1.91834429048329,4,745,3745,-3.05828426941412,-3.4188030294865,-4.08334801425443,-5.63026117043502,-11.5318965073285
-0.10688117434475,4,746,3746,-0.11613521026911,-0.118008429343494,-0.120811692116014,-0.125446205883893,-0.134503498204392
0.145166217849009,4,747,3747,0.157880066036199,0.160460564304991,0.16432728433031,0.170734315970835,0.183314838864637
0.13676989399481,4,748,3748,0.148714849326484,0.151137696226684,0.154767036784061,0.160777456117165,0.172565691381741
-0.427808746996635,4,749,3749,-0.472542112885913,-0.481991013043782,-0.496420520099987,-0.521113738983731,-0.572910932844616
-0.69188691022962,4,750,3750,-0.786443776474815,-0.807574315087826,-0.840697255956372,-0.899897283298657,-1.03514151476043
-0.853045754549522,4,751,3751,-0.993655615518387,-1.02630872024972,-1.07840368629533,-1.17424308812784,-1.40573052401111
-0.0707911616517044,4,752,3752,-0.0768735056962265,-0.0781024751764832,-0.0799400114999148,-0.0829733319389943,-0.0888824713744416
-0.492066404319161,4,753,3753,-0.546620212844718,-0.558289709911474,-0.576215765346392,-0.607197664123304,-0.673480146531244
-0.293183896203376,4,754,3754,-0.320841533010776,-0.326551846426477,-0.335178665441387,-0.349674873530974,-0.378979011833455
-0.287134020823692,4,755,3755,-0.314115514378678,-0.319681314874442,-0.32808628089974,-0.342199583318557,-0.370687760617242
-1.80219209061941,4,756,3756,-2.73705343928241,-3.02139059536358,-3.53575810662154,-4.69688000782699,-8.86440521608369
-1.2609959538099,4,757,3757,-1.60278211033378,-1.69104249194634,-1.83888768351921,-2.13335669609133,-2.96153181579006
-0.472210461527175,4,758,3758,-0.523595918567225,-0.534543872535555,-0.551330209828122,-0.580251943186266,-0.641744822460481
-0.87546417773255,4,759,3759,-1.02369161961337,-1.05830391794668,-1.11366404265547,-1.21593115947988,-1.46490553611095
0.431218665393756,4,760,3760,0.476442702630117,0.486001414048823,0.500603036944853,0.525603530753563,0.578098804371958
-0.352039949868063,4,761,3761,-0.386652305672193,-0.393865088622335,-0.404809790613815,-0.423338905441614,-0.461371479174628
1.18011462031634,4,762,3762,1.46981889162183,1.54299615850925,1.66433291762462,1.90203278084016,2.54961412542408
0.522730775130569,4,763,3763,0.582430611481884,0.595281822607837,0.615081337580855,0.649469705677916,0.72375837346568
-0.253773558507248,4,764,3764,-0.277142100227217,-0.281940455093348,-0.289170591092521,-0.301265681456747,-0.325492008349297
0.384272343483141,4,765,3765,0.423015006886157,0.431133495498245,0.443484894548363,0.464488592032411,0.507989814098297
0.877158657416643,4,766,3766,1.02597513066977,1.06073950134199,1.11635349452618,1.2191217081154,1.46946608781986
-1.02600351509591,4,767,3767,-1.23452422056449,-1.28509894688841,-1.3674079141869,-1.52382961100107,-1.92589588564212
1.39621426133879,4,768,3768,1.84239398268704,1.96209914390282,2.16620258951587,2.58460573453069,3.82851131636676
0.709151300771835,4,769,3769,0.807975295950788,0.830148105689808,0.864968934643391,0.927392594424934,1.07084064850534
1.01137013868182,4,770,3770,1.21327358404454,1.26205948789089,1.34132042890854,1.49152712548904,1.87554781131864
0.176584483322087,4,771,3771,0.192235034866632,0.195420416808746,0.200199898331392,0.208137597482395,0.223798987666401
-1.40144062419858,4,772,3772,-1.85213691281713,-1.97323660034458,-2.17986304097613,-2.60392280651409,-3.86743384017407
-0.326787890032488,4,773,3773,-0.358328882519693,-0.364874573562484,-0.374787641418004,-0.391514674244246,-0.425617471339046
0.82985774562573,4,774,3774,0.962923329547166,0.993650061543364,1.04254482590581,1.13211630692434,1.34671082963465
2.14068392603422,4,775,3775,3.78652003902244,4.34967995287177,5.42848089902666,8.10354313389034,19.692958945844
-0.131359652463084,4,776,3776,-0.142812368287893,-0.145134434859326,-0.148612133265334,-0.154369489552105,-0.165653426155764
1.13855020831355,4,777,3777,1.40416158690826,1.47051013847199,1.57996159816794,1.79259772575228,2.36270869466763
2.35887541750871,4,778,3778,4.68961802189345,5.555552455219,7.28414601377765,11.8728672678038,34.7206574389301
-0.198947285480655,4,779,3779,-0.216753277494998,-0.220385602486294,-0.225841647367588,-0.23491999995371,-0.252902257225738
-0.796802760914207,4,780,3780,-0.91967817924074,-0.947825861371218,-0.992452898955028,-1.07371737104095,-1.26617858218552
0.582397354478345,4,781,3781,0.653064913005029,0.668472319322414,0.692350957360401,0.734234207904538,0.82648098733422
1.2037727295376,4,782,3782,1.50797860701898,1.58531238459989,1.71392002944984,1.96707543633584,2.66314241271713
-0.702093380963544,4,783,3783,-0.799155228012861,-0.820896936736219,-0.855014998316604,-0.91610289074825,-1.05614459675581
-0.112573522038233,4,784,3784,-0.122334962829707,-0.124311585249172,-0.127270091769969,-0.132162695714494,-0.141730276184713
0.0450096722723065,4,785,3785,0.0488629998110139,0.0496409227845715,0.0508035827772029,0.0527214814323094,0.0564520708082956
0.484173523169914,4,786,3786,0.537452916029219,0.548831618617885,0.566297952031042,0.596447707032839,0.660790639751751
2.98071425905596,4,787,3787,9.02147382732408,11.9328085290943,18.6073558350919,40.9579586290015,221.372179215881
0.94700311368191,4,788,3788,1.12180241554134,1.16335375789451,1.23035700389205,1.35579268890119,1.66906984203513
-0.818317122378814,4,789,3789,-0.947751008074135,-0.97755551037145,-1.02492194728885,-1.11151161959867,-1.31812709271301
0.294842431666497,4,790,3790,0.322686609221664,0.328436841437162,0.337124977518472,0.351727113992745,0.381257389215981
-0.129625745358428,4,791,3791,-0.14092121629079,-0.143211112335517,-0.146640421268635,-0.152317072472277,-0.163440379068366
-0.447088987409263,4,792,3792,-0.4946399688171,-0.504721123605507,-0.520142786637122,-0.546610661029835,-0.602453935877038
0.751568533979403,4,793,3793,0.861516489233365,0.886432245900135,0.925740104192368,0.996739608708845,1.16228094746788
-0.549691438142216,4,794,3794,-0.614184471387704,-0.628146738080143,-0.649714988146028,-0.68734070381408,-0.769331208016541
-0.800207468200663,4,795,3795,-0.924102709171481,-0.952507281524851,-0.997558522880551,-1.07964595081503,-1.2742863984979
-0.15537773574221,4,796,3796,-0.169035329452673,-0.171809727337772,-0.175968691258353,-0.182864813763672,-0.19642569449181
-1.52975447180971,4,797,3797,-2.1040568068386,-2.26433138196954,-2.54268921091926,-3.13066728121631,-4.98324419231841
0.133866854960182,4,798,3798,0.145547379865478,0.147916073714721,0.151463921225797,0.157338314960184,0.16885536397074
-0.443014454413444,4,799,3799,-0.489961133374698,-0.499906346696936,-0.515114448232253,-0.541199644520803,-0.596167539634123
-0.349455076368506,4,800,3800,-0.383746630802342,-0.390889477325792,-0.401725843451958,-0.420065196096781,-0.457681803577267
-0.770248344262731,4,801,3801,-0.88539695122512,-0.911607355196137,-0.953041953705297,-1.0281333352513,-1.20434614461004
-0.557013369392231,4,802,3802,-0.622853607391971,-0.637129880090996,-0.659199223611237,-0.697745653547573,-0.781942229468598
0.889675606817989,4,803,3803,1.04290205227539,1.07880754897176,1.13632845011134,1.2428666283428,1.50354867357124
2.04825514467826,4,804,3804,3.46356851373536,3.93195550756098,4.81460052265896,6.94493883164715,15.6842021250722
1.32255349453171,4,805,3805,1.70899616937587,1.81051819909431,1.98193649740802,2.32780218578531,3.32504351290262
-0.152872817340246,4,806,3806,-0.166297998196786,-0.16902460356236,-0.173111505256207,-0.179886941776929,-0.193205565890616
2.24479551532462,4,807,3807,4.19043118386976,4.88241634257954,6.23372614975446,9.69255842348862,25.6765846396189
1.35614490186316,4,808,3808,1.76894022100799,1.87842291540346,2.06410138412698,2.44144062211697,3.54460149528254
-0.720775050394545,4,809,3809,-0.82255537495159,-0.845453568602016,-0.881458429672902,-0.946137247518178,-1.09535804046149
1.3431094360572,4,810,3810,1.7455056560131,1.85183532310013,2.03185620748426,2.39667553522275,3.45749369548473
-0.576558117444393,4,811,3811,-0.646093267994557,-0.66123450388485,-0.68468680977447,-0.72578208046116,-0.816120229407908
-0.552395857404167,4,812,3812,-0.617384182764486,-0.631461805588018,-0.653214081260368,-0.691177749739962,-0.773977219947106
-0.0122360266083626,4,813,3813,-0.0132811954744803,-0.0134920845181288,-0.0138071909908092,-0.0143267498857958,-0.0153364046981794
-0.515784121241257,4,814,3814,-0.574290388800446,-0.586866463908497,-0.60622904983131,-0.639820820601006,-0.712227962598958
0.896942617826285,4,815,3815,1.05277748307951,1.0893600630426,1.14801400265157,1.25679717164525,1.52366050424699
0.650097531006353,4,816,3816,0.734913093386923,0.753686117510711,0.78298415035263,0.834968768264183,0.952066497459851
0.142536729206916,4,817,3817,0.15500911413911,0.157540072858227,0.161332178004028,0.167614480851926,0.179945583705852
-1.44756031610008,4,818,3818,-1.93980422910988,-2.07385744065291,-2.30402388659736,-2.78123345227306,-4.23141757962449
-0.412718251236442,4,819,3819,-0.455318519177803,-0.46429149754654,-0.477976072887898,-0.501342303168873,-0.550137124659369
-1.33146327409911,4,820,3820,-1.72475474301457,-1.82833626143719,-2.00343614259354,-2.35740080216706,-3.38173044159795
-1.38984915265703,4,821,3821,-1.83057953262813,-1.94860578729697,-2.14967471195891,-2.56128492662772,-3.78171519996578
-0.58720413453274,4,822,3822,-0.658813919578137,-0.674443172821694,-0.698677415769198,-0.741218708691873,-0.835062894096789
0.926053574954649,4,823,3823,1.09270097884815,1.13210672639819,1.1954973048748,1.31370449673627,1.60671516686079
2.15845437599359,4,824,3824,3.85229524787846,4.43567166663977,5.55681002887786,8.35167501437974,20.5913909902338
1.03730884270773,4,825,3825,1.25106259711764,1.30305800695736,1.38779233850655,1.54917438742264,1.96572430551375
-0.338084844777348,4,826,3826,-0.37098282650728,-0.377822565692356,-0.388189888216709,-0.405709052831364,-0.441533556821608
-0.460323624967601,4,827,3827,-0.509871073473549,-0.520402639640119,-0.536532795523792,-0.564272819957364,-0.623037277990272
-1.56809674272366,4,828,3828,-2.1844668398039,-2.35849639091714,-2.66240140509223,-3.31008371229761,-5.38645567034284
-0.441989091905548,4,829,3829,-0.48878445299728,-0.498695655271668,-0.513850346196826,-0.539839894611328,-0.594589240361198
1.03530395133702,4,830,3830,1.24812190655862,1.29986287419446,1.38416252997361,1.54465461755871,1.95860073244594
-0.0720273027005067,4,831,3831,-0.0782171694438087,-0.0794679271977053,-0.0813380863811568,-0.0844253887717773,-0.0904402227091195
-0.283429071175693,4,832,3832,-0.309999785226824,-0.315477926070513,-0.323748415080661,-0.337629891373206,-0.365625180333718
0.933381943144231,4,833,3833,1.1028450215669,1.14299022173986,1.20762463481904,1.32831669106835,1.62827397263612
-0.134521505129836,4,834,3834,-0.146261598588952,-0.148642488710552,-0.15220868792582,-0.15811370791801,-0.169691790809565
-2.0373132390593,4,835,3835,-3.42734703372892,-3.88558154482058,-4.74745283047486,-6.82115710022547,-15.2747001333971
-1.5671963263166,4,836,3836,-2.18254934417604,-2.35624392476552,-2.65952472647991,-3.30574056233869,-5.37656077446855
0.266373004076145,4,837,3837,0.291083864820548,0.29616641241253,0.303830940113002,0.316670384754025,0.342460845145066
-0.303035586045575,4,838,3838,-0.331808866948023,-0.337758238956719,-0.346752485136697,-0.361884076345113,-0.392547252224489
-0.179666109180583,4,839,3839,-0.19561024762593,-0.198856353281046,-0.203727646688586,-0.211819825786815,-0.227794260980703
-0.568125120831676,4,840,3840,-0.636048175330462,-0.650811357788165,-0.673658735378637,-0.713637723392985,-0.801279999589216
-1.32545007067324,4,841,3841,-1.71410828518966,-1.81629581568148,-1.98890318441905,-2.33738260371613,-3.34335308299982
-0.131400322619989,4,842,3842,-0.142856729684417,-0.145179551577364,-0.148658386201634,-0.154417637776917,-0.16570534777468
-0.379171783390422,4,843,3843,-0.417244349400413,-0.425215240410231,-0.437336938723359,-0.457935245000374,-0.500535090946726
0.043620642611322,4,844,3844,0.0473544991224877,0.0481082763644744,0.0492348297097219,0.0510931128449421,0.0547075160413397
-0.599670440060078,4,845,3845,-0.67376679345857,-0.689983134111456,-0.715159585381381,-0.759447812536335,-0.857547883092741
-0.279954047514324,4,846,3846,-0.30614171065433,-0.311538202341793,-0.319683500513459,-0.333349345881323,-0.36088694776496
-0.212982032326986,4,847,3847,-0.232172110361922,-0.236092840830549,-0.241986464978823,-0.251805414528137,-0.271306298245267
-0.331012884110405,4,848,3848,-0.36305822366314,-0.36971307467041,-0.379794686708197,-0.396815372543377,-0.431555370098333
-1.47840581232728,4,849,3849,-2.00019834928869,-2.14359829510224,-2.39086271554807,-2.90708166815575,-4.49699055911498
-2.49833236648424,4,850,3850,-5.39538706355783,-6.53273928907696,-8.86818686242839,-15.3662947849301,-51.0131930289591
-0.883778185274663,4,851,3851,-1.03491387799348,-1.07027780376298,-1.12689327849924,-1.23164010596288,-1.48740337757849
0.332060862666486,4,852,3852,0.364231882267294,0.370913958814784,0.381037623910351,0.398131625541507,0.433030907011142
-0.271017021579498,4,853,3853,-0.296229303870328,-0.301418295238961,-0.309245723903992,-0.322364879258824,-0.348745453118433
0.0518774422025816,4,854,3854,0.056322292701936,0.0572198048385959,0.0585613224498684,0.0607746130531619,0.0650812321673729
-0.792290467972249,4,855,3855,-0.91382462787079,-0.941634871854236,-0.985705003264116,-1.06589002050797,-1.25549737560152
-0.122289643992188,4,856,3856,-0.13292246136602,-0.135076907963824,-0.138302567350855,-0.14363981647251,-0.154088622741319
1.12007190464965,4,857,3857,1.37551694843123,1.43901368572522,1.54352464915022,1.74581884577136,2.28440004943066
0.219753881044968,4,858,3858,0.239621082343851,0.243683318115802,0.249791931750388,0.2599755810805,0.280227717860529
1.55424061977181,4,859,3859,2.15511640437131,2.32405585221858,2.6184865578395,3.24395162100376,5.23650649618972
-0.171075408738787,4,860,3860,-0.186203707109581,-0.18928118597947,-0.193897605366514,-0.201561177602998,-0.21666803461688
0.375086845675304,4,861,3861,0.412627317686891,0.420481187399296,0.432420894902113,0.452698369581743,0.494586350808415
2.27480796852171,4,862,3862,4.31565074279732,5.04978507411627,6.49158409485563,10.2169405432588,27.7668193285028
1.4350290496123,4,863,3863,1.91567794876088,2.0460936369416,2.2696310587974,2.73180651914052,4.12874528929671
-1.35323338845827,4,864,3864,-1.76368676733955,-1.87245806898866,-2.05685899164508,-2.43136734777053,-3.52493032260459
-0.839549151845473,4,865,3865,-0.975727235187516,-1.00724700563397,-1.05745795092306,-1.1496033888035,-1.37111558774772
-2.12385660699243,4,866,3866,-3.7253700853416,-4.2700083288718,-5.31016886787427,-7.87655865831238,-18.883174417994
-0.198022674970207,4,867,3867,-0.215738363520822,-0.219351910540199,-0.224779492346543,-0.233809749945734,-0.251693707620131
-1.58752510688047,4,868,3868,-2.22619170957433,-2.40759407453688,-2.72526369116446,-3.40537839154115,-5.60521927968535
0.867709007852346,4,869,3869,1.01326458463282,1.04718811123116,1.10139916923851,1.20140059840105,1.44419262577901
-0.537256321881231,4,870,3870,-0.599506310517216,-0.612947433943726,-0.633685206313207,-0.669788406382195,-0.748145899536629
0.0052473959484873,4,871,3871,0.00569554835668712,0.00578597118351457,0.00592107699333247,0.00614383777238646,0.00657670016317666
1.03203881153966,4,872,3872,1.24333992636195,1.29466882641977,1.37826480128762,1.53731705100679,1.94705538037515
1.17399730297944,4,873,3873,1.46004646125058,1.53218150678382,1.65169939190272,1.88554721799148,2.52112752991976
0.720381132990511,4,874,3874,0.822060153813491,0.844933447180092,0.880897632455349,0.945498882180266,1.09452066725178
0.932527635053024,4,875,3875,1.1016604978885,1.14171888676819,1.20620720701271,1.32660719329658,1.6257468662102
0.175610438991667,4,876,3876,0.191168411878696,0.194334655242398,0.199085206985053,0.206974249691551,0.222537122070033
-0.518045318388068,4,877,3877,-0.57693828135261,-0.589603427449344,-0.60910741451096,-0.642956844823376,-0.715971960454134
1.27656830168705,4,878,3878,1.62922297681187,1.72068385310139,1.8741962841227,2.18094673590842,3.04906217743713
-1.02877415951186,4,879,3879,-1.23856753060609,-1.28948727551874,-1.37238487954009,-1.5300092478174,-1.9355806434193
-0.943028478494134,4,880,3880,-1.1162567531311,-1.15739347566342,-1.22369775946508,-1.34773223451955,-1.65706692122118
-0.808652005870692,4,881,3881,-0.935105840299122,-0.964156120866205,-1.01027450419841,-1.09443490745382,-1.29457803047732
-0.990411994414808,4,882,3882,-1.1831382254572,-1.22945769042193,-1.30452690819807,-1.44622174331514,-1.80571594520661
-0.190481618107408,4,883,3883,-0.207464708122602,-0.210926089574997,-0.216123146573449,-0.224764229192781,-0.241854202057068
0.478530068127511,4,884,3884,0.530910419184713,0.542084436009571,0.559227496861636,0.588793018211195,0.651778195142166
-0.337328223229956,4,885,3885,-0.370134470861261,-0.376954297618949,-0.387290834688466,-0.404756246640032,-0.440463633307389
-0.610199899172578,4,886,3886,-0.686445646037609,-0.703171332496728,-0.729166546445799,-0.774976733487878,-0.876802159431488
-0.237516707566714,4,887,3887,-0.259190573254118,-0.263631711312718,-0.270316948030206,-0.28148148019181,-0.303765345143255
-0.340544269312998,4,888,3888,-0.37374128993832,-0.380645975032032,-0.39111373083508,-0.408808324993649,-0.445015344179334
-0.763810437479327,4,889,3889,-0.87714516666423,-0.902903162811265,-0.943593957925162,-1.0172523417945,-1.18971875743357
-0.13791863206599,4,890,3890,-0.149968420293188,-0.152412745148696,-0.156074413652878,-0.162138812345709,-0.174034739344121
-0.667300857022139,4,891,3891,-0.75602842459821,-0.775744456441805,-0.806569784532336,-0.861427532061266,-0.985714100741618
1.2371181192922,4,892,3892,1.56278052483475,1.6463259473722,1.785848499764,2.06237142752882,2.83272584584452
1.43138712348522,4,893,3893,1.90870961129797,2.03808494101471,2.25972905788815,2.71762012116298,4.09944810559253
-1.13784863544758,4,894,3894,-1.40306802515946,-1.46930628648633,-1.57856642068862,-1.7908011899642,-2.35968365620084
-1.7741812706362,4,895,3895,-2.66469935248879,-2.93306834907057,-3.41641826884756,-4.49971293260162,-8.33307269627931
-0.950393342054324,4,896,3896,-1.126541823932,-1.1684496603101,-1.23605419849228,-1.3626963061796,-1.67937314742218
-0.942939683034182,4,897,3897,-1.11613299177637,-1.15726049228913,-1.22354923423676,-1.34755256696325,-1.65679970630046
0.138419244768075,4,898,3898,0.150514753889802,0.152968447579994,0.156644218928607,0.16273216907349,0.174675096143915
-0.320331313757152,4,899,3899,-0.35110872445918,-0.357489436591562,-0.36714797779376,-0.383432128513546,-0.416576299944267
0.388319761442106,4,900,3900,0.427598732898864,0.435835530445104,0.448371175279082,0.469700402586586,0.513926940628814
0.50078390863658,4,901,3901,0.556768748620775,0.568765668093296,0.587209975602519,0.619131774949418,0.687612788647572
1.29289066632166,4,902,3902,1.65724443178267,1.75217008188666,1.91183356802706,2.23196844115673,3.14394444036942
1.35791773801912,4,903,3903,1.77214454282249,1.88206244214987,2.06852277355441,2.44759559094658,3.55664084555489
1.42584434432764,4,904,3904,1.8981413979112,2.02594769871849,2.24473865338734,2.69618127460281,4.05531927391368
0.155057381142282,4,905,3905,0.168685217836811,0.171453495063396,0.17560322907121,0.182483890679301,0.196013723441841
1.25279039846739,4,906,3906,1.58896256506216,1.67557676776002,1.82051259101375,2.10869583321744,2.91654466485715
0.986949576110123,4,907,3907,1.17819304122358,1.22411559890707,1.29851147889461,1.43884289364331,1.79442914988046
1.12424676376102,4,908,3908,1.38196017719343,1.44609167062355,1.55170107838167,1.75629063617159,2.30184706945113
0.0165748637288611,4,909,3909,0.0179908584790194,0.0182765811830807,0.0187035101166021,0.0194074670599773,0.0207755482007687
-2.69679789146795,4,910,3910,-6.62624527255463,-8.30032050869379,-11.8886083770697,-22.6162059618684,-90.9293536008554
0.00713944727834626,4,911,3911,0.00774920708766215,0.00787223794724489,0.00805606584282688,0.00835916069889914,0.00894813300306386
-1.19403195913663,4,912,3912,-1.49219601167189,-1.56779390855058,-1.69336174847412,-1.94004450995032,-2.61574176853868
-0.0336070402860095,4,913,3913,-0.0364810644290791,-0.0370611336071039,-0.0379279798348553,-0.0393576033823531,-0.0421371636058761
-0.889994570372752,4,914,3914,-1.04333475805947,-1.07926974672849,-1.13683997571514,-1.24347581512823,-1.50442636828266
-1.1542281355463,4,915,3915,-1.42872478340183,-1.4975803411507,-1.61138632333031,-1.8331755991763,-2.43140786841446
0.667920271605078,4,916,3916,0.756791217964757,0.776541908855513,0.807423439855276,0.862387122455903,0.986939704264872
0.190810933905258,4,917,3917,0.207825872883507,0.211293863202023,0.216500927835853,0.225158892566625,0.242283254957126
1.15272389396482,4,918,3918,1.42635753297206,1.49496900182251,1.6083505560655,1.82924615785527,2.42472401223623
2.4425533546271,4,919,3919,5.0992469147367,6.11924727369195,8.18981261024099,13.8417068802702,43.6449726830258
-0.515018258033791,4,920,3920,-0.573393948984721,-0.585939962074616,-0.605254834625279,-0.63875969289976,-0.7109618877794
-0.504662631622396,4,921,3921,-0.561292229658577,-0.57343697504897,-0.592115477982444,-0.624462632025873,-0.693941273933251
-1.36488051187161,4,922,3922,-1.78476969076613,-1.89641185319895,-2.08597215501373,-2.47192630715721,-3.6043799446965
-1.46273786704358,4,923,3923,-1.96933982675433,-2.10792104987038,-2.3463591406829,-2.84239935695537,-4.3597527610221
0.41608041383342,4,924,3924,0.459150588951689,0.468228203877371,0.48207641692991,0.505733731930359,0.555185406604189
-0.43254513928328,4,925,3925,-0.477960927730632,-0.487562586463393,-0.502231547652321,-0.527352326985026,-0.580121157402459
0.962366587850116,4,926,3926,1.14334801308367,1.18653604243969,1.25630225563272,1.38728915264382,1.71624956594101
0.621836749993567,4,927,3927,0.700511503317237,0.717814833975283,0.744740043064918,0.79228323379256,0.89836992193131
-0.852920049686276,4,928,3928,-0.993488105429081,-1.02613049679648,-1.07820763664706,-1.1740120352233,-1.40540468912902
-0.732763431621798,4,929,3929,-0.837664797455495,-0.861331638790773,-0.898593204516409,-0.965671820823522,-1.12106505455488
-1.08825742082101,4,930,3930,-1.32695064153026,-1.38578791978299,-1.48225746987482,-1.66781971642936,-2.15595753163533
2.03369736417981,4,931,3931,3.41546617457788,3.87039203280509,4.72550376473953,6.78082578838132,15.1420817176756
0.350279181081349,4,932,3932,0.384672850295311,0.39183795188766,0.40270878794736,0.421108505483149,0.458857381223982
-0.14180829325988,4,933,3933,-0.154213895706792,-0.156731158067613,-0.160502637777957,-0.166750472641931,-0.179012691753198
0.40152954045405,4,934,3934,0.442587611969679,0.451218011082588,0.464367415872777,0.486783322761026,0.533440643943959
0.817566015560147,4,935,3935,0.94676631807248,0.976511619888902,1.02378003373171,1.11017872184311,1.31628442870527
0.273818756019219,4,936,3936,0.299335325617124,0.304588987650379,0.312515441058754,0.325804779052057,0.35254501425779
0.494843104919048,4,937,3937,0.549850030517397,0.561623100184193,0.579713021950713,0.610991902659436,0.677968170529131
-0.82300744984998,4,938,3938,-0.953907618597625,-0.984084062600685,-1.03206658806576,-1.11985734742868,-1.32968228332785
-1.06319793182203,4,939,3939,-1.28934201077898,-1.34472205769866,-1.43525059820962,-1.60853511329651,-2.06012346236014
-1.25994551476446,4,940,3940,-1.60100867480115,-1.68905678485425,-1.8365266042508,-2.13018388030504,-2.95572964930573
-0.564397669020135,4,941,3941,-0.631616840928717,-0.646215278639258,-0.668799273211431,-0.708292904103272,-0.794765980802613
0.0965295324638229,4,942,3942,0.104866277108364,0.106552815727688,0.10907598925758,0.113245378005593,0.121385168049529
1.10542496141489,4,943,3943,1.3530414241949,1.41435444641513,1.51509187940355,1.70951851584274,2.2242915903759
-0.122068140118504,4,944,3944,-0.132681014444138,-0.134831387593097,-0.138050924665106,-0.143377976486647,-0.153806542670454
0.237967140548027,4,945,3945,0.259687416922671,0.264138314456114,0.270838421818133,0.282028302622046,0.304364888356791
-0.841120222324563,4,946,3946,-0.977808332260556,-1.00945828410989,-1.05988545720501,-1.15245428330356,-1.37510698812317
2.04370812394727,4,947,3947,3.44846695084398,3.91260921121902,4.78656287350392,6.89318076008538,15.5125192307688
0.824265084832431,4,948,3948,0.955560666804423,0.98583750658958,1.03398639776627,1.12210170669866,1.33279493614263
-0.440561518929029,4,949,3949,-0.487146709319717,-0.497010691678146,-0.51209124233367,-0.537948058767624,-0.592394284325704
0.892995396742911,4,950,3950,1.0474090262436,1.08362249278828,1.14165860940205,1.24921717556453,1.51270640962991
0.639029740822355,4,951,3951,0.721398813311296,0.73958473739926,0.767933776390478,0.818138745582309,0.930809230727727
-0.494321111578924,4,952,3952,-0.549242664108555,-0.560996212158295,-0.579055242954391,-0.610278124014358,-0.677123506831717
0.740849104433082,4,953,3953,0.847897518152639,0.872094801713502,0.910224821602509,0.978965494159984,1.13865103414763
0.50152602133939,4,954,3954,0.557633836450896,0.56965893636203,0.588147879011342,0.620150716958077,0.688821671344276
0.356116978079231,4,955,3955,0.391238382624636,0.398562263673577,0.409679149418057,0.42851010838535,0.467205357049607
0.358107933148416,4,956,3956,0.39347929698491,0.400857785696706,0.412059342755537,0.431038843281641,0.470060660028216
-0.142408248237948,4,957,3957,-0.154868850713003,-0.157397392822159,-0.161185858666979,-0.167462079414627,-0.179781025970937
1.54799613691355,4,958,3958,2.14199803882296,2.30868819567055,2.59893983668356,3.21463308178141,5.17052289928759
0.311259315106023,4,959,3959,0.340978136659492,0.347130710577015,0.356437690024686,0.37211127190034,0.403938635089225
0.853286292205248,4,960,3960,0.993976175841004,1.02664978905391,1.0787788804773,1.17468529313794,1.40635419493107
-0.922601568413095,4,961,3961,-1.08793589164635,-1.12699739531999,-1.18980936693716,-1.30686206366658,-1.5966525670882
-0.0777788930444233,4,962,3962,-0.0844699644950423,-0.0858223291727391,-0.0878446523397412,-0.0911838340757131,-0.0976922051331301
-0.23260038162943,4,963,3963,-0.253769646481123,-0.258104758899789,-0.264628502593824,-0.275517922013121,-0.297230296888829
-0.122297503572538,4,964,3964,-0.132931028650312,-0.135085619802705,-0.138311496454776,-0.143649107458601,-0.154098632035003
1.27707587913438,4,965,3965,1.63008959076233,1.72165649622547,1.87535691966447,2.18251560086441,3.05196370734857
-1.01742014655071,4,966,3966,-1.22203825171987,-1.27155695890922,-1.352065751844,-1.50481428578066,-1.89620153351903
0.041691262167413,4,967,3967,0.0452592580489208,0.0459795180783659,0.0470559539709811,0.048831496881641,0.0522846804212762
0.698372725229671,4,968,3968,0.794515521987919,0.816032771061716,0.849785199065421,0.910178947662525,1.04845437988032
1.61056394394444,4,969,3969,2.27655720178854,2.46707184740056,2.80181953083573,3.5224212230474,5.87820098444239
-1.36932468216428,4,970,3970,-1.79286176564303,-1.905617092501,-2.09718060812424,-2.48758821426575,-3.63523414766839
2.01197004648703,4,971,3971,3.34499034115255,3.78050877385696,4.59607713266025,6.54432211247471,14.3724779076428
0.632745754720055,4,972,3972,0.713749755683705,0.731608996050892,0.759430619966775,0.808648430788068,0.918871841192349
0.51443058893825,4,973,3973,0.572706220309602,0.585229202254996,0.604507524149354,0.637945813785102,0.709991079173242
2.20988205430296,4,974,3974,4.04987147219526,4.69577182601297,5.94887156795033,9.12186895979614,23.4657404518843
1.61268733940142,4,975,3975,2.28124859753134,2.4726238180292,2.80898806778219,3.53343604498526,5.90413224804671
0.642071398301988,4,976,3976,0.725107416939763,0.743453187986672,0.772060459814574,0.822749260404003,0.936621397338019
0.171775257886902,4,977,3977,0.186969719164891,0.190060859803421,0.194697918885047,0.202396172266285,0.21757311774645
-0.723904965640071,4,978,3978,-0.826493018570885,-0.84958986061324,-0.885919302553539,-0.951217331369597,-1.10202790047336
-0.488784779904864,4,979,3979,-0.542806294144386,-0.554354241337194,-0.572088072378166,-0.602721839639125,-0.668192101317019
0.179131662358888,4,980,3980,0.195024808122078,0.198260363353725,0.203115702500909,0.211181030510219,0.227101025068024
1.40385997682717,4,981,3981,1.85665999320816,1.97841014823264,2.18621418576202,2.61291685988928,3.88560567805016
1.56865669937138,4,982,3982,2.18566002438921,2.35989818606408,2.66419199412779,3.31278789113551,5.39261987498633
0.0610758556983589,4,983,3983,0.0663153803180111,0.0673736678854032,0.0689557243132451,0.0715665133934102,0.0766492504324996
1.02725817202249,4,984,3984,1.23635440463783,1.28708511685659,1.3696601821575,1.5266254599336,1.93027545058453
0.24013782353627,4,985,3985,0.262082184285907,0.266580221849578,0.27335217015839,0.284664548840278,0.307256061335045
0.00549715264008285,4,986,3986,0.00596663697308705,0.00606136397313522,0.00620290094192347,0.00643626548648234,0.00688973343137622
0.0680938231667088,4,987,3987,0.0739417771887981,0.075123261092425,0.0768897067293433,0.0798054139725384,0.0854843640937101
0.348647643189086,4,988,3988,0.382839295665605,0.389960375271716,0.400763031658615,0.419043362442782,0.456530693270577
-1.81143608040738,4,989,3989,-2.76134610993654,-3.05114439546596,-3.57615853439958,-4.76414867764064,-9.04832508260291
-1.22604892846129,4,990,3990,-1.5444539339096,-1.62589023220964,-1.76170025925797,-2.03025328046601,-2.77514105528051
-0.50327120882799,4,991,3991,-0.559668936928262,-0.571760499089433,-0.590354730577436,-0.622548783686185,-0.691668152045975
-1.13336934499425,4,992,3992,-1.39609726141874,-1.46163513851577,-1.56968076582725,-1.77936936888567,-2.34046746369595
-0.384000156546973,4,993,3993,-0.422706899245783,-0.43081746950222,-0.443156541064457,-0.464138469462313,-0.507591235386067
1.3767334782508,4,994,3994,1.8064108864293,1.92104404733073,2.11599021416437,2.513929816231,3.68734601128787
0.0942791169381058,4,995,3995,0.102417319155575,0.104063492729747,0.1065261332675,0.110595082890738,0.118537091799028
-1.33523028625745,4,996,3996,-1.73144771093399,-1.83591111657255,-2.01258912412108,-2.3700311803286,-3.40602755001513
-1.60272283590018,4,997,3997,-2.25930594606944,-2.44667333331882,-2.7755143679545,-3.48208268641046,-5.78358830045909
-1.08099266450263,4,998,3998,-1.31599040150521,-1.37380658664021,-1.46851914498681,-1.65044279327657,-2.12770690254778
0.0503438446279748,4,999,3999,0.0546564814951339,0.0555272578633838,0.0568287851660362,0.0589760176334608,0.0631537696748764
0.982313600223381,4,1000,4000,1.17158633163568,1.21698205819178,1.29048471537319,1.42900915880187,1.77942507893927
